customer_id,first_name,last_name,email,region
1,Ramon,Aguinaldo,ramon.aguinaldo.1@example.com,Luzon
2,Gloria,Remulla,gloria.remulla.2@example.com,Luzon
3,Joel,Castillo,joel.castillo.3@example.com,Luzon
4,Loren,Villar,loren.villar.4@example.com,NCR
5,Pedro,Arroyo,pedro.arroyo.5@example.com,NCR
6,Isko,Revilla,isko.revilla.6@example.com,Luzon
7,Jinggoy,Perez,jinggoy.perez.7@example.com,Mindanao
8,Antonio,Magsaysay,antonio.magsaysay.8@example.com,Visayas
9,Migz,Pimentel,migz.pimentel.9@example.com,Visayas
10,Rodolfo,Sotto,rodolfo.sotto.10@example.com,Mindanao
11,Vico,Biazon,vico.biazon.11@example.com,Mindanao
12,JV,Pacquiao,jv.pacquiao.12@example.com,Visayas
13,Ferdinand,Quirino,ferdinand.quirino.13@example.com,NCR
14,Bongbong,Garcia,bongbong.garcia.14@example.com,Mindanao
15,Carlos,Dela Cruz,carlos.delacruz.15@example.com,Mindanao
16,Sara,Mabini,sara.mabini.16@example.com,Visayas
17,Sara,Biazon,sara.biazon.17@example.com,NCR
18,Rodolfo,Lopez,rodolfo.lopez.18@example.com,NCR
19,Abby,Castillo,abby.castillo.19@example.com,Mindanao
20,Ed,Reyes,ed.reyes.20@example.com,Luzon
21,Sherwin,Cruz,sherwin.cruz.21@example.com,Visayas
22,Vic,Arroyo,vic.arroyo.22@example.com,Mindanao
23,Juan,Revilla,juan.revilla.23@example.com,Visayas
24,Mario,Gatchalian,mario.gatchalian.24@example.com,Luzon
25,Joey,Lapid,joey.lapid.25@example.com,Luzon
26,Vic,Cayetano,vic.cayetano.26@example.com,Mindanao
27,Noli,Aquino,noli.aquino.27@example.com,NCR
28,Loren,Moreno,loren.moreno.28@example.com,Mindanao
29,Grace,Pangilinan,grace.pangilinan.29@example.com,NCR
30,Kiko,Lapid,kiko.lapid.30@example.com,NCR
31,Rex,Del Pilar,rex.delpilar.31@example.com,Visayas
32,Lito,Cayetano,lito.cayetano.32@example.com,Mindanao
33,Renato,Angara,renato.angara.33@example.com,NCR
34,Cory,Dela Cruz,cory.delacruz.34@example.com,Visayas
35,Grace,Revilla,grace.revilla.35@example.com,Mindanao
36,Dick,Silang,dick.silang.36@example.com,Visayas
37,Ferdinand,Zubiri,ferdinand.zubiri.37@example.com,NCR
38,Richard,Arroyo,richard.arroyo.38@example.com,Luzon
39,Rafael,Duterte,rafael.duterte.39@example.com,NCR
40,Romeo,Villar,romeo.villar.40@example.com,Visayas
41,Leila,Castro,leila.castro.41@example.com,NCR
42,Antonio,Padilla,antonio.padilla.42@example.com,Mindanao
43,Joel,Marcos,joel.marcos.43@example.com,Luzon
44,Rex,Pimentel,rex.pimentel.44@example.com,NCR
45,Jejomar,Duterte,jejomar.duterte.45@example.com,Mindanao
46,Alan,Flores,alan.flores.46@example.com,Mindanao
47,Grace,Aquino,grace.aquino.47@example.com,Visayas
48,JV,Mabini,jv.mabini.48@example.com,Mindanao
49,Joy,Luna,joy.luna.49@example.com,Visayas
50,Gloria,Bonifacio,gloria.bonifacio.50@example.com,NCR
51,Leni,Reyes,leni.reyes.51@example.com,Luzon
52,Romeo,Tan,romeo.tan.52@example.com,Mindanao
53,Lito,Tan,lito.tan.53@example.com,Visayas
54,Ruffy,Ejercito,ruffy.ejercito.54@example.com,Visayas
55,Noli,Magsaysay,noli.magsaysay.55@example.com,Visayas
56,Mario,Poe,mario.poe.56@example.com,Mindanao
57,Joel,Domingo,joel.domingo.57@example.com,Mindanao
58,Romeo,Aquino,romeo.aquino.58@example.com,NCR
59,Nancy,Aguinaldo,nancy.aguinaldo.59@example.com,Visayas
60,Panfilo,Castro,panfilo.castro.60@example.com,Mindanao
61,Teodoro,Osmena,teodoro.osmena.61@example.com,NCR
62,Bam,Hontiveros,bam.hontiveros.62@example.com,Visayas
63,Ralph,Ayala,ralph.ayala.63@example.com,Luzon
64,Richard,Pangilinan,richard.pangilinan.64@example.com,NCR
65,Tomas,Abalos,tomas.abalos.65@example.com,Mindanao
66,Leila,Honasan,leila.honasan.66@example.com,Visayas
67,Ed,Aquino,ed.aquino.67@example.com,Mindanao
68,Rex,Estrada,rex.estrada.68@example.com,Luzon
69,JV,Drilon,jv.drilon.69@example.com,Luzon
70,Rafael,Villanueva,rafael.villanueva.70@example.com,Luzon
71,Antonio,Abalos,antonio.abalos.71@example.com,NCR
72,Antonio,Drilon,antonio.drilon.72@example.com,Luzon
73,Jose,Trillanes,jose.trillanes.73@example.com,Mindanao
74,Danilo,Silang,danilo.silang.74@example.com,Luzon
75,Miguel,Quezon,miguel.quezon.75@example.com,NCR
76,Cynthia,Domingo,cynthia.domingo.76@example.com,NCR
77,Carlos,Poe,carlos.poe.77@example.com,NCR
78,Vico,Gonzales,vico.gonzales.78@example.com,Visayas
79,Mario,Pimentel,mario.pimentel.79@example.com,Mindanao
80,Romeo,Trillanes,romeo.trillanes.80@example.com,Luzon
81,Nancy,Legarda,nancy.legarda.81@example.com,Luzon
82,Arturo,Vargas,arturo.vargas.82@example.com,NCR
83,Ramon,Tolentino,ramon.tolentino.83@example.com,Visayas
84,Jinggoy,Trillanes,jinggoy.trillanes.84@example.com,Visayas
85,Mar,Gordon,mar.gordon.85@example.com,Luzon
86,Pedro,Osmena,pedro.osmena.86@example.com,NCR
87,Jojo,Santos,jojo.santos.87@example.com,Visayas
88,Fernando,Silang,fernando.silang.88@example.com,Visayas
89,Bongbong,Revilla,bongbong.revilla.89@example.com,Mindanao
90,Tito,Angara,tito.angara.90@example.com,Luzon
91,Fidel,Mendoza,fidel.mendoza.91@example.com,Visayas
92,Antonio,Pimentel,antonio.pimentel.92@example.com,Luzon
93,Koko,Hontiveros,koko.hontiveros.93@example.com,NCR
94,Fidel,Ayala,fidel.ayala.94@example.com,Luzon
95,Allan,Legarda,allan.legarda.95@example.com,NCR
96,Carlos,Villanueva,carlos.villanueva.96@example.com,Visayas
97,Danilo,Dela Cruz,danilo.delacruz.97@example.com,Mindanao
98,Danilo,Hontiveros,danilo.hontiveros.98@example.com,Visayas
99,Koko,Bonifacio,koko.bonifacio.99@example.com,Mindanao
100,Mar,Gatchalian,mar.gatchalian.100@example.com,Luzon
101,Manny,Pimentel,manny.pimentel.101@example.com,Visayas
102,Rafael,Castillo,rafael.castillo.102@example.com,NCR
103,Antonio,Angara,antonio.angara.103@example.com,NCR
104,Ferdinand,Abalos,ferdinand.abalos.104@example.com,NCR
105,Joey,Duterte,joey.duterte.105@example.com,NCR
106,Win,Reyes,win.reyes.106@example.com,NCR
107,Alan,Cayetano,alan.cayetano.107@example.com,Luzon
108,Rodolfo,Villanueva,rodolfo.villanueva.108@example.com,Mindanao
109,Ruffy,Quirino,ruffy.quirino.109@example.com,Luzon
110,Risa,Recto,risa.recto.110@example.com,Mindanao
111,Alan,Zubiri,alan.zubiri.111@example.com,Visayas
112,Pepe,Luna,pepe.luna.112@example.com,NCR
113,Panfilo,Honasan,panfilo.honasan.113@example.com,Mindanao
114,Renato,Legarda,renato.legarda.114@example.com,NCR
115,Imee,Ramos,imee.ramos.115@example.com,Luzon
116,Migz,Recto,migz.recto.116@example.com,NCR
117,Loren,Ocampo,loren.ocampo.117@example.com,Luzon
118,Benigno,Sy,benigno.sy.118@example.com,NCR
119,Vicente,Torres,vicente.torres.119@example.com,NCR
120,Ruben,Quirino,ruben.quirino.120@example.com,Visayas
121,Teodoro,Honasan,teodoro.honasan.121@example.com,Luzon
122,Richard,Gomez,richard.gomez.122@example.com,Luzon
123,Vicente,Lacson,vicente.lacson.123@example.com,Luzon
124,Danilo,Estrada,danilo.estrada.124@example.com,Visayas
125,Jejomar,Sotto,jejomar.sotto.125@example.com,Luzon
126,Renato,Padilla,renato.padilla.126@example.com,Luzon
127,Rex,Castro,rex.castro.127@example.com,Mindanao
128,Vico,Bonifacio,vico.bonifacio.128@example.com,NCR
129,Mario,Castillo,mario.castillo.129@example.com,NCR
130,Grace,Navarro,grace.navarro.130@example.com,Mindanao
131,Miguel,Ramos,miguel.ramos.131@example.com,NCR
132,Danilo,Bonifacio,danilo.bonifacio.132@example.com,Luzon
133,Renato,Rizal,renato.rizal.133@example.com,Mindanao
134,Joey,Gomez,joey.gomez.134@example.com,NCR
135,Sara,Recto,sara.recto.135@example.com,Visayas
136,Mar,Ramos,mar.ramos.136@example.com,Luzon
137,Robin,Del Pilar,robin.delpilar.137@example.com,Visayas
138,Sara,Fernandez,sara.fernandez.138@example.com,NCR
139,Bongbong,Macapagal,bongbong.macapagal.139@example.com,NCR
140,Leni,Honasan,leni.honasan.140@example.com,Visayas
141,Dick,Castro,dick.castro.141@example.com,Luzon
142,Loren,Magsaysay,loren.magsaysay.142@example.com,NCR
143,Grace,Mendoza,grace.mendoza.143@example.com,Visayas
144,Reynaldo,Torres,reynaldo.torres.144@example.com,Mindanao
145,Koko,Garcia,koko.garcia.145@example.com,NCR
146,Panfilo,Lacson,panfilo.lacson.146@example.com,Mindanao
147,Francis,Abalos,francis.abalos.147@example.com,Visayas
148,Joey,Drilon,joey.drilon.148@example.com,Luzon
149,Ralph,Osmena,ralph.osmena.149@example.com,NCR
150,Leni,Santos,leni.santos.150@example.com,Visayas
151,Rex,Duterte,rex.duterte.151@example.com,NCR
152,Fidel,Tan,fidel.tan.152@example.com,Visayas
153,Mar,Ocampo,mar.ocampo.153@example.com,Luzon
154,Benigno,Bautista,benigno.bautista.154@example.com,Luzon
155,Joel,Aguinaldo,joel.aguinaldo.155@example.com,Visayas
156,Ralph,Gatchalian,ralph.gatchalian.156@example.com,Luzon
157,Erap,Gordon,erap.gordon.157@example.com,Luzon
158,Vicente,Moreno,vicente.moreno.158@example.com,Visayas
159,Risa,Rizal,risa.rizal.159@example.com,Luzon
160,Martin,Villar,martin.villar.160@example.com,Mindanao
161,Jejomar,Lacson,jejomar.lacson.161@example.com,Mindanao
162,Pepe,Ocampo,pepe.ocampo.162@example.com,Mindanao
163,Gloria,Abalos,gloria.abalos.163@example.com,Luzon
164,Jinggoy,Robredo,jinggoy.robredo.164@example.com,NCR
165,Bam,Padilla,bam.padilla.165@example.com,Visayas
166,Pia,Mendoza,pia.mendoza.166@example.com,NCR
167,Kiko,Abalos,kiko.abalos.167@example.com,Luzon
168,Antonio,Estrada,antonio.estrada.168@example.com,Visayas
169,Pia,Belmonte,pia.belmonte.169@example.com,Luzon
170,Fernando,Recto,fernando.recto.170@example.com,Luzon
171,Richard,Cruz,richard.cruz.171@example.com,Luzon
172,Alan,Honasan,alan.honasan.172@example.com,NCR
173,Jinggoy,Ramos,jinggoy.ramos.173@example.com,NCR
174,Pia,Padilla,pia.padilla.174@example.com,Mindanao
175,Mark,Osmena,mark.osmena.175@example.com,NCR
176,Rodolfo,Navarro,rodolfo.navarro.176@example.com,Visayas
177,Grace,De Leon,grace.deleon.177@example.com,NCR
178,Imee,Osmena,imee.osmena.178@example.com,Luzon
179,Migz,Tan,migz.tan.179@example.com,Visayas
180,Renato,Castillo,renato.castillo.180@example.com,NCR
181,Sara,Luna,sara.luna.181@example.com,Visayas
182,Rafael,Ayala,rafael.ayala.182@example.com,Mindanao
183,Nancy,Binay,nancy.binay.183@example.com,NCR
184,Mark,Gordon,mark.gordon.184@example.com,Luzon
185,Joel,Pimentel,joel.pimentel.185@example.com,Mindanao
186,Martin,Padilla,martin.padilla.186@example.com,Mindanao
187,JV,Cruz,jv.cruz.187@example.com,Visayas
188,Cory,Perez,cory.perez.188@example.com,NCR
189,Jojo,Sy,jojo.sy.189@example.com,Luzon
190,Ernesto,Gomez,ernesto.gomez.190@example.com,NCR
191,Teodoro,Tulfo,teodoro.tulfo.191@example.com,Mindanao
192,Leni,Binay,leni.binay.192@example.com,Luzon
193,Jejomar,Cojuangco,jejomar.cojuangco.193@example.com,NCR
194,Teodoro,Marquez,teodoro.marquez.194@example.com,Mindanao
195,Isko,Gordon,isko.gordon.195@example.com,Mindanao
196,Joy,Tulfo,joy.tulfo.196@example.com,Luzon
197,Arturo,Gordon,arturo.gordon.197@example.com,NCR
198,Lito,Tolentino,lito.tolentino.198@example.com,Visayas
199,Joy,Reyes,joy.reyes.199@example.com,Mindanao
200,Pia,Silang,pia.silang.200@example.com,Visayas
201,Sherwin,Angara,sherwin.angara.201@example.com,Luzon
202,Jose,Castillo,jose.castillo.202@example.com,Visayas
203,Reynaldo,Cayetano,reynaldo.cayetano.203@example.com,Visayas
204,Kiko,Tan,kiko.tan.204@example.com,Mindanao
205,Tito,Cojuangco,tito.cojuangco.205@example.com,NCR
206,Leni,Del Pilar,leni.delpilar.206@example.com,NCR
207,Jejomar,Navarro,jejomar.navarro.207@example.com,Luzon
208,Francis,Robredo,francis.robredo.208@example.com,Visayas
209,Vic,Mabini,vic.mabini.209@example.com,Mindanao
210,Jejomar,Cruz,jejomar.cruz.210@example.com,Luzon
211,Vicente,Sotto,vicente.sotto.211@example.com,Mindanao
212,Gloria,Marquez,gloria.marquez.212@example.com,Luzon
213,Rodolfo,Ocampo,rodolfo.ocampo.213@example.com,Visayas
214,Joel,Honasan,joel.honasan.214@example.com,Mindanao
215,Arturo,Quirino,arturo.quirino.215@example.com,NCR
216,JV,Navarro,jv.navarro.216@example.com,Luzon
217,Danilo,Tulfo,danilo.tulfo.217@example.com,NCR
218,Fidel,Lacson,fidel.lacson.218@example.com,Visayas
219,Risa,Silang,risa.silang.219@example.com,Visayas
220,Danilo,Drilon,danilo.drilon.220@example.com,Visayas
221,Fidel,Villanueva,fidel.villanueva.221@example.com,Visayas
222,Imee,Pimentel,imee.pimentel.222@example.com,Mindanao
223,Joy,Garcia,joy.garcia.223@example.com,Luzon
224,Chiz,Vargas,chiz.vargas.224@example.com,Luzon
225,Miguel,Mabini,miguel.mabini.225@example.com,NCR
226,Koko,Tolentino,koko.tolentino.226@example.com,NCR
227,Panfilo,Duterte,panfilo.duterte.227@example.com,Luzon
228,Robin,Dela Cruz,robin.delacruz.228@example.com,Visayas
229,Mario,Roxas,mario.roxas.229@example.com,NCR
230,Kiko,Navarro,kiko.navarro.230@example.com,Visayas
231,Grace,Villanueva,grace.villanueva.231@example.com,Mindanao
232,Win,Drilon,win.drilon.232@example.com,Luzon
233,Ruben,Mabini,ruben.mabini.233@example.com,NCR
234,JV,Mendoza,jv.mendoza.234@example.com,Mindanao
235,Raffy,Santos,raffy.santos.235@example.com,Luzon
236,Rodolfo,Reyes,rodolfo.reyes.236@example.com,Luzon
237,Ralph,Marcos,ralph.marcos.237@example.com,Luzon
238,Gloria,Macapagal,gloria.macapagal.238@example.com,NCR
239,Vicente,Enrile,vicente.enrile.239@example.com,Luzon
240,Noli,Enrile,noli.enrile.240@example.com,NCR
241,Fernando,Villar,fernando.villar.241@example.com,Visayas
242,Win,Tulfo,win.tulfo.242@example.com,Luzon
243,Chiz,Gatchalian,chiz.gatchalian.243@example.com,Luzon
244,Sherwin,Marcos,sherwin.marcos.244@example.com,NCR
245,Vicente,Tulfo,vicente.tulfo.245@example.com,Visayas
246,Pepe,Lacson,pepe.lacson.246@example.com,NCR
247,Francis,Torres,francis.torres.247@example.com,Luzon
248,Jejomar,Dela Cruz,jejomar.delacruz.248@example.com,Visayas
249,Francis,Aquino,francis.aquino.249@example.com,Visayas
250,Jinggoy,Pacquiao,jinggoy.pacquiao.250@example.com,Mindanao
251,Arturo,Lopez,arturo.lopez.251@example.com,Mindanao
252,Benigno,Cojuangco,benigno.cojuangco.252@example.com,Luzon
253,Leila,Roxas,leila.roxas.253@example.com,NCR
254,Richard,Luna,richard.luna.254@example.com,NCR
255,Romeo,Belmonte,romeo.belmonte.255@example.com,Mindanao
256,Fidel,Cayetano,fidel.cayetano.256@example.com,Visayas
257,Rodolfo,Villar,rodolfo.villar.257@example.com,Luzon
258,Leni,Quezon,leni.quezon.258@example.com,Visayas
259,Antonio,Gokongwei,antonio.gokongwei.259@example.com,Visayas
260,Tito,Ejercito,tito.ejercito.260@example.com,Mindanao
261,Mark,Marquez,mark.marquez.261@example.com,NCR
262,Leila,Cayetano,leila.cayetano.262@example.com,Visayas
263,Jejomar,Tulfo,jejomar.tulfo.263@example.com,Visayas
264,Vicente,Abalos,vicente.abalos.264@example.com,Visayas
265,Romeo,Perez,romeo.perez.265@example.com,Luzon
266,Jojo,Dela Cruz,jojo.delacruz.266@example.com,NCR
267,Renato,Biazon,renato.biazon.267@example.com,Luzon
268,Mar,Marcos,mar.marcos.268@example.com,Visayas
269,Cory,Enrile,cory.enrile.269@example.com,NCR
270,Dick,Gatchalian,dick.gatchalian.270@example.com,NCR
271,Robin,Estrada,robin.estrada.271@example.com,Visayas
272,Chiz,Quezon,chiz.quezon.272@example.com,Mindanao
273,Romeo,Quezon,romeo.quezon.273@example.com,Visayas
274,Fernando,Padilla,fernando.padilla.274@example.com,Visayas
275,Rodolfo,Magsaysay,rodolfo.magsaysay.275@example.com,Luzon
276,Dick,Sotto,dick.sotto.276@example.com,Visayas
277,Isko,Tulfo,isko.tulfo.277@example.com,Luzon
278,Carlos,Lacson,carlos.lacson.278@example.com,NCR
279,Ferdinand,Ramos,ferdinand.ramos.279@example.com,Mindanao
280,JV,Hontiveros,jv.hontiveros.280@example.com,NCR
281,Danilo,Luna,danilo.luna.281@example.com,Visayas
282,Vic,Honasan,vic.honasan.282@example.com,Mindanao
283,Loren,Honasan,loren.honasan.283@example.com,Visayas
284,Cynthia,Sy,cynthia.sy.284@example.com,Luzon
285,Antonio,Aquino,antonio.aquino.285@example.com,NCR
286,Vico,Marquez,vico.marquez.286@example.com,Visayas
287,Cory,Gokongwei,cory.gokongwei.287@example.com,Visayas
288,Noli,Biazon,noli.biazon.288@example.com,Visayas
289,Leni,Zubiri,leni.zubiri.289@example.com,NCR
290,Leila,Quirino,leila.quirino.290@example.com,Luzon
291,Abby,Gordon,abby.gordon.291@example.com,NCR
292,Fernando,Gomez,fernando.gomez.292@example.com,NCR
293,Antonio,Ramos,antonio.ramos.293@example.com,Mindanao
294,Ralph,Pangilinan,ralph.pangilinan.294@example.com,Visayas
295,Ferdinand,Bautista,ferdinand.bautista.295@example.com,Visayas
296,Rafael,Ramos,rafael.ramos.296@example.com,NCR
297,Jojo,Enrile,jojo.enrile.297@example.com,Visayas
298,Loren,Luna,loren.luna.298@example.com,NCR
299,Abby,Gokongwei,abby.gokongwei.299@example.com,Visayas
300,Loren,Bonifacio,loren.bonifacio.300@example.com,NCR
301,Dick,Castillo,dick.castillo.301@example.com,Mindanao
302,Joey,Gordon,joey.gordon.302@example.com,Luzon
303,Romeo,Rizal,romeo.rizal.303@example.com,Mindanao
304,Raffy,Binay,raffy.binay.304@example.com,Visayas
305,Vic,Gomez,vic.gomez.305@example.com,Mindanao
306,Rodrigo,Sotto,rodrigo.sotto.306@example.com,Luzon
307,Rodrigo,Abalos,rodrigo.abalos.307@example.com,Visayas
308,Vicente,Gonzales,vicente.gonzales.308@example.com,Luzon
309,Fernando,Mendoza,fernando.mendoza.309@example.com,Luzon
310,Cory,Pimentel,cory.pimentel.310@example.com,NCR
311,Rodolfo,Biazon,rodolfo.biazon.311@example.com,NCR
312,Robin,Ayala,robin.ayala.312@example.com,Mindanao
313,Francis,Flores,francis.flores.313@example.com,Visayas
314,Ruffy,Fernandez,ruffy.fernandez.314@example.com,Mindanao
315,Ruben,Tolentino,ruben.tolentino.315@example.com,Mindanao
316,Noli,Legarda,noli.legarda.316@example.com,Luzon
317,Imee,Navarro,imee.navarro.317@example.com,Luzon
318,Juan,Trillanes,juan.trillanes.318@example.com,NCR
319,Miguel,Tulfo,miguel.tulfo.319@example.com,Visayas
320,Danilo,Gokongwei,danilo.gokongwei.320@example.com,Luzon
321,Win,Enrile,win.enrile.321@example.com,NCR
322,Sara,Gatchalian,sara.gatchalian.322@example.com,NCR
323,Juan,Vargas,juan.vargas.323@example.com,Mindanao
324,Vico,Santos,vico.santos.324@example.com,Visayas
325,Sonny,Pangilinan,sonny.pangilinan.325@example.com,Luzon
326,Panfilo,Moreno,panfilo.moreno.326@example.com,Mindanao
327,Jose,Dela Cruz,jose.delacruz.327@example.com,NCR
328,Romeo,Abalos,romeo.abalos.328@example.com,NCR
329,Raffy,De Leon,raffy.deleon.329@example.com,Mindanao
330,Martin,Trillanes,martin.trillanes.330@example.com,Visayas
331,Panfilo,Belmonte,panfilo.belmonte.331@example.com,Mindanao
332,Noli,Binay,noli.binay.332@example.com,Mindanao
333,Panfilo,Gatchalian,panfilo.gatchalian.333@example.com,Luzon
334,Jojo,Pimentel,jojo.pimentel.334@example.com,Luzon
335,Raffy,Duterte,raffy.duterte.335@example.com,Luzon
336,Nancy,Gordon,nancy.gordon.336@example.com,Luzon
337,Teodoro,Macapagal,teodoro.macapagal.337@example.com,Visayas
338,Jojo,Villar,jojo.villar.338@example.com,Mindanao
339,Win,Duterte,win.duterte.339@example.com,Luzon
340,Bam,Biazon,bam.biazon.340@example.com,NCR
341,Manny,Reyes,manny.reyes.341@example.com,Visayas
342,Sherwin,Castillo,sherwin.castillo.342@example.com,Mindanao
343,Ping,Enrile,ping.enrile.343@example.com,Luzon
344,Mark,Quezon,mark.quezon.344@example.com,Visayas
345,Sonny,Zubiri,sonny.zubiri.345@example.com,Visayas
346,Sonny,Dela Cruz,sonny.delacruz.346@example.com,Luzon
347,Antonio,Fernandez,antonio.fernandez.347@example.com,Visayas
348,Francis,Cruz,francis.cruz.348@example.com,Mindanao
349,Panfilo,Garcia,panfilo.garcia.349@example.com,Mindanao
350,Abby,Ramos,abby.ramos.350@example.com,Visayas
351,Robin,Aguinaldo,robin.aguinaldo.351@example.com,Luzon
352,Kiko,Villar,kiko.villar.352@example.com,Visayas
353,Reynaldo,Navarro,reynaldo.navarro.353@example.com,Visayas
354,Isko,Navarro,isko.navarro.354@example.com,Luzon
355,Martin,Sison,martin.sison.355@example.com,Mindanao
356,Risa,Navarro,risa.navarro.356@example.com,NCR
357,Isko,Sison,isko.sison.357@example.com,NCR
358,Antonio,Marquez,antonio.marquez.358@example.com,Visayas
359,Pia,Gokongwei,pia.gokongwei.359@example.com,Mindanao
360,Rex,Abalos,rex.abalos.360@example.com,Visayas
361,Vico,Tulfo,vico.tulfo.361@example.com,Mindanao
362,Dick,Trillanes,dick.trillanes.362@example.com,NCR
363,Gloria,Duterte,gloria.duterte.363@example.com,Visayas
364,Sonny,Gonzales,sonny.gonzales.364@example.com,Mindanao
365,Mario,De Leon,mario.deleon.365@example.com,Luzon
366,Tito,Villanueva,tito.villanueva.366@example.com,NCR
367,Juan,Villar,juan.villar.367@example.com,Visayas
368,Cynthia,Lacson,cynthia.lacson.368@example.com,NCR
369,Abby,Cojuangco,abby.cojuangco.369@example.com,NCR
370,Erap,Macapagal,erap.macapagal.370@example.com,Luzon
371,Sherwin,Quezon,sherwin.quezon.371@example.com,NCR
372,Carlos,Tulfo,carlos.tulfo.372@example.com,Luzon
373,Pedro,Padilla,pedro.padilla.373@example.com,Mindanao
374,Teodoro,Lapid,teodoro.lapid.374@example.com,NCR
375,Allan,Arroyo,allan.arroyo.375@example.com,NCR
376,Raffy,Fernandez,raffy.fernandez.376@example.com,NCR
377,Isko,Bonifacio,isko.bonifacio.377@example.com,Mindanao
378,Ferdinand,Macapagal,ferdinand.macapagal.378@example.com,NCR
379,Fidel,Padilla,fidel.padilla.379@example.com,Luzon
380,Grace,Legarda,grace.legarda.380@example.com,NCR
381,Pepe,Cruz,pepe.cruz.381@example.com,Visayas
382,Rex,Ocampo,rex.ocampo.382@example.com,Mindanao
383,Benigno,Poe,benigno.poe.383@example.com,Visayas
384,Pepe,Osmena,pepe.osmena.384@example.com,Mindanao
385,Raffy,Castillo,raffy.castillo.385@example.com,Luzon
386,Jose,Osmena,jose.osmena.386@example.com,NCR
387,Ed,Lacson,ed.lacson.387@example.com,NCR
388,Jejomar,Reyes,jejomar.reyes.388@example.com,Mindanao
389,Leila,Mendoza,leila.mendoza.389@example.com,Visayas
390,Vico,Abalos,vico.abalos.390@example.com,Luzon
391,Mark,Poe,mark.poe.391@example.com,Luzon
392,Chiz,Magsaysay,chiz.magsaysay.392@example.com,Luzon
393,Robin,Enrile,robin.enrile.393@example.com,Mindanao
394,Kiko,Recto,kiko.recto.394@example.com,Mindanao
395,Mar,Legarda,mar.legarda.395@example.com,Luzon
396,Alan,Pangilinan,alan.pangilinan.396@example.com,Luzon
397,Danilo,Gonzales,danilo.gonzales.397@example.com,NCR
398,Cynthia,Poe,cynthia.poe.398@example.com,NCR
399,Erap,Reyes,erap.reyes.399@example.com,NCR
400,Pedro,Marquez,pedro.marquez.400@example.com,Visayas
401,Vico,Magsaysay,vico.magsaysay.401@example.com,NCR
402,Teodoro,Torres,teodoro.torres.402@example.com,Mindanao
403,Jojo,Castillo,jojo.castillo.403@example.com,Mindanao
404,Mario,Dela Cruz,mario.delacruz.404@example.com,NCR
405,Bam,Aquino,bam.aquino.405@example.com,Luzon
406,Vico,Aguinaldo,vico.aguinaldo.406@example.com,NCR
407,Renato,Honasan,renato.honasan.407@example.com,Mindanao
408,Vicente,Vargas,vicente.vargas.408@example.com,NCR
409,JV,Sy,jv.sy.409@example.com,Mindanao
410,Gloria,Silang,gloria.silang.410@example.com,NCR
411,Antonio,Lopez,antonio.lopez.411@example.com,Visayas
412,Chiz,Marquez,chiz.marquez.412@example.com,Luzon
413,Fernando,Lapid,fernando.lapid.413@example.com,NCR
414,Mar,Quirino,mar.quirino.414@example.com,Mindanao
415,Risa,Hontiveros,risa.hontiveros.415@example.com,Luzon
416,Migz,Gatchalian,migz.gatchalian.416@example.com,Mindanao
417,Jejomar,Hontiveros,jejomar.hontiveros.417@example.com,Mindanao
418,Abby,Estrada,abby.estrada.418@example.com,Visayas
419,Francis,Dela Cruz,francis.delacruz.419@example.com,NCR
420,Juan,Tulfo,juan.tulfo.420@example.com,Luzon
421,Robin,Pimentel,robin.pimentel.421@example.com,Mindanao
422,Panfilo,Mendoza,panfilo.mendoza.422@example.com,Visayas
423,Sherwin,Ocampo,sherwin.ocampo.423@example.com,Visayas
424,Romeo,Ramos,romeo.ramos.424@example.com,Luzon
425,Rafael,Pimentel,rafael.pimentel.425@example.com,NCR
426,Tito,Osmena,tito.osmena.426@example.com,Visayas
427,Sherwin,Sotto,sherwin.sotto.427@example.com,NCR
428,Dick,Robredo,dick.robredo.428@example.com,Luzon
429,Rodrigo,Binay,rodrigo.binay.429@example.com,Luzon
430,Teodoro,Mabini,teodoro.mabini.430@example.com,Visayas
431,Mark,Biazon,mark.biazon.431@example.com,NCR
432,Noli,Roxas,noli.roxas.432@example.com,Visayas
433,Jejomar,Ayala,jejomar.ayala.433@example.com,NCR
434,Koko,Poe,koko.poe.434@example.com,Mindanao
435,Vico,Navarro,vico.navarro.435@example.com,Visayas
436,Pedro,Tulfo,pedro.tulfo.436@example.com,Luzon
437,Jejomar,Quirino,jejomar.quirino.437@example.com,Visayas
438,Manny,Tulfo,manny.tulfo.438@example.com,Visayas
439,Manny,Luna,manny.luna.439@example.com,NCR
440,Fidel,Santos,fidel.santos.440@example.com,NCR
441,Ruben,Domingo,ruben.domingo.441@example.com,Visayas
442,Lito,Gordon,lito.gordon.442@example.com,Mindanao
443,Vico,Legarda,vico.legarda.443@example.com,NCR
444,Loren,Pacquiao,loren.pacquiao.444@example.com,Visayas
445,Leila,Gomez,leila.gomez.445@example.com,Mindanao
446,Koko,Pacquiao,koko.pacquiao.446@example.com,Visayas
447,Jejomar,Robredo,jejomar.robredo.447@example.com,Visayas
448,Isko,Aguinaldo,isko.aguinaldo.448@example.com,Visayas
449,Cynthia,Tan,cynthia.tan.449@example.com,Luzon
450,Richard,Dela Cruz,richard.delacruz.450@example.com,NCR
451,Erap,Poe,erap.poe.451@example.com,Luzon
452,Jejomar,Tan,jejomar.tan.452@example.com,Mindanao
453,Kiko,Ocampo,kiko.ocampo.453@example.com,NCR
454,Lito,Hontiveros,lito.hontiveros.454@example.com,Visayas
455,Marcelino,Cayetano,marcelino.cayetano.455@example.com,Luzon
456,Rafael,Hontiveros,rafael.hontiveros.456@example.com,Luzon
457,Raffy,Tan,raffy.tan.457@example.com,NCR
458,Arturo,Villanueva,arturo.villanueva.458@example.com,Visayas
459,Jinggoy,Castillo,jinggoy.castillo.459@example.com,Visayas
460,Bam,Rizal,bam.rizal.460@example.com,NCR
461,Benigno,Rizal,benigno.rizal.461@example.com,Visayas
462,Rodolfo,Quezon,rodolfo.quezon.462@example.com,Luzon
463,Koko,Remulla,koko.remulla.463@example.com,Visayas
464,Sara,Ocampo,sara.ocampo.464@example.com,Mindanao
465,Win,Recto,win.recto.465@example.com,Visayas
466,Risa,Robredo,risa.robredo.466@example.com,Mindanao
467,Imee,Perez,imee.perez.467@example.com,Visayas
468,Rodolfo,Enrile,rodolfo.enrile.468@example.com,Mindanao
469,Tomas,Castro,tomas.castro.469@example.com,Luzon
470,Tomas,Villar,tomas.villar.470@example.com,NCR
471,Erap,Belmonte,erap.belmonte.471@example.com,Luzon
472,Martin,Binay,martin.binay.472@example.com,Luzon
473,Imee,Marquez,imee.marquez.473@example.com,NCR
474,Jejomar,Quezon,jejomar.quezon.474@example.com,Luzon
475,Romeo,Cojuangco,romeo.cojuangco.475@example.com,Visayas
476,Mario,Padilla,mario.padilla.476@example.com,NCR
477,Vic,Garcia,vic.garcia.477@example.com,Mindanao
478,Ramon,Macapagal,ramon.macapagal.478@example.com,NCR
479,Lito,Luna,lito.luna.479@example.com,Mindanao
480,Reynaldo,Pacquiao,reynaldo.pacquiao.480@example.com,Mindanao
481,Francis,Mendoza,francis.mendoza.481@example.com,Luzon
482,Ralph,Enrile,ralph.enrile.482@example.com,Luzon
483,Jinggoy,Padilla,jinggoy.padilla.483@example.com,NCR
484,Lito,Ramos,lito.ramos.484@example.com,NCR
485,Panfilo,Arroyo,panfilo.arroyo.485@example.com,NCR
486,Erap,Biazon,erap.biazon.486@example.com,Luzon
487,Leni,Magsaysay,leni.magsaysay.487@example.com,Mindanao
488,Ed,Santos,ed.santos.488@example.com,Luzon
489,Benigno,Lacson,benigno.lacson.489@example.com,Luzon
490,Danilo,Santos,danilo.santos.490@example.com,NCR
491,Koko,Del Pilar,koko.delpilar.491@example.com,Mindanao
492,Gloria,Revilla,gloria.revilla.492@example.com,NCR
493,Fernando,Osmena,fernando.osmena.493@example.com,Luzon
494,Bongbong,Ocampo,bongbong.ocampo.494@example.com,Mindanao
495,Jose,Ocampo,jose.ocampo.495@example.com,Mindanao
496,Ed,Bonifacio,ed.bonifacio.496@example.com,Visayas
497,Leni,Bautista,leni.bautista.497@example.com,Visayas
498,Panfilo,Aguinaldo,panfilo.aguinaldo.498@example.com,Mindanao
499,Jinggoy,Gordon,jinggoy.gordon.499@example.com,Luzon
500,Win,Arroyo,win.arroyo.500@example.com,Luzon
501,Allan,Cayetano,allan.cayetano.501@example.com,NCR
502,Fernando,Dela Cruz,fernando.delacruz.502@example.com,Luzon
503,Panfilo,Tolentino,panfilo.tolentino.503@example.com,NCR
504,Ferdinand,Garcia,ferdinand.garcia.504@example.com,NCR
505,Leni,Gomez,leni.gomez.505@example.com,Visayas
506,Bam,Cruz,bam.cruz.506@example.com,NCR
507,Win,Sy,win.sy.507@example.com,Mindanao
508,Vico,Castro,vico.castro.508@example.com,Luzon
509,Pedro,Drilon,pedro.drilon.509@example.com,Visayas
510,Martin,Arroyo,martin.arroyo.510@example.com,Luzon
511,Cynthia,Rizal,cynthia.rizal.511@example.com,NCR
512,Joy,Lopez,joy.lopez.512@example.com,Visayas
513,Ramon,Mabini,ramon.mabini.513@example.com,Mindanao
514,Ralph,Abalos,ralph.abalos.514@example.com,Mindanao
515,Tito,Cruz,tito.cruz.515@example.com,Luzon
516,Loren,Cayetano,loren.cayetano.516@example.com,Visayas
517,Richard,Santos,richard.santos.517@example.com,Visayas
518,Vic,Abalos,vic.abalos.518@example.com,Mindanao
519,Cory,Lapid,cory.lapid.519@example.com,Luzon
520,Rex,Belmonte,rex.belmonte.520@example.com,Luzon
521,Erap,Marquez,erap.marquez.521@example.com,NCR
522,Joey,Dela Cruz,joey.delacruz.522@example.com,Mindanao
523,Raffy,Pacquiao,raffy.pacquiao.523@example.com,Luzon
524,Jinggoy,Gomez,jinggoy.gomez.524@example.com,Visayas
525,Joey,Aquino,joey.aquino.525@example.com,Mindanao
526,Bongbong,Mabini,bongbong.mabini.526@example.com,NCR
527,Imee,Binay,imee.binay.527@example.com,Luzon
528,Ramon,Garcia,ramon.garcia.528@example.com,NCR
529,Antonio,Castillo,antonio.castillo.529@example.com,Luzon
530,Koko,Magsaysay,koko.magsaysay.530@example.com,Visayas
531,Gloria,Roxas,gloria.roxas.531@example.com,Mindanao
532,Teodoro,Gomez,teodoro.gomez.532@example.com,Visayas
533,Jojo,Belmonte,jojo.belmonte.533@example.com,Visayas
534,Sonny,Duterte,sonny.duterte.534@example.com,Visayas
535,Ed,Lopez,ed.lopez.535@example.com,Visayas
536,Migz,Revilla,migz.revilla.536@example.com,NCR
537,Raffy,Ayala,raffy.ayala.537@example.com,Luzon
538,Pedro,Lapid,pedro.lapid.538@example.com,Visayas
539,Pia,Santos,pia.santos.539@example.com,NCR
540,Leni,Roxas,leni.roxas.540@example.com,Luzon
541,Abby,Fernandez,abby.fernandez.541@example.com,Luzon
542,Gloria,De Leon,gloria.deleon.542@example.com,Luzon
543,Renato,Pimentel,renato.pimentel.543@example.com,NCR
544,Lito,De Leon,lito.deleon.544@example.com,Visayas
545,Vicente,Ayala,vicente.ayala.545@example.com,Luzon
546,Danilo,Angara,danilo.angara.546@example.com,Visayas
547,Abby,Gatchalian,abby.gatchalian.547@example.com,Mindanao
548,Tito,Del Pilar,tito.delpilar.548@example.com,NCR
549,Rodolfo,Honasan,rodolfo.honasan.549@example.com,Mindanao
550,Allan,Tan,allan.tan.550@example.com,Mindanao
551,Joel,Santos,joel.santos.551@example.com,Visayas
552,Alan,Moreno,alan.moreno.552@example.com,NCR
553,Jojo,Zubiri,jojo.zubiri.553@example.com,NCR
554,Cory,Tan,cory.tan.554@example.com,Luzon
555,Nancy,Trillanes,nancy.trillanes.555@example.com,Luzon
556,Koko,Abalos,koko.abalos.556@example.com,Visayas
557,Renato,Ocampo,renato.ocampo.557@example.com,Visayas
558,Bongbong,Abalos,bongbong.abalos.558@example.com,Visayas
559,Sara,Trillanes,sara.trillanes.559@example.com,Luzon
560,Panfilo,Ocampo,panfilo.ocampo.560@example.com,Visayas
561,Danilo,Macapagal,danilo.macapagal.561@example.com,NCR
562,Abby,Perez,abby.perez.562@example.com,Visayas
563,Danilo,Binay,danilo.binay.563@example.com,Luzon
564,Ferdinand,Duterte,ferdinand.duterte.564@example.com,Mindanao
565,Vic,Zubiri,vic.zubiri.565@example.com,Visayas
566,Pepe,Gokongwei,pepe.gokongwei.566@example.com,Luzon
567,Pedro,Macapagal,pedro.macapagal.567@example.com,Visayas
568,Rodrigo,Recto,rodrigo.recto.568@example.com,Visayas
569,Allan,Abalos,allan.abalos.569@example.com,Visayas
570,Allan,Fernandez,allan.fernandez.570@example.com,Luzon
571,Ernesto,Bautista,ernesto.bautista.571@example.com,Luzon
572,Joel,Gokongwei,joel.gokongwei.572@example.com,Mindanao
573,Nancy,Drilon,nancy.drilon.573@example.com,Luzon
574,Jose,Marquez,jose.marquez.574@example.com,Visayas
575,Bongbong,Binay,bongbong.binay.575@example.com,Mindanao
576,Rodolfo,Remulla,rodolfo.remulla.576@example.com,Luzon
577,Dick,Marcos,dick.marcos.577@example.com,NCR
578,Chiz,Lopez,chiz.lopez.578@example.com,Mindanao
579,Ferdinand,Revilla,ferdinand.revilla.579@example.com,Visayas
580,Migz,Magsaysay,migz.magsaysay.580@example.com,Visayas
581,Erap,Cruz,erap.cruz.581@example.com,Luzon
582,Mar,Bautista,mar.bautista.582@example.com,Visayas
583,Antonio,Arroyo,antonio.arroyo.583@example.com,Luzon
584,Martin,Duterte,martin.duterte.584@example.com,Visayas
585,Bam,Gordon,bam.gordon.585@example.com,NCR
586,Ramon,Perez,ramon.perez.586@example.com,Luzon
587,Mario,Abalos,mario.abalos.587@example.com,NCR
588,Gloria,Osmena,gloria.osmena.588@example.com,Visayas
589,Rodolfo,Abalos,rodolfo.abalos.589@example.com,Luzon
590,Panfilo,Vargas,panfilo.vargas.590@example.com,NCR
591,Jose,Marcos,jose.marcos.591@example.com,Mindanao
592,Grace,Aguinaldo,grace.aguinaldo.592@example.com,Mindanao
593,Noli,Vargas,noli.vargas.593@example.com,Mindanao
594,Bam,Domingo,bam.domingo.594@example.com,NCR
595,Carlos,Estrada,carlos.estrada.595@example.com,Luzon
596,Isko,Flores,isko.flores.596@example.com,Mindanao
597,Arturo,Garcia,arturo.garcia.597@example.com,Luzon
598,Isko,Cojuangco,isko.cojuangco.598@example.com,Luzon
599,Erap,Osmena,erap.osmena.599@example.com,Mindanao
600,Tomas,Flores,tomas.flores.600@example.com,Visayas
601,Benigno,Robredo,benigno.robredo.601@example.com,Visayas
602,Raffy,Robredo,raffy.robredo.602@example.com,NCR
603,Jinggoy,Cojuangco,jinggoy.cojuangco.603@example.com,Luzon
604,Allan,Bonifacio,allan.bonifacio.604@example.com,Mindanao
605,Rafael,Rizal,rafael.rizal.605@example.com,Mindanao
606,Tomas,Fernandez,tomas.fernandez.606@example.com,Mindanao
607,Mark,Sotto,mark.sotto.607@example.com,NCR
608,Martin,Navarro,martin.navarro.608@example.com,NCR
609,Rafael,Lopez,rafael.lopez.609@example.com,NCR
610,Cynthia,Torres,cynthia.torres.610@example.com,Visayas
611,Pedro,Pacquiao,pedro.pacquiao.611@example.com,NCR
612,Manny,De Leon,manny.deleon.612@example.com,Luzon
613,Isko,Biazon,isko.biazon.613@example.com,NCR
614,JV,Gonzales,jv.gonzales.614@example.com,Luzon
615,Ping,Padilla,ping.padilla.615@example.com,NCR
616,Risa,Reyes,risa.reyes.616@example.com,NCR
617,Joel,Sotto,joel.sotto.617@example.com,NCR
618,JV,Gordon,jv.gordon.618@example.com,Luzon
619,Vicente,Ocampo,vicente.ocampo.619@example.com,NCR
620,Sonny,Pimentel,sonny.pimentel.620@example.com,Visayas
621,Lito,Legarda,lito.legarda.621@example.com,NCR
622,Chiz,Perez,chiz.perez.622@example.com,NCR
623,Mar,Estrada,mar.estrada.623@example.com,Luzon
624,Bam,Gonzales,bam.gonzales.624@example.com,Mindanao
625,Leila,Del Pilar,leila.delpilar.625@example.com,Visayas
626,Miguel,Marquez,miguel.marquez.626@example.com,NCR
627,Jinggoy,Ocampo,jinggoy.ocampo.627@example.com,Visayas
628,Ruffy,Cruz,ruffy.cruz.628@example.com,NCR
629,Cory,Marcos,cory.marcos.629@example.com,Visayas
630,Ferdinand,Pimentel,ferdinand.pimentel.630@example.com,Luzon
631,Jose,Gordon,jose.gordon.631@example.com,Luzon
632,Jose,Silang,jose.silang.632@example.com,Mindanao
633,Sherwin,Perez,sherwin.perez.633@example.com,NCR
634,Noli,Honasan,noli.honasan.634@example.com,NCR
635,Fidel,Gonzales,fidel.gonzales.635@example.com,Luzon
636,Ralph,De Leon,ralph.deleon.636@example.com,Visayas
637,Mar,Castillo,mar.castillo.637@example.com,Luzon
638,Miguel,Cruz,miguel.cruz.638@example.com,Mindanao
639,Panfilo,Drilon,panfilo.drilon.639@example.com,Luzon
640,Alan,De Leon,alan.deleon.640@example.com,Mindanao
641,Romeo,Enrile,romeo.enrile.641@example.com,Luzon
642,Risa,Estrada,risa.estrada.642@example.com,Visayas
643,Win,Pimentel,win.pimentel.643@example.com,Mindanao
644,Pedro,Flores,pedro.flores.644@example.com,Visayas
645,Sara,Aquino,sara.aquino.645@example.com,Visayas
646,Rafael,Ejercito,rafael.ejercito.646@example.com,NCR
647,Mark,Flores,mark.flores.647@example.com,Mindanao
648,Risa,Castro,risa.castro.648@example.com,Visayas
649,Vico,Sotto,vico.sotto.649@example.com,Visayas
650,JV,Pangilinan,jv.pangilinan.650@example.com,NCR
651,Robin,Gomez,robin.gomez.651@example.com,Luzon
652,Leni,Belmonte,leni.belmonte.652@example.com,Mindanao
653,Sonny,Tulfo,sonny.tulfo.653@example.com,NCR
654,Raffy,Magsaysay,raffy.magsaysay.654@example.com,Visayas
655,Pia,Ayala,pia.ayala.655@example.com,Luzon
656,Teodoro,Quezon,teodoro.quezon.656@example.com,NCR
657,Jojo,Lopez,jojo.lopez.657@example.com,NCR
658,Carlos,Hontiveros,carlos.hontiveros.658@example.com,Visayas
659,Mario,Sison,mario.sison.659@example.com,Luzon
660,Win,Pacquiao,win.pacquiao.660@example.com,Mindanao
661,Tomas,Roxas,tomas.roxas.661@example.com,Visayas
662,Teodoro,Cruz,teodoro.cruz.662@example.com,Visayas
663,Renato,Villanueva,renato.villanueva.663@example.com,Visayas
664,Marcelino,Flores,marcelino.flores.664@example.com,Luzon
665,Sherwin,Roxas,sherwin.roxas.665@example.com,Luzon
666,Rodrigo,Macapagal,rodrigo.macapagal.666@example.com,Luzon
667,Tomas,Garcia,tomas.garcia.667@example.com,Mindanao
668,Allan,Roxas,allan.roxas.668@example.com,Luzon
669,Vic,Perez,vic.perez.669@example.com,Luzon
670,Richard,Cojuangco,richard.cojuangco.670@example.com,NCR
671,Vicente,Recto,vicente.recto.671@example.com,Visayas
672,Kiko,Robredo,kiko.robredo.672@example.com,Mindanao
673,Leila,Angara,leila.angara.673@example.com,Visayas
674,Tito,Enrile,tito.enrile.674@example.com,Visayas
675,Sherwin,Trillanes,sherwin.trillanes.675@example.com,Visayas
676,Gloria,Santos,gloria.santos.676@example.com,Luzon
677,Joel,Lopez,joel.lopez.677@example.com,Luzon
678,Lito,Macapagal,lito.macapagal.678@example.com,Visayas
679,Carlos,Pacquiao,carlos.pacquiao.679@example.com,NCR
680,Jose,Mendoza,jose.mendoza.680@example.com,Visayas
681,Sara,Quirino,sara.quirino.681@example.com,Mindanao
682,Vico,Angara,vico.angara.682@example.com,Visayas
683,Joel,Zubiri,joel.zubiri.683@example.com,Mindanao
684,Bongbong,Belmonte,bongbong.belmonte.684@example.com,Mindanao
685,Robin,Pangilinan,robin.pangilinan.685@example.com,NCR
686,Fidel,Ramos,fidel.ramos.686@example.com,Visayas
687,Mario,Quirino,mario.quirino.687@example.com,Visayas
688,Martin,Angara,martin.angara.688@example.com,NCR
689,Sonny,Vargas,sonny.vargas.689@example.com,NCR
690,Sara,Sison,sara.sison.690@example.com,Luzon
691,Panfilo,Torres,panfilo.torres.691@example.com,Mindanao
692,Teodoro,Padilla,teodoro.padilla.692@example.com,Visayas
693,Cory,De Leon,cory.deleon.693@example.com,Visayas
694,Sonny,Castillo,sonny.castillo.694@example.com,Mindanao
695,Sara,Ramos,sara.ramos.695@example.com,Visayas
696,Leni,Tulfo,leni.tulfo.696@example.com,NCR
697,Win,Padilla,win.padilla.697@example.com,Visayas
698,Risa,Marquez,risa.marquez.698@example.com,NCR
699,Teodoro,Sotto,teodoro.sotto.699@example.com,Visayas
700,Sonny,Estrada,sonny.estrada.700@example.com,Visayas
701,Abby,Legarda,abby.legarda.701@example.com,Luzon
702,Ruffy,Castro,ruffy.castro.702@example.com,Visayas
703,Ruffy,Moreno,ruffy.moreno.703@example.com,Mindanao
704,Tito,Cayetano,tito.cayetano.704@example.com,NCR
705,Ruffy,Luna,ruffy.luna.705@example.com,Luzon
706,Manny,Belmonte,manny.belmonte.706@example.com,Mindanao
707,Isko,Quezon,isko.quezon.707@example.com,Mindanao
708,Isko,Sotto,isko.sotto.708@example.com,Mindanao
709,Miguel,Remulla,miguel.remulla.709@example.com,Mindanao
710,Carlos,Santos,carlos.santos.710@example.com,Mindanao
711,Bongbong,Trillanes,bongbong.trillanes.711@example.com,Visayas
712,Pia,Roxas,pia.roxas.712@example.com,Visayas
713,Risa,Macapagal,risa.macapagal.713@example.com,Visayas
714,Antonio,Villanueva,antonio.villanueva.714@example.com,NCR
715,Loren,Rizal,loren.rizal.715@example.com,NCR
716,Pia,Reyes,pia.reyes.716@example.com,Mindanao
717,Ruben,Mendoza,ruben.mendoza.717@example.com,NCR
718,Arturo,Gokongwei,arturo.gokongwei.718@example.com,Luzon
719,Bam,Lacson,bam.lacson.719@example.com,NCR
720,Alan,Remulla,alan.remulla.720@example.com,NCR
721,Sara,Lacson,sara.lacson.721@example.com,Mindanao
722,Sara,Reyes,sara.reyes.722@example.com,NCR
723,Vic,Ayala,vic.ayala.723@example.com,Visayas
724,Vico,Padilla,vico.padilla.724@example.com,NCR
725,Koko,Marcos,koko.marcos.725@example.com,NCR
726,Miguel,Villanueva,miguel.villanueva.726@example.com,Mindanao
727,Sherwin,Bonifacio,sherwin.bonifacio.727@example.com,Luzon
728,Miguel,Flores,miguel.flores.728@example.com,Mindanao
729,Risa,Gomez,risa.gomez.729@example.com,NCR
730,Ferdinand,Fernandez,ferdinand.fernandez.730@example.com,Luzon
731,Leni,Castro,leni.castro.731@example.com,Mindanao
732,Ed,Revilla,ed.revilla.732@example.com,NCR
733,Mario,Gordon,mario.gordon.733@example.com,Mindanao
734,Rodrigo,Lacson,rodrigo.lacson.734@example.com,NCR
735,Pepe,Binay,pepe.binay.735@example.com,Visayas
736,Jojo,Gonzales,jojo.gonzales.736@example.com,Luzon
737,Sonny,Villar,sonny.villar.737@example.com,NCR
738,Ed,De Leon,ed.deleon.738@example.com,Mindanao
739,Noli,Rizal,noli.rizal.739@example.com,Visayas
740,Gloria,Honasan,gloria.honasan.740@example.com,Mindanao
741,Renato,Recto,renato.recto.741@example.com,Luzon
742,Loren,Villanueva,loren.villanueva.742@example.com,NCR
743,Chiz,Castillo,chiz.castillo.743@example.com,Visayas
744,Carlos,Navarro,carlos.navarro.744@example.com,Visayas
745,Bongbong,Pimentel,bongbong.pimentel.745@example.com,Mindanao
746,Vic,De Leon,vic.deleon.746@example.com,Mindanao
747,Sonny,Roxas,sonny.roxas.747@example.com,Visayas
748,Pia,Cruz,pia.cruz.748@example.com,Visayas
749,Pepe,Castro,pepe.castro.749@example.com,NCR
750,Gloria,Dela Cruz,gloria.delacruz.750@example.com,Luzon
751,Mario,Trillanes,mario.trillanes.751@example.com,Visayas
752,Loren,Binay,loren.binay.752@example.com,NCR
753,Raffy,Aquino,raffy.aquino.753@example.com,Luzon
754,Vic,Vargas,vic.vargas.754@example.com,Luzon
755,Juan,Lopez,juan.lopez.755@example.com,Mindanao
756,Leila,Marquez,leila.marquez.756@example.com,Visayas
757,Leila,De Leon,leila.deleon.757@example.com,Luzon
758,Allan,Torres,allan.torres.758@example.com,Visayas
759,Danilo,Recto,danilo.recto.759@example.com,Mindanao
760,Noli,Luna,noli.luna.760@example.com,Luzon
761,Joel,Poe,joel.poe.761@example.com,Mindanao
762,Cory,Moreno,cory.moreno.762@example.com,Visayas
763,Allan,Garcia,allan.garcia.763@example.com,NCR
764,Sonny,Navarro,sonny.navarro.764@example.com,Luzon
765,Ruffy,Rizal,ruffy.rizal.765@example.com,Mindanao
766,Mar,Magsaysay,mar.magsaysay.766@example.com,NCR
767,Alan,Lacson,alan.lacson.767@example.com,NCR
768,JV,Lopez,jv.lopez.768@example.com,Luzon
769,Mario,Marquez,mario.marquez.769@example.com,Luzon
770,Martin,Tolentino,martin.tolentino.770@example.com,Mindanao
771,Fidel,Gomez,fidel.gomez.771@example.com,Mindanao
772,Robin,Reyes,robin.reyes.772@example.com,Visayas
773,Danilo,Magsaysay,danilo.magsaysay.773@example.com,Visayas
774,Jojo,Perez,jojo.perez.774@example.com,Mindanao
775,Mar,Sy,mar.sy.775@example.com,NCR
776,Ramon,Zubiri,ramon.zubiri.776@example.com,NCR
777,Rodrigo,Domingo,rodrigo.domingo.777@example.com,Visayas
778,Ed,Ramos,ed.ramos.778@example.com,Mindanao
779,Erap,Santos,erap.santos.779@example.com,Visayas
780,Francis,Biazon,francis.biazon.780@example.com,Visayas
781,Jinggoy,Rizal,jinggoy.rizal.781@example.com,NCR
782,Joey,Bautista,joey.bautista.782@example.com,Mindanao
783,Panfilo,Legarda,panfilo.legarda.783@example.com,NCR
784,Miguel,Quirino,miguel.quirino.784@example.com,Mindanao
785,Koko,Fernandez,koko.fernandez.785@example.com,Luzon
786,Renato,Gomez,renato.gomez.786@example.com,NCR
787,Risa,Castillo,risa.castillo.787@example.com,Visayas
788,Vic,Biazon,vic.biazon.788@example.com,Mindanao
789,Ruben,Poe,ruben.poe.789@example.com,NCR
790,Leila,Pacquiao,leila.pacquiao.790@example.com,NCR
791,Jejomar,Vargas,jejomar.vargas.791@example.com,Luzon
792,Richard,Lopez,richard.lopez.792@example.com,Visayas
793,Sherwin,Gonzales,sherwin.gonzales.793@example.com,Luzon
794,Romeo,Bautista,romeo.bautista.794@example.com,Luzon
795,Rex,Luna,rex.luna.795@example.com,Visayas
796,Mark,Belmonte,mark.belmonte.796@example.com,Visayas
797,JV,Bautista,jv.bautista.797@example.com,Mindanao
798,Chiz,Revilla,chiz.revilla.798@example.com,Visayas
799,Ferdinand,Mabini,ferdinand.mabini.799@example.com,NCR
800,Rex,Marquez,rex.marquez.800@example.com,Mindanao
801,Joy,Villanueva,joy.villanueva.801@example.com,Luzon
802,Vicente,Garcia,vicente.garcia.802@example.com,Luzon
803,Reynaldo,Ramos,reynaldo.ramos.803@example.com,Luzon
804,Rodrigo,Legarda,rodrigo.legarda.804@example.com,Mindanao
805,Ruffy,Marquez,ruffy.marquez.805@example.com,Visayas
806,Ruffy,Trillanes,ruffy.trillanes.806@example.com,Luzon
807,Benigno,Ejercito,benigno.ejercito.807@example.com,Luzon
808,Ralph,Sotto,ralph.sotto.808@example.com,Mindanao
809,Miguel,Tan,miguel.tan.809@example.com,Mindanao
810,Tito,Mendoza,tito.mendoza.810@example.com,Mindanao
811,Marcelino,Quirino,marcelino.quirino.811@example.com,Luzon
812,Martin,Honasan,martin.honasan.812@example.com,Mindanao
813,Sonny,Villanueva,sonny.villanueva.813@example.com,Mindanao
814,Pia,Pangilinan,pia.pangilinan.814@example.com,NCR
815,Ed,Zubiri,ed.zubiri.815@example.com,Luzon
816,Tomas,Lopez,tomas.lopez.816@example.com,Visayas
817,Cory,Lacson,cory.lacson.817@example.com,Mindanao
818,Allan,Sison,allan.sison.818@example.com,Luzon
819,Teodoro,Belmonte,teodoro.belmonte.819@example.com,NCR
820,Mar,Roxas,mar.roxas.820@example.com,Visayas
821,Ralph,Perez,ralph.perez.821@example.com,Mindanao
822,Joy,Dela Cruz,joy.delacruz.822@example.com,Mindanao
823,Fernando,Sotto,fernando.sotto.823@example.com,Luzon
824,Bam,Mendoza,bam.mendoza.824@example.com,NCR
825,Juan,Macapagal,juan.macapagal.825@example.com,Visayas
826,Rodrigo,Fernandez,rodrigo.fernandez.826@example.com,NCR
827,Miguel,Gatchalian,miguel.gatchalian.827@example.com,Mindanao
828,Sara,Arroyo,sara.arroyo.828@example.com,Mindanao
829,Erap,Tulfo,erap.tulfo.829@example.com,Mindanao
830,Mar,Robredo,mar.robredo.830@example.com,Visayas
831,Rafael,Poe,rafael.poe.831@example.com,Luzon
832,Vic,Mendoza,vic.mendoza.832@example.com,Luzon
833,Vicente,Dela Cruz,vicente.delacruz.833@example.com,Luzon
834,Mark,Mendoza,mark.mendoza.834@example.com,Visayas
835,Ed,Dela Cruz,ed.delacruz.835@example.com,NCR
836,Alan,Silang,alan.silang.836@example.com,Luzon
837,Ernesto,Mendoza,ernesto.mendoza.837@example.com,NCR
838,Cynthia,Hontiveros,cynthia.hontiveros.838@example.com,Visayas
839,Migz,Osmena,migz.osmena.839@example.com,Mindanao
840,Kiko,Marquez,kiko.marquez.840@example.com,Visayas
841,Abby,Domingo,abby.domingo.841@example.com,Mindanao
842,Isko,Ejercito,isko.ejercito.842@example.com,Mindanao
843,Richard,Torres,richard.torres.843@example.com,Luzon
844,JV,Osmena,jv.osmena.844@example.com,Visayas
845,Jinggoy,Villanueva,jinggoy.villanueva.845@example.com,NCR
846,Ernesto,Recto,ernesto.recto.846@example.com,Mindanao
847,Rafael,Trillanes,rafael.trillanes.847@example.com,Luzon
848,Richard,Angara,richard.angara.848@example.com,Visayas
849,Richard,Quezon,richard.quezon.849@example.com,NCR
850,Marcelino,Ramos,marcelino.ramos.850@example.com,Mindanao
851,Sonny,Recto,sonny.recto.851@example.com,NCR
852,Tomas,Tulfo,tomas.tulfo.852@example.com,Mindanao
853,Mar,Binay,mar.binay.853@example.com,Visayas
854,Tito,Pacquiao,tito.pacquiao.854@example.com,NCR
855,Antonio,Gatchalian,antonio.gatchalian.855@example.com,NCR
856,Francis,Belmonte,francis.belmonte.856@example.com,Mindanao
857,Tomas,Dela Cruz,tomas.delacruz.857@example.com,Mindanao
858,Sherwin,Remulla,sherwin.remulla.858@example.com,Luzon
859,Loren,Enrile,loren.enrile.859@example.com,Visayas
860,Gloria,Lacson,gloria.lacson.860@example.com,Visayas
861,Grace,Bonifacio,grace.bonifacio.861@example.com,NCR
862,Migz,Pacquiao,migz.pacquiao.862@example.com,Visayas
863,Koko,Sison,koko.sison.863@example.com,Mindanao
864,Gloria,Mabini,gloria.mabini.864@example.com,Luzon
865,Jojo,Navarro,jojo.navarro.865@example.com,Luzon
866,Risa,Gatchalian,risa.gatchalian.866@example.com,Luzon
867,Lito,Robredo,lito.robredo.867@example.com,NCR
868,Jose,Aquino,jose.aquino.868@example.com,Visayas
869,Cynthia,Tolentino,cynthia.tolentino.869@example.com,Luzon
870,Mario,Cayetano,mario.cayetano.870@example.com,Mindanao
871,Fernando,Aquino,fernando.aquino.871@example.com,Visayas
872,Erap,Castillo,erap.castillo.872@example.com,Luzon
873,Sonny,Trillanes,sonny.trillanes.873@example.com,NCR
874,Rodrigo,Mendoza,rodrigo.mendoza.874@example.com,Luzon
875,JV,Roxas,jv.roxas.875@example.com,Visayas
876,Koko,Aquino,koko.aquino.876@example.com,NCR
877,Isko,Rizal,isko.rizal.877@example.com,Luzon
878,Sonny,Perez,sonny.perez.878@example.com,NCR
879,Robin,Binay,robin.binay.879@example.com,Visayas
880,Win,Tolentino,win.tolentino.880@example.com,NCR
881,Fidel,Gatchalian,fidel.gatchalian.881@example.com,NCR
882,Bongbong,Enrile,bongbong.enrile.882@example.com,Visayas
883,JV,Biazon,jv.biazon.883@example.com,Visayas
884,Joy,Aguinaldo,joy.aguinaldo.884@example.com,Mindanao
885,Reynaldo,Sy,reynaldo.sy.885@example.com,NCR
886,Pia,Ocampo,pia.ocampo.886@example.com,NCR
887,Francis,Quezon,francis.quezon.887@example.com,Visayas
888,Jose,Castro,jose.castro.888@example.com,Luzon
889,Martin,De Leon,martin.deleon.889@example.com,Visayas
890,Benigno,Gatchalian,benigno.gatchalian.890@example.com,Visayas
891,Pia,Lacson,pia.lacson.891@example.com,Luzon
892,Antonio,Garcia,antonio.garcia.892@example.com,Luzon
893,Noli,Tolentino,noli.tolentino.893@example.com,Mindanao
894,Grace,Fernandez,grace.fernandez.894@example.com,NCR
895,Romeo,Quirino,romeo.quirino.895@example.com,NCR
896,Ramon,Honasan,ramon.honasan.896@example.com,NCR
897,Benigno,Garcia,benigno.garcia.897@example.com,NCR
898,Arturo,De Leon,arturo.deleon.898@example.com,Mindanao
899,Rex,Vargas,rex.vargas.899@example.com,NCR
900,Francis,Marcos,francis.marcos.900@example.com,Visayas
901,Mario,Drilon,mario.drilon.901@example.com,NCR
902,Pepe,Honasan,pepe.honasan.902@example.com,Visayas
903,Ramon,Binay,ramon.binay.903@example.com,Luzon
904,Rex,Angara,rex.angara.904@example.com,NCR
905,Kiko,Arroyo,kiko.arroyo.905@example.com,Mindanao
906,Pedro,Sy,pedro.sy.906@example.com,Visayas
907,Ed,Quezon,ed.quezon.907@example.com,Mindanao
908,Ping,Rizal,ping.rizal.908@example.com,NCR
909,Miguel,Del Pilar,miguel.delpilar.909@example.com,Luzon
910,Pedro,Perez,pedro.perez.910@example.com,NCR
911,Carlos,Bautista,carlos.bautista.911@example.com,Luzon
912,Bam,Honasan,bam.honasan.912@example.com,Mindanao
913,Arturo,Belmonte,arturo.belmonte.913@example.com,NCR
914,Rodrigo,Ramos,rodrigo.ramos.914@example.com,Visayas
915,Nancy,Zubiri,nancy.zubiri.915@example.com,Mindanao
916,Ralph,Bonifacio,ralph.bonifacio.916@example.com,Visayas
917,Panfilo,Ejercito,panfilo.ejercito.917@example.com,NCR
918,Mark,Rizal,mark.rizal.918@example.com,Visayas
919,Joey,Castillo,joey.castillo.919@example.com,Mindanao
920,Dick,Marquez,dick.marquez.920@example.com,NCR
921,Robin,Marcos,robin.marcos.921@example.com,Visayas
922,Jose,Rizal,jose.rizal.922@example.com,NCR
923,Carlos,Fernandez,carlos.fernandez.923@example.com,NCR
924,Francis,Ayala,francis.ayala.924@example.com,Mindanao
925,Teodoro,Domingo,teodoro.domingo.925@example.com,Visayas
926,Cynthia,Revilla,cynthia.revilla.926@example.com,Mindanao
927,Ferdinand,Marquez,ferdinand.marquez.927@example.com,Visayas
928,Sonny,Macapagal,sonny.macapagal.928@example.com,Luzon
929,Tomas,Lacson,tomas.lacson.929@example.com,Mindanao
930,Koko,Rizal,koko.rizal.930@example.com,Visayas
931,Dick,Villar,dick.villar.931@example.com,Luzon
932,Marcelino,Robredo,marcelino.robredo.932@example.com,Luzon
933,Rafael,Roxas,rafael.roxas.933@example.com,Visayas
934,Mark,Magsaysay,mark.magsaysay.934@example.com,Visayas
935,Ruben,Pimentel,ruben.pimentel.935@example.com,Visayas
936,Benigno,Padilla,benigno.padilla.936@example.com,Visayas
937,Arturo,Padilla,arturo.padilla.937@example.com,Visayas
938,Noli,Gordon,noli.gordon.938@example.com,Mindanao
939,Jinggoy,Cayetano,jinggoy.cayetano.939@example.com,Luzon
940,Tito,Lacson,tito.lacson.940@example.com,Luzon
941,Renato,Zubiri,renato.zubiri.941@example.com,Visayas
942,Nancy,Gonzales,nancy.gonzales.942@example.com,NCR
943,Bam,Roxas,bam.roxas.943@example.com,Luzon
944,Noli,Robredo,noli.robredo.944@example.com,Visayas
945,Cory,Luna,cory.luna.945@example.com,NCR
946,Raffy,Padilla,raffy.padilla.946@example.com,Visayas
947,Bongbong,Gordon,bongbong.gordon.947@example.com,Luzon
948,Ralph,Gokongwei,ralph.gokongwei.948@example.com,NCR
949,Vico,Torres,vico.torres.949@example.com,Luzon
950,Martin,Marquez,martin.marquez.950@example.com,Visayas
951,Arturo,Duterte,arturo.duterte.951@example.com,Mindanao
952,Reynaldo,Robredo,reynaldo.robredo.952@example.com,NCR
953,Danilo,Garcia,danilo.garcia.953@example.com,Luzon
954,Grace,Quirino,grace.quirino.954@example.com,Mindanao
955,Leila,Abalos,leila.abalos.955@example.com,Visayas
956,Francis,Lopez,francis.lopez.956@example.com,NCR
957,Risa,Sotto,risa.sotto.957@example.com,Visayas
958,Romeo,Aguinaldo,romeo.aguinaldo.958@example.com,Luzon
959,Tito,Castro,tito.castro.959@example.com,Luzon
960,Cory,Gordon,cory.gordon.960@example.com,Mindanao
961,Rex,Gonzales,rex.gonzales.961@example.com,Mindanao
962,Renato,Tan,renato.tan.962@example.com,Mindanao
963,Alan,Perez,alan.perez.963@example.com,Luzon
964,Francis,Sy,francis.sy.964@example.com,Visayas
965,Benigno,Tolentino,benigno.tolentino.965@example.com,Mindanao
966,Jojo,Robredo,jojo.robredo.966@example.com,Visayas
967,Gloria,Cojuangco,gloria.cojuangco.967@example.com,NCR
968,Cory,Pacquiao,cory.pacquiao.968@example.com,Luzon
969,Ralph,Lapid,ralph.lapid.969@example.com,Mindanao
970,Juan,Del Pilar,juan.delpilar.970@example.com,Mindanao
971,Mario,Legarda,mario.legarda.971@example.com,NCR
972,Benigno,Mendoza,benigno.mendoza.972@example.com,Visayas
973,Migz,Moreno,migz.moreno.973@example.com,Mindanao
974,Dick,Rizal,dick.rizal.974@example.com,Visayas
975,Sherwin,Cojuangco,sherwin.cojuangco.975@example.com,NCR
976,Juan,Lapid,juan.lapid.976@example.com,Mindanao
977,JV,Ocampo,jv.ocampo.977@example.com,Visayas
978,Joey,Binay,joey.binay.978@example.com,NCR
979,Panfilo,Luna,panfilo.luna.979@example.com,Mindanao
980,Risa,Legarda,risa.legarda.980@example.com,Visayas
981,Bongbong,Sy,bongbong.sy.981@example.com,Visayas
982,Ramon,Sotto,ramon.sotto.982@example.com,Luzon
983,Carlos,Cojuangco,carlos.cojuangco.983@example.com,NCR
984,Francis,Remulla,francis.remulla.984@example.com,Luzon
985,Teodoro,Magsaysay,teodoro.magsaysay.985@example.com,Mindanao
986,Koko,Reyes,koko.reyes.986@example.com,Visayas
987,Fernando,Cojuangco,fernando.cojuangco.987@example.com,NCR
988,Joey,Santos,joey.santos.988@example.com,Visayas
989,Isko,Tolentino,isko.tolentino.989@example.com,Mindanao
990,Ping,Gatchalian,ping.gatchalian.990@example.com,Luzon
991,Rodolfo,Pimentel,rodolfo.pimentel.991@example.com,NCR
992,Pedro,Ejercito,pedro.ejercito.992@example.com,NCR
993,Sherwin,Hontiveros,sherwin.hontiveros.993@example.com,NCR
994,Danilo,Reyes,danilo.reyes.994@example.com,Mindanao
995,Isko,Pimentel,isko.pimentel.995@example.com,Visayas
996,Fernando,Lacson,fernando.lacson.996@example.com,Visayas
997,Sonny,Pacquiao,sonny.pacquiao.997@example.com,Visayas
998,Chiz,Torres,chiz.torres.998@example.com,Mindanao
999,Tito,Garcia,tito.garcia.999@example.com,Mindanao
1000,Joel,Cruz,joel.cruz.1000@example.com,Visayas
1001,Mark,Roxas,mark.roxas.1001@example.com,Mindanao
1002,Pepe,Aguinaldo,pepe.aguinaldo.1002@example.com,Luzon
1003,Erap,Ejercito,erap.ejercito.1003@example.com,Mindanao
1004,Chiz,Duterte,chiz.duterte.1004@example.com,Mindanao
1005,Juan,Gatchalian,juan.gatchalian.1005@example.com,Visayas
1006,Renato,Aguinaldo,renato.aguinaldo.1006@example.com,Visayas
1007,Win,Bautista,win.bautista.1007@example.com,Luzon
1008,Loren,Pangilinan,loren.pangilinan.1008@example.com,NCR
1009,Francis,Aguinaldo,francis.aguinaldo.1009@example.com,NCR
1010,Joey,Cojuangco,joey.cojuangco.1010@example.com,Visayas
1011,Rodolfo,Poe,rodolfo.poe.1011@example.com,Visayas
1012,Benigno,Reyes,benigno.reyes.1012@example.com,NCR
1013,Pepe,Biazon,pepe.biazon.1013@example.com,Mindanao
1014,Renato,Ramos,renato.ramos.1014@example.com,NCR
1015,Kiko,Drilon,kiko.drilon.1015@example.com,NCR
1016,Leni,Castillo,leni.castillo.1016@example.com,Luzon
1017,Raffy,Reyes,raffy.reyes.1017@example.com,Luzon
1018,Noli,Silang,noli.silang.1018@example.com,Visayas
1019,Bam,Recto,bam.recto.1019@example.com,Mindanao
1020,Alan,Aquino,alan.aquino.1020@example.com,NCR
1021,JV,Magsaysay,jv.magsaysay.1021@example.com,NCR
1022,Rodrigo,Luna,rodrigo.luna.1022@example.com,Luzon
1023,Romeo,Garcia,romeo.garcia.1023@example.com,Mindanao
1024,Mar,Domingo,mar.domingo.1024@example.com,NCR
1025,Pia,Mabini,pia.mabini.1025@example.com,Luzon
1026,Bam,De Leon,bam.deleon.1026@example.com,Mindanao
1027,Allan,Honasan,allan.honasan.1027@example.com,Luzon
1028,Martin,Mendoza,martin.mendoza.1028@example.com,Mindanao
1029,Juan,Arroyo,juan.arroyo.1029@example.com,Luzon
1030,Dick,Legarda,dick.legarda.1030@example.com,Mindanao
1031,Lito,Reyes,lito.reyes.1031@example.com,Visayas
1032,Reynaldo,Cojuangco,reynaldo.cojuangco.1032@example.com,Visayas
1033,Chiz,Luna,chiz.luna.1033@example.com,Visayas
1034,Isko,Lopez,isko.lopez.1034@example.com,Mindanao
1035,Manny,Abalos,manny.abalos.1035@example.com,Visayas
1036,Win,Sison,win.sison.1036@example.com,Visayas
1037,JV,Tolentino,jv.tolentino.1037@example.com,Visayas
1038,Migz,Cojuangco,migz.cojuangco.1038@example.com,Luzon
1039,Reynaldo,Villar,reynaldo.villar.1039@example.com,NCR
1040,Loren,Zubiri,loren.zubiri.1040@example.com,Mindanao
1041,Win,Quezon,win.quezon.1041@example.com,Luzon
1042,Pedro,Poe,pedro.poe.1042@example.com,Luzon
1043,Mar,Remulla,mar.remulla.1043@example.com,NCR
1044,Ralph,Cayetano,ralph.cayetano.1044@example.com,Visayas
1045,Pia,Navarro,pia.navarro.1045@example.com,Visayas
1046,Cory,Poe,cory.poe.1046@example.com,Mindanao
1047,Fernando,Lopez,fernando.lopez.1047@example.com,NCR
1048,Ralph,Angara,ralph.angara.1048@example.com,NCR
1049,Vic,Marcos,vic.marcos.1049@example.com,Mindanao
1050,Allan,Sotto,allan.sotto.1050@example.com,Luzon
1051,Bam,Vargas,bam.vargas.1051@example.com,NCR
1052,Cory,Ejercito,cory.ejercito.1052@example.com,NCR
1053,Alan,Castillo,alan.castillo.1053@example.com,Mindanao
1054,Reynaldo,De Leon,reynaldo.deleon.1054@example.com,NCR
1055,Jinggoy,Angara,jinggoy.angara.1055@example.com,Visayas
1056,Jojo,Drilon,jojo.drilon.1056@example.com,Mindanao
1057,Gloria,Pangilinan,gloria.pangilinan.1057@example.com,Luzon
1058,Leila,Cruz,leila.cruz.1058@example.com,Mindanao
1059,Allan,Estrada,allan.estrada.1059@example.com,Mindanao
1060,Francis,Gomez,francis.gomez.1060@example.com,Mindanao
1061,Win,Silang,win.silang.1061@example.com,Mindanao
1062,Jejomar,Castillo,jejomar.castillo.1062@example.com,NCR
1063,Rex,Arroyo,rex.arroyo.1063@example.com,NCR
1064,Allan,Zubiri,allan.zubiri.1064@example.com,Mindanao
1065,Ferdinand,Trillanes,ferdinand.trillanes.1065@example.com,Luzon
1066,Martin,Ayala,martin.ayala.1066@example.com,Luzon
1067,Carlos,Aguinaldo,carlos.aguinaldo.1067@example.com,Luzon
1068,Grace,Trillanes,grace.trillanes.1068@example.com,Visayas
1069,Grace,Zubiri,grace.zubiri.1069@example.com,Mindanao
1070,Reynaldo,Marquez,reynaldo.marquez.1070@example.com,NCR
1071,Nancy,Bonifacio,nancy.bonifacio.1071@example.com,NCR
1072,Juan,Aguinaldo,juan.aguinaldo.1072@example.com,Mindanao
1073,Ruben,Drilon,ruben.drilon.1073@example.com,Mindanao
1074,Tomas,Pacquiao,tomas.pacquiao.1074@example.com,Luzon
1075,Win,Ramos,win.ramos.1075@example.com,NCR
1076,Ramon,Gonzales,ramon.gonzales.1076@example.com,Visayas
1077,Ernesto,Enrile,ernesto.enrile.1077@example.com,Visayas
1078,Lito,Enrile,lito.enrile.1078@example.com,Visayas
1079,Arturo,Legarda,arturo.legarda.1079@example.com,Luzon
1080,Leni,Rizal,leni.rizal.1080@example.com,NCR
1081,Joel,Del Pilar,joel.delpilar.1081@example.com,Luzon
1082,Erap,Pacquiao,erap.pacquiao.1082@example.com,Visayas
1083,Martin,Bautista,martin.bautista.1083@example.com,NCR
1084,Isko,Abalos,isko.abalos.1084@example.com,NCR
1085,Antonio,Luna,antonio.luna.1085@example.com,NCR
1086,Vic,Padilla,vic.padilla.1086@example.com,Mindanao
1087,Pepe,Legarda,pepe.legarda.1087@example.com,NCR
1088,Grace,Estrada,grace.estrada.1088@example.com,NCR
1089,Rodrigo,Tolentino,rodrigo.tolentino.1089@example.com,NCR
1090,Fernando,Gatchalian,fernando.gatchalian.1090@example.com,NCR
1091,Pia,Aquino,pia.aquino.1091@example.com,Visayas
1092,Robin,Zubiri,robin.zubiri.1092@example.com,Luzon
1093,Alan,Gokongwei,alan.gokongwei.1093@example.com,Visayas
1094,Allan,Pimentel,allan.pimentel.1094@example.com,Visayas
1095,Ed,Ocampo,ed.ocampo.1095@example.com,Visayas
1096,Vicente,Tan,vicente.tan.1096@example.com,Mindanao
1097,Arturo,Lapid,arturo.lapid.1097@example.com,Mindanao
1098,Joel,Pangilinan,joel.pangilinan.1098@example.com,NCR
1099,Risa,Santos,risa.santos.1099@example.com,NCR
1100,Jose,Tolentino,jose.tolentino.1100@example.com,Mindanao
1101,Joey,Flores,joey.flores.1101@example.com,Visayas
1102,Nancy,Estrada,nancy.estrada.1102@example.com,Luzon
1103,Nancy,Villanueva,nancy.villanueva.1103@example.com,Luzon
1104,Win,Dela Cruz,win.delacruz.1104@example.com,Mindanao
1105,Vic,Ocampo,vic.ocampo.1105@example.com,Visayas
1106,Antonio,Sison,antonio.sison.1106@example.com,NCR
1107,Vic,Belmonte,vic.belmonte.1107@example.com,Mindanao
1108,Richard,Perez,richard.perez.1108@example.com,Visayas
1109,Allan,Aguinaldo,allan.aguinaldo.1109@example.com,Visayas
1110,Miguel,Abalos,miguel.abalos.1110@example.com,Mindanao
1111,Panfilo,Rizal,panfilo.rizal.1111@example.com,Mindanao
1112,Win,Perez,win.perez.1112@example.com,NCR
1113,Mario,Moreno,mario.moreno.1113@example.com,Luzon
1114,Gloria,Quirino,gloria.quirino.1114@example.com,NCR
1115,Marcelino,Pimentel,marcelino.pimentel.1115@example.com,Mindanao
1116,Robin,Robredo,robin.robredo.1116@example.com,Mindanao
1117,Rodolfo,Flores,rodolfo.flores.1117@example.com,Mindanao
1118,Sara,Cruz,sara.cruz.1118@example.com,Visayas
1119,Rex,Sy,rex.sy.1119@example.com,Luzon
1120,Ruben,Gordon,ruben.gordon.1120@example.com,Visayas
1121,Pedro,Zubiri,pedro.zubiri.1121@example.com,Visayas
1122,Vico,Perez,vico.perez.1122@example.com,NCR
1123,Reynaldo,Trillanes,reynaldo.trillanes.1123@example.com,Mindanao
1124,Leila,Gatchalian,leila.gatchalian.1124@example.com,Visayas
1125,Dick,Aquino,dick.aquino.1125@example.com,NCR
1126,Kiko,Santos,kiko.santos.1126@example.com,Visayas
1127,Jose,Zubiri,jose.zubiri.1127@example.com,Mindanao
1128,Isko,Remulla,isko.remulla.1128@example.com,Visayas
1129,Richard,Enrile,richard.enrile.1129@example.com,Visayas
1130,Romeo,Castro,romeo.castro.1130@example.com,Mindanao
1131,Robin,Cojuangco,robin.cojuangco.1131@example.com,Visayas
1132,Ralph,Pacquiao,ralph.pacquiao.1132@example.com,NCR
1133,Chiz,Honasan,chiz.honasan.1133@example.com,Mindanao
1134,Richard,Quirino,richard.quirino.1134@example.com,Luzon
1135,Reynaldo,Magsaysay,reynaldo.magsaysay.1135@example.com,Luzon
1136,Koko,Vargas,koko.vargas.1136@example.com,Mindanao
1137,Risa,Honasan,risa.honasan.1137@example.com,Mindanao
1138,Jojo,Gokongwei,jojo.gokongwei.1138@example.com,NCR
1139,Ed,Del Pilar,ed.delpilar.1139@example.com,Mindanao
1140,Joey,Rizal,joey.rizal.1140@example.com,NCR
1141,Martin,Moreno,martin.moreno.1141@example.com,Visayas
1142,Bongbong,Cruz,bongbong.cruz.1142@example.com,Mindanao
1143,Reynaldo,Santos,reynaldo.santos.1143@example.com,NCR
1144,Ernesto,Pangilinan,ernesto.pangilinan.1144@example.com,Mindanao
1145,Erap,Ayala,erap.ayala.1145@example.com,Mindanao
1146,Imee,Vargas,imee.vargas.1146@example.com,Luzon
1147,Antonio,Biazon,antonio.biazon.1147@example.com,Visayas
1148,Noli,Padilla,noli.padilla.1148@example.com,Visayas
1149,Richard,Sotto,richard.sotto.1149@example.com,Visayas
1150,Reynaldo,Del Pilar,reynaldo.delpilar.1150@example.com,Visayas
1151,Koko,Revilla,koko.revilla.1151@example.com,NCR
1152,Renato,De Leon,renato.deleon.1152@example.com,Mindanao
1153,Vicente,Trillanes,vicente.trillanes.1153@example.com,NCR
1154,Koko,Torres,koko.torres.1154@example.com,NCR
1155,Ernesto,Cruz,ernesto.cruz.1155@example.com,Visayas
1156,Bongbong,Drilon,bongbong.drilon.1156@example.com,Luzon
1157,Vic,Trillanes,vic.trillanes.1157@example.com,Luzon
1158,Joey,Robredo,joey.robredo.1158@example.com,Luzon
1159,Imee,Biazon,imee.biazon.1159@example.com,Luzon
1160,Marcelino,Arroyo,marcelino.arroyo.1160@example.com,Mindanao
1161,Alan,Quirino,alan.quirino.1161@example.com,Luzon
1162,Sonny,Mabini,sonny.mabini.1162@example.com,Luzon
1163,Mar,Sison,mar.sison.1163@example.com,NCR
1164,Joy,Robredo,joy.robredo.1164@example.com,Visayas
1165,Sonny,Torres,sonny.torres.1165@example.com,Mindanao
1166,Panfilo,Bonifacio,panfilo.bonifacio.1166@example.com,Mindanao
1167,Rodolfo,Lacson,rodolfo.lacson.1167@example.com,NCR
1168,Raffy,Abalos,raffy.abalos.1168@example.com,Luzon
1169,Marcelino,Bautista,marcelino.bautista.1169@example.com,Visayas
1170,Arturo,Castro,arturo.castro.1170@example.com,Mindanao
1171,Antonio,Tulfo,antonio.tulfo.1171@example.com,NCR
1172,Sherwin,Tulfo,sherwin.tulfo.1172@example.com,NCR
1173,Cory,Torres,cory.torres.1173@example.com,Visayas
1174,Mar,Macapagal,mar.macapagal.1174@example.com,Mindanao
1175,JV,Legarda,jv.legarda.1175@example.com,Luzon
1176,Dick,Quirino,dick.quirino.1176@example.com,Visayas
1177,Benigno,Abalos,benigno.abalos.1177@example.com,Mindanao
1178,Sara,Marquez,sara.marquez.1178@example.com,Visayas
1179,Miguel,Gonzales,miguel.gonzales.1179@example.com,Mindanao
1180,Ruben,Bonifacio,ruben.bonifacio.1180@example.com,Luzon
1181,Richard,Osmena,richard.osmena.1181@example.com,NCR
1182,Romeo,Pimentel,romeo.pimentel.1182@example.com,Visayas
1183,Vic,Osmena,vic.osmena.1183@example.com,Mindanao
1184,Nancy,Ocampo,nancy.ocampo.1184@example.com,Mindanao
1185,Cynthia,Reyes,cynthia.reyes.1185@example.com,Luzon
1186,Pepe,Sy,pepe.sy.1186@example.com,Mindanao
1187,Mario,Marcos,mario.marcos.1187@example.com,Mindanao
1188,Ferdinand,Castillo,ferdinand.castillo.1188@example.com,Mindanao
1189,Noli,Gonzales,noli.gonzales.1189@example.com,Visayas
1190,Pia,Poe,pia.poe.1190@example.com,NCR
1191,Leila,Ejercito,leila.ejercito.1191@example.com,NCR
1192,Koko,Santos,koko.santos.1192@example.com,NCR
1193,Lito,Ocampo,lito.ocampo.1193@example.com,Visayas
1194,Dick,Vargas,dick.vargas.1194@example.com,NCR
1195,Dick,Perez,dick.perez.1195@example.com,Mindanao
1196,Ruffy,Dela Cruz,ruffy.delacruz.1196@example.com,Visayas
1197,Antonio,Ejercito,antonio.ejercito.1197@example.com,Mindanao
1198,Dick,Zubiri,dick.zubiri.1198@example.com,NCR
1199,Renato,Lacson,renato.lacson.1199@example.com,Luzon
1200,Joel,Cojuangco,joel.cojuangco.1200@example.com,Luzon
1201,Rodrigo,Dela Cruz,rodrigo.delacruz.1201@example.com,Luzon
1202,Rodolfo,Aquino,rodolfo.aquino.1202@example.com,Mindanao
1203,Leni,Vargas,leni.vargas.1203@example.com,Mindanao
1204,Mar,Lopez,mar.lopez.1204@example.com,Luzon
1205,Danilo,Quezon,danilo.quezon.1205@example.com,Visayas
1206,Bongbong,Cojuangco,bongbong.cojuangco.1206@example.com,Mindanao
1207,Jojo,Cojuangco,jojo.cojuangco.1207@example.com,Visayas
1208,Leila,Tan,leila.tan.1208@example.com,NCR
1209,Antonio,Hontiveros,antonio.hontiveros.1209@example.com,NCR
1210,Vicente,Cojuangco,vicente.cojuangco.1210@example.com,NCR
1211,Juan,Enrile,juan.enrile.1211@example.com,NCR
1212,Abby,Zubiri,abby.zubiri.1212@example.com,Luzon
1213,Abby,Navarro,abby.navarro.1213@example.com,NCR
1214,Pepe,Marcos,pepe.marcos.1214@example.com,Luzon
1215,Carlos,Recto,carlos.recto.1215@example.com,Luzon
1216,Ramon,Vargas,ramon.vargas.1216@example.com,NCR
1217,Grace,Gatchalian,grace.gatchalian.1217@example.com,Visayas
1218,Tito,Honasan,tito.honasan.1218@example.com,Visayas
1219,Ruffy,Bonifacio,ruffy.bonifacio.1219@example.com,Visayas
1220,Renato,Domingo,renato.domingo.1220@example.com,Luzon
1221,Jose,Remulla,jose.remulla.1221@example.com,Visayas
1222,Loren,Aquino,loren.aquino.1222@example.com,NCR
1223,Vicente,Tolentino,vicente.tolentino.1223@example.com,Visayas
1224,Joy,Lapid,joy.lapid.1224@example.com,NCR
1225,Ernesto,Drilon,ernesto.drilon.1225@example.com,Visayas
1226,Lito,Fernandez,lito.fernandez.1226@example.com,Mindanao
1227,Richard,Trillanes,richard.trillanes.1227@example.com,Luzon
1228,Ruben,Castro,ruben.castro.1228@example.com,Luzon
1229,Joey,Garcia,joey.garcia.1229@example.com,Luzon
1230,Ramon,Osmena,ramon.osmena.1230@example.com,Mindanao
1231,Vico,Roxas,vico.roxas.1231@example.com,NCR
1232,Bam,Enrile,bam.enrile.1232@example.com,Luzon
1233,Abby,Santos,abby.santos.1233@example.com,Mindanao
1234,Risa,Bautista,risa.bautista.1234@example.com,Visayas
1235,Erap,Gatchalian,erap.gatchalian.1235@example.com,Visayas
1236,Ferdinand,Gomez,ferdinand.gomez.1236@example.com,NCR
1237,Joy,Rizal,joy.rizal.1237@example.com,Visayas
1238,Reynaldo,Vargas,reynaldo.vargas.1238@example.com,Mindanao
1239,Leni,Perez,leni.perez.1239@example.com,NCR
1240,Dick,Recto,dick.recto.1240@example.com,NCR
1241,Robin,Bautista,robin.bautista.1241@example.com,Visayas
1242,Raffy,Garcia,raffy.garcia.1242@example.com,NCR
1243,Sherwin,Flores,sherwin.flores.1243@example.com,NCR
1244,Carlos,Biazon,carlos.biazon.1244@example.com,Visayas
1245,Manny,Binay,manny.binay.1245@example.com,NCR
1246,Cynthia,Vargas,cynthia.vargas.1246@example.com,Mindanao
1247,Francis,Gonzales,francis.gonzales.1247@example.com,Visayas
1248,Panfilo,Cayetano,panfilo.cayetano.1248@example.com,NCR
1249,Abby,Pacquiao,abby.pacquiao.1249@example.com,Mindanao
1250,Vicente,Revilla,vicente.revilla.1250@example.com,Visayas
1251,Pia,Flores,pia.flores.1251@example.com,Luzon
1252,Bongbong,Silang,bongbong.silang.1252@example.com,Visayas
1253,Nancy,Villar,nancy.villar.1253@example.com,Luzon
1254,Ed,Belmonte,ed.belmonte.1254@example.com,NCR
1255,Nancy,Vargas,nancy.vargas.1255@example.com,Mindanao
1256,Ping,Perez,ping.perez.1256@example.com,Luzon
1257,Ramon,Flores,ramon.flores.1257@example.com,Mindanao
1258,Vic,Lacson,vic.lacson.1258@example.com,Luzon
1259,Benigno,Honasan,benigno.honasan.1259@example.com,Mindanao
1260,Ruben,Biazon,ruben.biazon.1260@example.com,Mindanao
1261,Sara,Bautista,sara.bautista.1261@example.com,Luzon
1262,Kiko,Trillanes,kiko.trillanes.1262@example.com,Luzon
1263,Mar,Gomez,mar.gomez.1263@example.com,Mindanao
1264,Sonny,Rizal,sonny.rizal.1264@example.com,Mindanao
1265,Antonio,Rizal,antonio.rizal.1265@example.com,Luzon
1266,Pedro,Lacson,pedro.lacson.1266@example.com,Visayas
1267,Pia,Vargas,pia.vargas.1267@example.com,Mindanao
1268,Bam,Legarda,bam.legarda.1268@example.com,Luzon
1269,Teodoro,Luna,teodoro.luna.1269@example.com,NCR
1270,Renato,Dela Cruz,renato.delacruz.1270@example.com,NCR
1271,Manny,Vargas,manny.vargas.1271@example.com,Luzon
1272,Loren,Recto,loren.recto.1272@example.com,Luzon
1273,Rafael,Luna,rafael.luna.1273@example.com,Mindanao
1274,Grace,Ejercito,grace.ejercito.1274@example.com,NCR
1275,Fernando,Fernandez,fernando.fernandez.1275@example.com,Visayas
1276,Loren,Mendoza,loren.mendoza.1276@example.com,NCR
1277,Jojo,Del Pilar,jojo.delpilar.1277@example.com,NCR
1278,Nancy,Fernandez,nancy.fernandez.1278@example.com,Visayas
1279,Mario,Pangilinan,mario.pangilinan.1279@example.com,Luzon
1280,Teodoro,Bautista,teodoro.bautista.1280@example.com,NCR
1281,Vico,Garcia,vico.garcia.1281@example.com,Mindanao
1282,Ernesto,Gatchalian,ernesto.gatchalian.1282@example.com,Luzon
1283,Carlos,Tolentino,carlos.tolentino.1283@example.com,NCR
1284,Manny,Hontiveros,manny.hontiveros.1284@example.com,Visayas
1285,Ping,Abalos,ping.abalos.1285@example.com,Visayas
1286,Joy,Abalos,joy.abalos.1286@example.com,Luzon
1287,Tito,Poe,tito.poe.1287@example.com,Visayas
1288,Miguel,Castillo,miguel.castillo.1288@example.com,NCR
1289,Rodolfo,Pangilinan,rodolfo.pangilinan.1289@example.com,NCR
1290,Isko,Fernandez,isko.fernandez.1290@example.com,Mindanao
1291,Fernando,Abalos,fernando.abalos.1291@example.com,NCR
1292,Richard,Duterte,richard.duterte.1292@example.com,NCR
1293,Migz,Ejercito,migz.ejercito.1293@example.com,Luzon
1294,Leni,Lacson,leni.lacson.1294@example.com,NCR
1295,Cory,Garcia,cory.garcia.1295@example.com,NCR
1296,Dick,Cojuangco,dick.cojuangco.1296@example.com,Mindanao
1297,Joel,Bonifacio,joel.bonifacio.1297@example.com,Luzon
1298,Jose,Tan,jose.tan.1298@example.com,Mindanao
1299,Cynthia,Cojuangco,cynthia.cojuangco.1299@example.com,Visayas
1300,Danilo,Zubiri,danilo.zubiri.1300@example.com,Luzon
1301,Pedro,Navarro,pedro.navarro.1301@example.com,Luzon
1302,Joey,Belmonte,joey.belmonte.1302@example.com,NCR
1303,Kiko,Domingo,kiko.domingo.1303@example.com,Visayas
1304,Ramon,Angara,ramon.angara.1304@example.com,Luzon
1305,Abby,Abalos,abby.abalos.1305@example.com,Visayas
1306,Leni,Remulla,leni.remulla.1306@example.com,Mindanao
1307,Rodrigo,Cayetano,rodrigo.cayetano.1307@example.com,Luzon
1308,Leila,Aguinaldo,leila.aguinaldo.1308@example.com,Luzon
1309,Mar,Marquez,mar.marquez.1309@example.com,NCR
1310,Mario,Honasan,mario.honasan.1310@example.com,Visayas
1311,Tito,Flores,tito.flores.1311@example.com,Mindanao
1312,Ernesto,Vargas,ernesto.vargas.1312@example.com,Luzon
1313,Fernando,Macapagal,fernando.macapagal.1313@example.com,Mindanao
1314,Jinggoy,Remulla,jinggoy.remulla.1314@example.com,Visayas
1315,Bongbong,Lopez,bongbong.lopez.1315@example.com,NCR
1316,Jejomar,Recto,jejomar.recto.1316@example.com,Mindanao
1317,Rafael,Pacquiao,rafael.pacquiao.1317@example.com,Visayas
1318,Ed,Cayetano,ed.cayetano.1318@example.com,NCR
1319,Vico,Quirino,vico.quirino.1319@example.com,Mindanao
1320,Win,Torres,win.torres.1320@example.com,NCR
1321,Erap,Roxas,erap.roxas.1321@example.com,Mindanao
1322,Ralph,Cojuangco,ralph.cojuangco.1322@example.com,NCR
1323,Cory,Castillo,cory.castillo.1323@example.com,Mindanao
1324,Francis,Reyes,francis.reyes.1324@example.com,Visayas
1325,Nancy,Torres,nancy.torres.1325@example.com,Mindanao
1326,Bongbong,Legarda,bongbong.legarda.1326@example.com,Mindanao
1327,Raffy,Villar,raffy.villar.1327@example.com,Visayas
1328,Robin,Torres,robin.torres.1328@example.com,Mindanao
1329,Cynthia,Arroyo,cynthia.arroyo.1329@example.com,Luzon
1330,Vico,Lacson,vico.lacson.1330@example.com,Visayas
1331,Richard,Sy,richard.sy.1331@example.com,Mindanao
1332,Grace,Arroyo,grace.arroyo.1332@example.com,Mindanao
1333,Rafael,Flores,rafael.flores.1333@example.com,Visayas
1334,Fernando,Marquez,fernando.marquez.1334@example.com,Mindanao
1335,Isko,Binay,isko.binay.1335@example.com,NCR
1336,Fidel,Lapid,fidel.lapid.1336@example.com,Mindanao
1337,Ferdinand,Osmena,ferdinand.osmena.1337@example.com,Visayas
1338,Koko,Drilon,koko.drilon.1338@example.com,Luzon
1339,Carlos,Quezon,carlos.quezon.1339@example.com,Mindanao
1340,Jejomar,Sison,jejomar.sison.1340@example.com,Mindanao
1341,Jejomar,Pangilinan,jejomar.pangilinan.1341@example.com,Luzon
1342,Pedro,Aguinaldo,pedro.aguinaldo.1342@example.com,Luzon
1343,Leni,Mabini,leni.mabini.1343@example.com,Mindanao
1344,Rodrigo,Castro,rodrigo.castro.1344@example.com,Luzon
1345,Manny,Roxas,manny.roxas.1345@example.com,Luzon
1346,Ed,Tolentino,ed.tolentino.1346@example.com,Visayas
1347,Vico,Gokongwei,vico.gokongwei.1347@example.com,Mindanao
1348,Mar,Moreno,mar.moreno.1348@example.com,Luzon
1349,Marcelino,Mendoza,marcelino.mendoza.1349@example.com,NCR
1350,Grace,Santos,grace.santos.1350@example.com,Luzon
1351,Chiz,Cojuangco,chiz.cojuangco.1351@example.com,Mindanao
1352,Robin,Castillo,robin.castillo.1352@example.com,NCR
1353,Migz,Navarro,migz.navarro.1353@example.com,Visayas
1354,Dick,Mabini,dick.mabini.1354@example.com,Luzon
1355,Fidel,Reyes,fidel.reyes.1355@example.com,Visayas
1356,Arturo,Sotto,arturo.sotto.1356@example.com,Mindanao
1357,Jose,Navarro,jose.navarro.1357@example.com,NCR
1358,Miguel,Silang,miguel.silang.1358@example.com,NCR
1359,Antonio,Quirino,antonio.quirino.1359@example.com,NCR
1360,Ping,Reyes,ping.reyes.1360@example.com,Luzon
1361,Ernesto,Lacson,ernesto.lacson.1361@example.com,Visayas
1362,Chiz,Robredo,chiz.robredo.1362@example.com,Visayas
1363,Benigno,Domingo,benigno.domingo.1363@example.com,Luzon
1364,Miguel,Pacquiao,miguel.pacquiao.1364@example.com,Visayas
1365,Bam,Arroyo,bam.arroyo.1365@example.com,Luzon
1366,Abby,Poe,abby.poe.1366@example.com,Visayas
1367,Manny,Estrada,manny.estrada.1367@example.com,Luzon
1368,Ernesto,Sy,ernesto.sy.1368@example.com,Visayas
1369,Grace,Silang,grace.silang.1369@example.com,NCR
1370,Rex,Castillo,rex.castillo.1370@example.com,NCR
1371,Rodolfo,Aguinaldo,rodolfo.aguinaldo.1371@example.com,NCR
1372,Cory,Rizal,cory.rizal.1372@example.com,Luzon
1373,Jejomar,Roxas,jejomar.roxas.1373@example.com,Luzon
1374,Ramon,Tulfo,ramon.tulfo.1374@example.com,Mindanao
1375,Gloria,Biazon,gloria.biazon.1375@example.com,Visayas
1376,Bongbong,Rizal,bongbong.rizal.1376@example.com,Visayas
1377,Miguel,Poe,miguel.poe.1377@example.com,Mindanao
1378,Richard,Tolentino,richard.tolentino.1378@example.com,NCR
1379,Kiko,Cruz,kiko.cruz.1379@example.com,Visayas
1380,Ramon,Quezon,ramon.quezon.1380@example.com,NCR
1381,Sherwin,Fernandez,sherwin.fernandez.1381@example.com,Mindanao
1382,Win,Vargas,win.vargas.1382@example.com,Visayas
1383,Ping,Dela Cruz,ping.delacruz.1383@example.com,Mindanao
1384,Allan,Villanueva,allan.villanueva.1384@example.com,Visayas
1385,JV,Angara,jv.angara.1385@example.com,Luzon
1386,Sonny,Del Pilar,sonny.delpilar.1386@example.com,NCR
1387,Renato,Quirino,renato.quirino.1387@example.com,NCR
1388,Raffy,Recto,raffy.recto.1388@example.com,NCR
1389,Leni,Cojuangco,leni.cojuangco.1389@example.com,Visayas
1390,Migz,Honasan,migz.honasan.1390@example.com,Luzon
1391,Ralph,Tolentino,ralph.tolentino.1391@example.com,Luzon
1392,Loren,Duterte,loren.duterte.1392@example.com,Luzon
1393,Bam,Ayala,bam.ayala.1393@example.com,NCR
1394,Leila,Dela Cruz,leila.delacruz.1394@example.com,NCR
1395,Kiko,Biazon,kiko.biazon.1395@example.com,Mindanao
1396,Rodrigo,Castillo,rodrigo.castillo.1396@example.com,Mindanao
1397,JV,Ayala,jv.ayala.1397@example.com,Mindanao
1398,Mar,Mendoza,mar.mendoza.1398@example.com,Mindanao
1399,Ed,Luna,ed.luna.1399@example.com,Mindanao
1400,Renato,Magsaysay,renato.magsaysay.1400@example.com,Luzon
1401,Rodolfo,Vargas,rodolfo.vargas.1401@example.com,Mindanao
1402,Arturo,Dela Cruz,arturo.delacruz.1402@example.com,Mindanao
1403,Vic,Dela Cruz,vic.delacruz.1403@example.com,Mindanao
1404,Pepe,Trillanes,pepe.trillanes.1404@example.com,Luzon
1405,Bam,Moreno,bam.moreno.1405@example.com,NCR
1406,Renato,Vargas,renato.vargas.1406@example.com,Mindanao
1407,Ed,Abalos,ed.abalos.1407@example.com,NCR
1408,Marcelino,Santos,marcelino.santos.1408@example.com,Visayas
1409,Juan,Sy,juan.sy.1409@example.com,Luzon
1410,Koko,Aguinaldo,koko.aguinaldo.1410@example.com,NCR
1411,Ruben,Marquez,ruben.marquez.1411@example.com,Luzon
1412,Migz,Padilla,migz.padilla.1412@example.com,Mindanao
1413,Dick,Villanueva,dick.villanueva.1413@example.com,Mindanao
1414,Lito,Navarro,lito.navarro.1414@example.com,NCR
1415,Robin,Gatchalian,robin.gatchalian.1415@example.com,Luzon
1416,Bam,Villar,bam.villar.1416@example.com,Luzon
1417,Ping,Navarro,ping.navarro.1417@example.com,Mindanao
1418,Ping,Aguinaldo,ping.aguinaldo.1418@example.com,Visayas
1419,Jojo,Angara,jojo.angara.1419@example.com,Visayas
1420,Joy,Quezon,joy.quezon.1420@example.com,Luzon
1421,Jejomar,Arroyo,jejomar.arroyo.1421@example.com,NCR
1422,Chiz,Lacson,chiz.lacson.1422@example.com,NCR
1423,Danilo,Osmena,danilo.osmena.1423@example.com,Mindanao
1424,Rex,Lopez,rex.lopez.1424@example.com,Luzon
1425,Jejomar,Remulla,jejomar.remulla.1425@example.com,Luzon
1426,Mark,Sison,mark.sison.1426@example.com,Luzon
1427,Renato,Enrile,renato.enrile.1427@example.com,NCR
1428,Ernesto,Lapid,ernesto.lapid.1428@example.com,NCR
1429,Joel,Vargas,joel.vargas.1429@example.com,Visayas
1430,Carlos,Quirino,carlos.quirino.1430@example.com,NCR
1431,Raffy,Angara,raffy.angara.1431@example.com,Visayas
1432,Fidel,Torres,fidel.torres.1432@example.com,Visayas
1433,Jose,Estrada,jose.estrada.1433@example.com,Luzon
1434,Imee,Zubiri,imee.zubiri.1434@example.com,NCR
1435,Sonny,Reyes,sonny.reyes.1435@example.com,NCR
1436,Migz,Castro,migz.castro.1436@example.com,NCR
1437,Pepe,Villar,pepe.villar.1437@example.com,NCR
1438,Sherwin,Pacquiao,sherwin.pacquiao.1438@example.com,Luzon
1439,Lito,Recto,lito.recto.1439@example.com,Visayas
1440,Koko,Dela Cruz,koko.delacruz.1440@example.com,Mindanao
1441,Rodrigo,Quirino,rodrigo.quirino.1441@example.com,Luzon
1442,Risa,Villanueva,risa.villanueva.1442@example.com,Luzon
1443,Allan,Osmena,allan.osmena.1443@example.com,Luzon
1444,Vic,Revilla,vic.revilla.1444@example.com,Luzon
1445,Vicente,Castro,vicente.castro.1445@example.com,Mindanao
1446,Ramon,Torres,ramon.torres.1446@example.com,Visayas
1447,Dick,Drilon,dick.drilon.1447@example.com,Visayas
1448,Fidel,Sotto,fidel.sotto.1448@example.com,Luzon
1449,Alan,Padilla,alan.padilla.1449@example.com,Mindanao
1450,Koko,Sy,koko.sy.1450@example.com,Visayas
1451,Danilo,Mendoza,danilo.mendoza.1451@example.com,Mindanao
1452,Leni,Ramos,leni.ramos.1452@example.com,NCR
1453,Panfilo,Biazon,panfilo.biazon.1453@example.com,Mindanao
1454,Pepe,Duterte,pepe.duterte.1454@example.com,Luzon
1455,Koko,Osmena,koko.osmena.1455@example.com,Luzon
1456,Sherwin,Sy,sherwin.sy.1456@example.com,Visayas
1457,Carlos,Marcos,carlos.marcos.1457@example.com,Visayas
1458,Antonio,Santos,antonio.santos.1458@example.com,Visayas
1459,Rodrigo,Trillanes,rodrigo.trillanes.1459@example.com,Visayas
1460,Allan,Tulfo,allan.tulfo.1460@example.com,Mindanao
1461,Pia,Abalos,pia.abalos.1461@example.com,NCR
1462,Pepe,Perez,pepe.perez.1462@example.com,Mindanao
1463,Arturo,Bonifacio,arturo.bonifacio.1463@example.com,NCR
1464,Mark,Gatchalian,mark.gatchalian.1464@example.com,NCR
1465,Reynaldo,Bautista,reynaldo.bautista.1465@example.com,Visayas
1466,Ed,Tan,ed.tan.1466@example.com,NCR
1467,Isko,Ayala,isko.ayala.1467@example.com,Luzon
1468,Richard,Drilon,richard.drilon.1468@example.com,Mindanao
1469,Vico,Belmonte,vico.belmonte.1469@example.com,Mindanao
1470,Jejomar,Fernandez,jejomar.fernandez.1470@example.com,Mindanao
1471,Cynthia,Osmena,cynthia.osmena.1471@example.com,Luzon
1472,Noli,Duterte,noli.duterte.1472@example.com,Visayas
1473,Abby,Biazon,abby.biazon.1473@example.com,Luzon
1474,Lito,Moreno,lito.moreno.1474@example.com,Visayas
1475,Rodrigo,Cruz,rodrigo.cruz.1475@example.com,NCR
1476,Ferdinand,Biazon,ferdinand.biazon.1476@example.com,NCR
1477,Fidel,Flores,fidel.flores.1477@example.com,Mindanao
1478,Abby,Cayetano,abby.cayetano.1478@example.com,Luzon
1479,Jinggoy,Ejercito,jinggoy.ejercito.1479@example.com,Mindanao
1480,Abby,Pimentel,abby.pimentel.1480@example.com,Visayas
1481,Rodrigo,Pacquiao,rodrigo.pacquiao.1481@example.com,Visayas
1482,Bam,Bautista,bam.bautista.1482@example.com,Mindanao
1483,Vicente,Gordon,vicente.gordon.1483@example.com,NCR
1484,Joel,Binay,joel.binay.1484@example.com,Mindanao
1485,Chiz,Poe,chiz.poe.1485@example.com,Mindanao
1486,Mar,Aquino,mar.aquino.1486@example.com,Mindanao
1487,Juan,Villanueva,juan.villanueva.1487@example.com,Luzon
1488,Allan,Navarro,allan.navarro.1488@example.com,Mindanao
1489,Loren,Ayala,loren.ayala.1489@example.com,Visayas
1490,Sara,Hontiveros,sara.hontiveros.1490@example.com,NCR
1491,Jejomar,De Leon,jejomar.deleon.1491@example.com,Visayas
1492,Fernando,Sison,fernando.sison.1492@example.com,Mindanao
1493,Noli,Santos,noli.santos.1493@example.com,Mindanao
1494,Tomas,Macapagal,tomas.macapagal.1494@example.com,Mindanao
1495,Sherwin,Macapagal,sherwin.macapagal.1495@example.com,Visayas
1496,Bongbong,Cayetano,bongbong.cayetano.1496@example.com,Luzon
1497,Fernando,Tan,fernando.tan.1497@example.com,Luzon
1498,Nancy,Bautista,nancy.bautista.1498@example.com,Luzon
1499,Arturo,Marquez,arturo.marquez.1499@example.com,Visayas
1500,Risa,Tolentino,risa.tolentino.1500@example.com,Luzon
1501,Imee,Gordon,imee.gordon.1501@example.com,Mindanao
1502,Miguel,Arroyo,miguel.arroyo.1502@example.com,Visayas
1503,Sara,Sotto,sara.sotto.1503@example.com,NCR
1504,Koko,Gordon,koko.gordon.1504@example.com,Mindanao
1505,Marcelino,Del Pilar,marcelino.delpilar.1505@example.com,Luzon
1506,Rex,Bautista,rex.bautista.1506@example.com,NCR
1507,Tomas,Quirino,tomas.quirino.1507@example.com,Luzon
1508,Kiko,Gomez,kiko.gomez.1508@example.com,NCR
1509,Juan,Perez,juan.perez.1509@example.com,Visayas
1510,Pia,Bonifacio,pia.bonifacio.1510@example.com,Luzon
1511,Rodrigo,Pangilinan,rodrigo.pangilinan.1511@example.com,NCR
1512,Risa,Pangilinan,risa.pangilinan.1512@example.com,Mindanao
1513,Ferdinand,Domingo,ferdinand.domingo.1513@example.com,Luzon
1514,Koko,Duterte,koko.duterte.1514@example.com,Luzon
1515,Joel,Osmena,joel.osmena.1515@example.com,NCR
1516,Mark,Gokongwei,mark.gokongwei.1516@example.com,Visayas
1517,Cynthia,Ocampo,cynthia.ocampo.1517@example.com,Mindanao
1518,Danilo,Cojuangco,danilo.cojuangco.1518@example.com,Luzon
1519,Imee,Gatchalian,imee.gatchalian.1519@example.com,Visayas
1520,Rodrigo,Remulla,rodrigo.remulla.1520@example.com,NCR
1521,Ruffy,Lopez,ruffy.lopez.1521@example.com,Mindanao
1522,Martin,Hontiveros,martin.hontiveros.1522@example.com,Visayas
1523,Win,Fernandez,win.fernandez.1523@example.com,Visayas
1524,Francis,Honasan,francis.honasan.1524@example.com,NCR
1525,Leila,Ocampo,leila.ocampo.1525@example.com,Mindanao
1526,Richard,Remulla,richard.remulla.1526@example.com,Visayas
1527,Imee,Del Pilar,imee.delpilar.1527@example.com,Luzon
1528,Imee,Tulfo,imee.tulfo.1528@example.com,Luzon
1529,Leni,Cruz,leni.cruz.1529@example.com,Visayas
1530,Isko,Cruz,isko.cruz.1530@example.com,Visayas
1531,Ruffy,Enrile,ruffy.enrile.1531@example.com,Mindanao
1532,Renato,Moreno,renato.moreno.1532@example.com,NCR
1533,Noli,Remulla,noli.remulla.1533@example.com,Luzon
1534,Ralph,Rizal,ralph.rizal.1534@example.com,Mindanao
1535,Cory,Legarda,cory.legarda.1535@example.com,Mindanao
1536,Manny,Garcia,manny.garcia.1536@example.com,NCR
1537,Tomas,Mabini,tomas.mabini.1537@example.com,Luzon
1538,Dick,Ejercito,dick.ejercito.1538@example.com,Luzon
1539,Lito,Zubiri,lito.zubiri.1539@example.com,NCR
1540,Ferdinand,Sotto,ferdinand.sotto.1540@example.com,Luzon
1541,Ruben,Lapid,ruben.lapid.1541@example.com,NCR
1542,Chiz,Tan,chiz.tan.1542@example.com,Visayas
1543,Isko,Sy,isko.sy.1543@example.com,Visayas
1544,Loren,Gomez,loren.gomez.1544@example.com,Mindanao
1545,Carlos,Gordon,carlos.gordon.1545@example.com,Luzon
1546,Cynthia,Robredo,cynthia.robredo.1546@example.com,NCR
1547,Chiz,Pangilinan,chiz.pangilinan.1547@example.com,NCR
1548,Tomas,Del Pilar,tomas.delpilar.1548@example.com,NCR
1549,Vicente,Mabini,vicente.mabini.1549@example.com,Visayas
1550,Imee,Santos,imee.santos.1550@example.com,Visayas
1551,Rodrigo,Padilla,rodrigo.padilla.1551@example.com,Mindanao
1552,Teodoro,Biazon,teodoro.biazon.1552@example.com,Mindanao
1553,Jose,Binay,jose.binay.1553@example.com,Visayas
1554,Joy,Villar,joy.villar.1554@example.com,NCR
1555,Reynaldo,Pimentel,reynaldo.pimentel.1555@example.com,NCR
1556,Joy,Recto,joy.recto.1556@example.com,Mindanao
1557,Raffy,Hontiveros,raffy.hontiveros.1557@example.com,Mindanao
1558,Joel,Aquino,joel.aquino.1558@example.com,Visayas
1559,Manny,Marcos,manny.marcos.1559@example.com,Visayas
1560,Danilo,Marcos,danilo.marcos.1560@example.com,Luzon
1561,Mark,Luna,mark.luna.1561@example.com,Visayas
1562,Cory,Arroyo,cory.arroyo.1562@example.com,Visayas
1563,Leila,Binay,leila.binay.1563@example.com,Mindanao
1564,Gloria,Villar,gloria.villar.1564@example.com,Mindanao
1565,Vicente,Estrada,vicente.estrada.1565@example.com,NCR
1566,Rex,Marcos,rex.marcos.1566@example.com,Luzon
1567,Alan,Garcia,alan.garcia.1567@example.com,NCR
1568,Loren,Castro,loren.castro.1568@example.com,NCR
1569,Isko,Aquino,isko.aquino.1569@example.com,Mindanao
1570,Fidel,Moreno,fidel.moreno.1570@example.com,Mindanao
1571,Tomas,Remulla,tomas.remulla.1571@example.com,Mindanao
1572,Ernesto,Sotto,ernesto.sotto.1572@example.com,Luzon
1573,JV,Duterte,jv.duterte.1573@example.com,Mindanao
1574,Ferdinand,Villar,ferdinand.villar.1574@example.com,Mindanao
1575,Raffy,Quezon,raffy.quezon.1575@example.com,Mindanao
1576,Cory,Remulla,cory.remulla.1576@example.com,NCR
1577,Sonny,Osmena,sonny.osmena.1577@example.com,NCR
1578,Ralph,Mabini,ralph.mabini.1578@example.com,Visayas
1579,Jose,Poe,jose.poe.1579@example.com,NCR
1580,Pedro,Hontiveros,pedro.hontiveros.1580@example.com,NCR
1581,Ruben,Del Pilar,ruben.delpilar.1581@example.com,Luzon
1582,Marcelino,Hontiveros,marcelino.hontiveros.1582@example.com,Luzon
1583,Joey,Quirino,joey.quirino.1583@example.com,Mindanao
1584,Jose,Gomez,jose.gomez.1584@example.com,Mindanao
1585,Mark,Quirino,mark.quirino.1585@example.com,NCR
1586,Francis,Tulfo,francis.tulfo.1586@example.com,Visayas
1587,Francis,Villar,francis.villar.1587@example.com,Luzon
1588,Jejomar,Binay,jejomar.binay.1588@example.com,NCR
1589,Ferdinand,Lapid,ferdinand.lapid.1589@example.com,Visayas
1590,Vicente,Del Pilar,vicente.delpilar.1590@example.com,NCR
1591,Renato,Remulla,renato.remulla.1591@example.com,Visayas
1592,Manny,Cruz,manny.cruz.1592@example.com,NCR
1593,Win,Biazon,win.biazon.1593@example.com,Mindanao
1594,Juan,Gokongwei,juan.gokongwei.1594@example.com,Luzon
1595,Abby,Quirino,abby.quirino.1595@example.com,Mindanao
1596,Allan,Marquez,allan.marquez.1596@example.com,NCR
1597,Tomas,Cayetano,tomas.cayetano.1597@example.com,Mindanao
1598,Erap,Lopez,erap.lopez.1598@example.com,Luzon
1599,Sara,Bonifacio,sara.bonifacio.1599@example.com,Mindanao
1600,Vic,Lopez,vic.lopez.1600@example.com,Luzon
1601,Francis,Lapid,francis.lapid.1601@example.com,NCR
1602,Bongbong,Moreno,bongbong.moreno.1602@example.com,Visayas
1603,Imee,Domingo,imee.domingo.1603@example.com,Mindanao
1604,Jinggoy,Macapagal,jinggoy.macapagal.1604@example.com,Visayas
1605,Koko,Castro,koko.castro.1605@example.com,Mindanao
1606,Joy,Binay,joy.binay.1606@example.com,Visayas
1607,Ed,Sy,ed.sy.1607@example.com,Luzon
1608,Fidel,Hontiveros,fidel.hontiveros.1608@example.com,Mindanao
1609,Risa,Lapid,risa.lapid.1609@example.com,Mindanao
1610,Benigno,Roxas,benigno.roxas.1610@example.com,Visayas
1611,Kiko,Cayetano,kiko.cayetano.1611@example.com,NCR
1612,Cory,Ocampo,cory.ocampo.1612@example.com,Visayas
1613,Jinggoy,Mabini,jinggoy.mabini.1613@example.com,NCR
1614,Gloria,Sy,gloria.sy.1614@example.com,Visayas
1615,Reynaldo,Revilla,reynaldo.revilla.1615@example.com,Visayas
1616,Teodoro,Garcia,teodoro.garcia.1616@example.com,Luzon
1617,Pia,Pacquiao,pia.pacquiao.1617@example.com,Mindanao
1618,Jejomar,Lopez,jejomar.lopez.1618@example.com,Mindanao
1619,Fernando,Belmonte,fernando.belmonte.1619@example.com,Mindanao
1620,Dick,Pacquiao,dick.pacquiao.1620@example.com,Luzon
1621,Joel,Hontiveros,joel.hontiveros.1621@example.com,Mindanao
1622,Allan,Quezon,allan.quezon.1622@example.com,Mindanao
1623,Reynaldo,Gatchalian,reynaldo.gatchalian.1623@example.com,Mindanao
1624,Teodoro,Roxas,teodoro.roxas.1624@example.com,NCR
1625,Ferdinand,Legarda,ferdinand.legarda.1625@example.com,Luzon
1626,Manny,Gatchalian,manny.gatchalian.1626@example.com,Luzon
1627,Jojo,Bonifacio,jojo.bonifacio.1627@example.com,NCR
1628,Rex,Garcia,rex.garcia.1628@example.com,NCR
1629,Martin,Silang,martin.silang.1629@example.com,NCR
1630,Sonny,Gordon,sonny.gordon.1630@example.com,Mindanao
1631,Allan,Villar,allan.villar.1631@example.com,NCR
1632,Manny,Bonifacio,manny.bonifacio.1632@example.com,NCR
1633,Pia,Pimentel,pia.pimentel.1633@example.com,Visayas
1634,Cynthia,Ayala,cynthia.ayala.1634@example.com,NCR
1635,Alan,Rizal,alan.rizal.1635@example.com,Mindanao
1636,Ernesto,Padilla,ernesto.padilla.1636@example.com,NCR
1637,Richard,Legarda,richard.legarda.1637@example.com,Luzon
1638,Win,Navarro,win.navarro.1638@example.com,Luzon
1639,Fernando,Hontiveros,fernando.hontiveros.1639@example.com,Mindanao
1640,Sherwin,Magsaysay,sherwin.magsaysay.1640@example.com,Luzon
1641,Jojo,Recto,jojo.recto.1641@example.com,Visayas
1642,Jejomar,Ejercito,jejomar.ejercito.1642@example.com,Mindanao
1643,Sonny,Garcia,sonny.garcia.1643@example.com,Mindanao
1644,Romeo,Recto,romeo.recto.1644@example.com,Mindanao
1645,Rex,Dela Cruz,rex.delacruz.1645@example.com,NCR
1646,Raffy,Quirino,raffy.quirino.1646@example.com,Mindanao
1647,Isko,Honasan,isko.honasan.1647@example.com,NCR
1648,Rodrigo,Osmena,rodrigo.osmena.1648@example.com,Luzon
1649,Pia,Angara,pia.angara.1649@example.com,Luzon
1650,Jojo,Biazon,jojo.biazon.1650@example.com,Visayas
1651,Noli,Trillanes,noli.trillanes.1651@example.com,Visayas
1652,Mar,Tolentino,mar.tolentino.1652@example.com,NCR
1653,Abby,Aquino,abby.aquino.1653@example.com,NCR
1654,Vic,Cojuangco,vic.cojuangco.1654@example.com,Mindanao
1655,Koko,Domingo,koko.domingo.1655@example.com,Mindanao
1656,Jojo,Luna,jojo.luna.1656@example.com,NCR
1657,Loren,Remulla,loren.remulla.1657@example.com,Visayas
1658,Miguel,Perez,miguel.perez.1658@example.com,Mindanao
1659,Kiko,Mendoza,kiko.mendoza.1659@example.com,Mindanao
1660,Richard,Hontiveros,richard.hontiveros.1660@example.com,NCR
1661,Migz,Bautista,migz.bautista.1661@example.com,Mindanao
1662,Rex,Drilon,rex.drilon.1662@example.com,NCR
1663,Robin,Osmena,robin.osmena.1663@example.com,Visayas
1664,Rafael,Gatchalian,rafael.gatchalian.1664@example.com,Mindanao
1665,Mario,Tulfo,mario.tulfo.1665@example.com,NCR
1666,Ruben,Rizal,ruben.rizal.1666@example.com,Visayas
1667,Ferdinand,Ayala,ferdinand.ayala.1667@example.com,NCR
1668,Pia,Estrada,pia.estrada.1668@example.com,Visayas
1669,Romeo,Binay,romeo.binay.1669@example.com,Mindanao
1670,Chiz,Remulla,chiz.remulla.1670@example.com,NCR
1671,Sara,Belmonte,sara.belmonte.1671@example.com,Luzon
1672,Ruffy,Remulla,ruffy.remulla.1672@example.com,Luzon
1673,Ed,Castillo,ed.castillo.1673@example.com,Mindanao
1674,Kiko,Binay,kiko.binay.1674@example.com,Visayas
1675,Antonio,Aguinaldo,antonio.aguinaldo.1675@example.com,Visayas
1676,Pedro,Pangilinan,pedro.pangilinan.1676@example.com,NCR
1677,Ramon,Silang,ramon.silang.1677@example.com,Luzon
1678,Ramon,Abalos,ramon.abalos.1678@example.com,Visayas
1679,Migz,Ocampo,migz.ocampo.1679@example.com,Mindanao
1680,Richard,Domingo,richard.domingo.1680@example.com,Visayas
1681,JV,Aquino,jv.aquino.1681@example.com,Mindanao
1682,Pia,Luna,pia.luna.1682@example.com,Visayas
1683,Cory,Binay,cory.binay.1683@example.com,Visayas
1684,Leila,Perez,leila.perez.1684@example.com,Mindanao
1685,Sherwin,Cayetano,sherwin.cayetano.1685@example.com,Mindanao
1686,Abby,Del Pilar,abby.delpilar.1686@example.com,Visayas
1687,Win,Cayetano,win.cayetano.1687@example.com,Mindanao
1688,Sara,Marcos,sara.marcos.1688@example.com,NCR
1689,Noli,Tulfo,noli.tulfo.1689@example.com,Visayas
1690,Jose,Honasan,jose.honasan.1690@example.com,Visayas
1691,Isko,Castillo,isko.castillo.1691@example.com,Mindanao
1692,Joy,Quirino,joy.quirino.1692@example.com,Luzon
1693,Ping,Belmonte,ping.belmonte.1693@example.com,Mindanao
1694,Mark,Pimentel,mark.pimentel.1694@example.com,Luzon
1695,Rafael,Belmonte,rafael.belmonte.1695@example.com,Luzon
1696,Romeo,Estrada,romeo.estrada.1696@example.com,Mindanao
1697,Joy,Drilon,joy.drilon.1697@example.com,NCR
1698,Noli,Abalos,noli.abalos.1698@example.com,NCR
1699,Teodoro,Aguinaldo,teodoro.aguinaldo.1699@example.com,Luzon
1700,Joel,Silang,joel.silang.1700@example.com,Mindanao
1701,Tito,Duterte,tito.duterte.1701@example.com,NCR
1702,Francis,Drilon,francis.drilon.1702@example.com,Luzon
1703,Ruben,Estrada,ruben.estrada.1703@example.com,Visayas
1704,Ernesto,Tolentino,ernesto.tolentino.1704@example.com,Mindanao
1705,Carlos,Arroyo,carlos.arroyo.1705@example.com,Luzon
1706,Pepe,Flores,pepe.flores.1706@example.com,Visayas
1707,Koko,Lacson,koko.lacson.1707@example.com,Luzon
1708,Dick,Tan,dick.tan.1708@example.com,NCR
1709,Pepe,Moreno,pepe.moreno.1709@example.com,Visayas
1710,Rex,Cruz,rex.cruz.1710@example.com,Luzon
1711,Imee,Sy,imee.sy.1711@example.com,Mindanao
1712,Jejomar,Gokongwei,jejomar.gokongwei.1712@example.com,Luzon
1713,Robin,Gordon,robin.gordon.1713@example.com,Luzon
1714,Jinggoy,Binay,jinggoy.binay.1714@example.com,Luzon
1715,Richard,Rizal,richard.rizal.1715@example.com,NCR
1716,Robin,Gokongwei,robin.gokongwei.1716@example.com,Mindanao
1717,Pia,Ejercito,pia.ejercito.1717@example.com,Mindanao
1718,Vicente,Magsaysay,vicente.magsaysay.1718@example.com,Visayas
1719,Renato,Revilla,renato.revilla.1719@example.com,Luzon
1720,Risa,Angara,risa.angara.1720@example.com,Mindanao
1721,Danilo,Gomez,danilo.gomez.1721@example.com,Luzon
1722,Mar,Rizal,mar.rizal.1722@example.com,Visayas
1723,Ramon,Cojuangco,ramon.cojuangco.1723@example.com,Luzon
1724,Juan,Silang,juan.silang.1724@example.com,NCR
1725,Risa,Quezon,risa.quezon.1725@example.com,Visayas
1726,Pepe,Pangilinan,pepe.pangilinan.1726@example.com,NCR
1727,Francis,Duterte,francis.duterte.1727@example.com,NCR
1728,Teodoro,Robredo,teodoro.robredo.1728@example.com,NCR
1729,Vic,Tan,vic.tan.1729@example.com,Luzon
1730,Arturo,Cojuangco,arturo.cojuangco.1730@example.com,Luzon
1731,Rex,Lacson,rex.lacson.1731@example.com,NCR
1732,Marcelino,Quezon,marcelino.quezon.1732@example.com,Luzon
1733,Pepe,Pacquiao,pepe.pacquiao.1733@example.com,NCR
1734,Abby,Luna,abby.luna.1734@example.com,Luzon
1735,Ruffy,Castillo,ruffy.castillo.1735@example.com,NCR
1736,Joy,Perez,joy.perez.1736@example.com,NCR
1737,Fidel,Perez,fidel.perez.1737@example.com,Mindanao
1738,Bongbong,Arroyo,bongbong.arroyo.1738@example.com,NCR
1739,Teodoro,Poe,teodoro.poe.1739@example.com,Luzon
1740,Vico,Tan,vico.tan.1740@example.com,Mindanao
1741,Ed,Hontiveros,ed.hontiveros.1741@example.com,Visayas
1742,Cory,Quezon,cory.quezon.1742@example.com,Mindanao
1743,Manny,Poe,manny.poe.1743@example.com,NCR
1744,Robin,Lopez,robin.lopez.1744@example.com,NCR
1745,Kiko,Gordon,kiko.gordon.1745@example.com,Luzon
1746,Ernesto,Roxas,ernesto.roxas.1746@example.com,NCR
1747,Bam,Drilon,bam.drilon.1747@example.com,NCR
1748,Manny,Macapagal,manny.macapagal.1748@example.com,Luzon
1749,Panfilo,Pimentel,panfilo.pimentel.1749@example.com,Visayas
1750,Migz,Torres,migz.torres.1750@example.com,Mindanao
1751,Pedro,Castillo,pedro.castillo.1751@example.com,Mindanao
1752,Pedro,Dela Cruz,pedro.delacruz.1752@example.com,Visayas
1753,Grace,Moreno,grace.moreno.1753@example.com,Mindanao
1754,Teodoro,Silang,teodoro.silang.1754@example.com,NCR
1755,Benigno,Enrile,benigno.enrile.1755@example.com,NCR
1756,Bam,Remulla,bam.remulla.1756@example.com,Visayas
1757,Abby,Aguinaldo,abby.aguinaldo.1757@example.com,Visayas
1758,Miguel,Enrile,miguel.enrile.1758@example.com,NCR
1759,Grace,Magsaysay,grace.magsaysay.1759@example.com,Luzon
1760,Teodoro,Trillanes,teodoro.trillanes.1760@example.com,Luzon
1761,Risa,Ocampo,risa.ocampo.1761@example.com,Luzon
1762,Arturo,Poe,arturo.poe.1762@example.com,Luzon
1763,Imee,Aquino,imee.aquino.1763@example.com,Mindanao
1764,Ralph,Navarro,ralph.navarro.1764@example.com,Mindanao
1765,Francis,Ocampo,francis.ocampo.1765@example.com,NCR
1766,Jinggoy,Del Pilar,jinggoy.delpilar.1766@example.com,Mindanao
1767,Martin,Poe,martin.poe.1767@example.com,Mindanao
1768,Migz,Luna,migz.luna.1768@example.com,Visayas
1769,Jinggoy,Cruz,jinggoy.cruz.1769@example.com,Mindanao
1770,Rex,Villar,rex.villar.1770@example.com,Visayas
1771,Pia,Drilon,pia.drilon.1771@example.com,Luzon
1772,Sara,Tan,sara.tan.1772@example.com,Mindanao
1773,Miguel,Angara,miguel.angara.1773@example.com,Mindanao
1774,Tomas,Ayala,tomas.ayala.1774@example.com,Mindanao
1775,Ruffy,Mendoza,ruffy.mendoza.1775@example.com,Luzon
1776,JV,Quirino,jv.quirino.1776@example.com,Mindanao
1777,Sara,Honasan,sara.honasan.1777@example.com,NCR
1778,Win,Pangilinan,win.pangilinan.1778@example.com,Visayas
1779,Marcelino,Sison,marcelino.sison.1779@example.com,Mindanao
1780,Ruffy,Poe,ruffy.poe.1780@example.com,NCR
1781,Mar,Pimentel,mar.pimentel.1781@example.com,Visayas
1782,Rodolfo,Bonifacio,rodolfo.bonifacio.1782@example.com,NCR
1783,Sara,Padilla,sara.padilla.1783@example.com,NCR
1784,Richard,Padilla,richard.padilla.1784@example.com,Mindanao
1785,Nancy,Arroyo,nancy.arroyo.1785@example.com,Mindanao
1786,Arturo,Gatchalian,arturo.gatchalian.1786@example.com,Luzon
1787,Erap,Honasan,erap.honasan.1787@example.com,Luzon
1788,Pedro,Ramos,pedro.ramos.1788@example.com,NCR
1789,Kiko,Ramos,kiko.ramos.1789@example.com,Mindanao
1790,Joey,Luna,joey.luna.1790@example.com,Visayas
1791,Robin,Vargas,robin.vargas.1791@example.com,Luzon
1792,Danilo,Padilla,danilo.padilla.1792@example.com,Luzon
1793,Bam,Cayetano,bam.cayetano.1793@example.com,NCR
1794,Ping,Drilon,ping.drilon.1794@example.com,Luzon
1795,Romeo,Gokongwei,romeo.gokongwei.1795@example.com,Visayas
1796,Ping,Robredo,ping.robredo.1796@example.com,Mindanao
1797,Benigno,Pimentel,benigno.pimentel.1797@example.com,NCR
1798,Ernesto,Gokongwei,ernesto.gokongwei.1798@example.com,Luzon
1799,Robin,Sison,robin.sison.1799@example.com,Mindanao
1800,Jojo,Rizal,jojo.rizal.1800@example.com,NCR
1801,Migz,Castillo,migz.castillo.1801@example.com,Mindanao
1802,Vic,Ejercito,vic.ejercito.1802@example.com,Mindanao
1803,Nancy,Ayala,nancy.ayala.1803@example.com,Luzon
1804,Carlos,Reyes,carlos.reyes.1804@example.com,NCR
1805,Migz,Flores,migz.flores.1805@example.com,NCR
1806,Joey,Enrile,joey.enrile.1806@example.com,Mindanao
1807,Tito,Bonifacio,tito.bonifacio.1807@example.com,Mindanao
1808,Bam,Duterte,bam.duterte.1808@example.com,NCR
1809,Sherwin,Mabini,sherwin.mabini.1809@example.com,Luzon
1810,Jose,Enrile,jose.enrile.1810@example.com,Mindanao
1811,Mar,Torres,mar.torres.1811@example.com,Visayas
1812,Rodolfo,Zubiri,rodolfo.zubiri.1812@example.com,NCR
1813,Carlos,Drilon,carlos.drilon.1813@example.com,Mindanao
1814,Ernesto,Belmonte,ernesto.belmonte.1814@example.com,NCR
1815,Teodoro,Navarro,teodoro.navarro.1815@example.com,Visayas
1816,Abby,Tulfo,abby.tulfo.1816@example.com,Mindanao
1817,Pedro,Revilla,pedro.revilla.1817@example.com,Mindanao
1818,Tomas,Tolentino,tomas.tolentino.1818@example.com,NCR
1819,Ramon,Pangilinan,ramon.pangilinan.1819@example.com,Mindanao
1820,Fidel,Estrada,fidel.estrada.1820@example.com,Luzon
1821,Jejomar,Padilla,jejomar.padilla.1821@example.com,Mindanao
1822,Bongbong,Marcos,bongbong.marcos.1822@example.com,Mindanao
1823,Rodolfo,Duterte,rodolfo.duterte.1823@example.com,NCR
1824,Tomas,Gatchalian,tomas.gatchalian.1824@example.com,Mindanao
1825,Isko,Belmonte,isko.belmonte.1825@example.com,Luzon
1826,Reynaldo,Moreno,reynaldo.moreno.1826@example.com,NCR
1827,Cynthia,Aquino,cynthia.aquino.1827@example.com,NCR
1828,Alan,Ocampo,alan.ocampo.1828@example.com,Visayas
1829,Sonny,Gatchalian,sonny.gatchalian.1829@example.com,Mindanao
1830,Isko,Robredo,isko.robredo.1830@example.com,Mindanao
1831,Rodrigo,Gordon,rodrigo.gordon.1831@example.com,Mindanao
1832,Ferdinand,Cayetano,ferdinand.cayetano.1832@example.com,NCR
1833,Pia,Magsaysay,pia.magsaysay.1833@example.com,Luzon
1834,Vico,Quezon,vico.quezon.1834@example.com,Visayas
1835,Ernesto,Binay,ernesto.binay.1835@example.com,Visayas
1836,Win,Mendoza,win.mendoza.1836@example.com,Mindanao
1837,Teodoro,Gokongwei,teodoro.gokongwei.1837@example.com,Mindanao
1838,Grace,Castillo,grace.castillo.1838@example.com,Mindanao
1839,Panfilo,Sison,panfilo.sison.1839@example.com,NCR
1840,Ping,Binay,ping.binay.1840@example.com,Mindanao
1841,Cory,Ramos,cory.ramos.1841@example.com,Mindanao
1842,Jojo,Remulla,jojo.remulla.1842@example.com,Mindanao
1843,Martin,Magsaysay,martin.magsaysay.1843@example.com,Visayas
1844,Gloria,Marcos,gloria.marcos.1844@example.com,Mindanao
1845,Rafael,Honasan,rafael.honasan.1845@example.com,Visayas
1846,Kiko,Luna,kiko.luna.1846@example.com,Luzon
1847,Romeo,Sison,romeo.sison.1847@example.com,NCR
1848,Ed,Gordon,ed.gordon.1848@example.com,Visayas
1849,Sherwin,Gordon,sherwin.gordon.1849@example.com,Luzon
1850,Ramon,Aquino,ramon.aquino.1850@example.com,Luzon
1851,Pepe,Angara,pepe.angara.1851@example.com,Visayas
1852,Raffy,Estrada,raffy.estrada.1852@example.com,Mindanao
1853,Sherwin,Tolentino,sherwin.tolentino.1853@example.com,Luzon
1854,Dick,Abalos,dick.abalos.1854@example.com,Visayas
1855,Bam,Binay,bam.binay.1855@example.com,NCR
1856,Ed,Legarda,ed.legarda.1856@example.com,Luzon
1857,Carlos,Belmonte,carlos.belmonte.1857@example.com,Mindanao
1858,Erap,De Leon,erap.deleon.1858@example.com,Luzon
1859,Migz,Vargas,migz.vargas.1859@example.com,NCR
1860,Loren,Quezon,loren.quezon.1860@example.com,Visayas
1861,Sara,Cojuangco,sara.cojuangco.1861@example.com,NCR
1862,Reynaldo,Remulla,reynaldo.remulla.1862@example.com,Mindanao
1863,Arturo,Pacquiao,arturo.pacquiao.1863@example.com,NCR
1864,Antonio,Trillanes,antonio.trillanes.1864@example.com,Luzon
1865,Gloria,Perez,gloria.perez.1865@example.com,Luzon
1866,Lito,Garcia,lito.garcia.1866@example.com,Visayas
1867,Mark,Fernandez,mark.fernandez.1867@example.com,Luzon
1868,Ruben,Duterte,ruben.duterte.1868@example.com,Visayas
1869,Loren,Marquez,loren.marquez.1869@example.com,Visayas
1870,Pia,Gordon,pia.gordon.1870@example.com,Luzon
1871,Marcelino,Perez,marcelino.perez.1871@example.com,NCR
1872,Francis,Revilla,francis.revilla.1872@example.com,Visayas
1873,Antonio,Sy,antonio.sy.1873@example.com,Visayas
1874,Migz,Ayala,migz.ayala.1874@example.com,NCR
1875,Leni,Sotto,leni.sotto.1875@example.com,Visayas
1876,Jojo,Tan,jojo.tan.1876@example.com,Visayas
1877,Martin,Remulla,martin.remulla.1877@example.com,Luzon
1878,Bam,Pimentel,bam.pimentel.1878@example.com,NCR
1879,Danilo,Enrile,danilo.enrile.1879@example.com,Mindanao
1880,Ping,Bautista,ping.bautista.1880@example.com,Luzon
1881,Koko,Biazon,koko.biazon.1881@example.com,NCR
1882,Mar,Mabini,mar.mabini.1882@example.com,NCR
1883,Benigno,Macapagal,benigno.macapagal.1883@example.com,Luzon
1884,Panfilo,Reyes,panfilo.reyes.1884@example.com,Visayas
1885,Vic,Drilon,vic.drilon.1885@example.com,NCR
1886,Risa,Duterte,risa.duterte.1886@example.com,Luzon
1887,Vicente,Navarro,vicente.navarro.1887@example.com,Luzon
1888,JV,Tan,jv.tan.1888@example.com,Mindanao
1889,Risa,Mabini,risa.mabini.1889@example.com,Mindanao
1890,Martin,Fernandez,martin.fernandez.1890@example.com,NCR
1891,Jojo,Revilla,jojo.revilla.1891@example.com,Luzon
1892,Joey,Reyes,joey.reyes.1892@example.com,Visayas
1893,Ralph,Drilon,ralph.drilon.1893@example.com,Visayas
1894,Noli,Mabini,noli.mabini.1894@example.com,Luzon
1895,Imee,Robredo,imee.robredo.1895@example.com,Mindanao
1896,Isko,Quirino,isko.quirino.1896@example.com,NCR
1897,Ruffy,Gokongwei,ruffy.gokongwei.1897@example.com,Luzon
1898,Leni,Gordon,leni.gordon.1898@example.com,Visayas
1899,Leni,Villanueva,leni.villanueva.1899@example.com,NCR
1900,Ferdinand,Tulfo,ferdinand.tulfo.1900@example.com,Luzon
1901,Grace,Ramos,grace.ramos.1901@example.com,Luzon
1902,Vic,Macapagal,vic.macapagal.1902@example.com,NCR
1903,Joel,Quezon,joel.quezon.1903@example.com,Mindanao
1904,Miguel,Roxas,miguel.roxas.1904@example.com,Mindanao
1905,Koko,Luna,koko.luna.1905@example.com,Visayas
1906,Robin,Ocampo,robin.ocampo.1906@example.com,Mindanao
1907,Panfilo,Domingo,panfilo.domingo.1907@example.com,Visayas
1908,Jose,Lacson,jose.lacson.1908@example.com,Luzon
1909,Tomas,Moreno,tomas.moreno.1909@example.com,Mindanao
1910,Nancy,Marcos,nancy.marcos.1910@example.com,Mindanao
1911,Carlos,Lapid,carlos.lapid.1911@example.com,NCR
1912,Jinggoy,Arroyo,jinggoy.arroyo.1912@example.com,NCR
1913,Vic,Marquez,vic.marquez.1913@example.com,Visayas
1914,Rodolfo,Osmena,rodolfo.osmena.1914@example.com,Mindanao
1915,Benigno,Quezon,benigno.quezon.1915@example.com,NCR
1916,Mark,Villar,mark.villar.1916@example.com,NCR
1917,Imee,Dela Cruz,imee.delacruz.1917@example.com,NCR
1918,Pepe,Enrile,pepe.enrile.1918@example.com,Mindanao
1919,Miguel,Pangilinan,miguel.pangilinan.1919@example.com,NCR
1920,Arturo,Navarro,arturo.navarro.1920@example.com,Mindanao
1921,Bam,Abalos,bam.abalos.1921@example.com,Mindanao
1922,Mar,Navarro,mar.navarro.1922@example.com,Mindanao
1923,Kiko,Dela Cruz,kiko.delacruz.1923@example.com,Luzon
1924,Ramon,Gokongwei,ramon.gokongwei.1924@example.com,Visayas
1925,Francis,Legarda,francis.legarda.1925@example.com,Luzon
1926,Win,Gonzales,win.gonzales.1926@example.com,NCR
1927,Rafael,Sotto,rafael.sotto.1927@example.com,NCR
1928,Ramon,Poe,ramon.poe.1928@example.com,Visayas
1929,Sara,Pacquiao,sara.pacquiao.1929@example.com,NCR
1930,Abby,Dela Cruz,abby.delacruz.1930@example.com,Visayas
1931,Ping,Gordon,ping.gordon.1931@example.com,Luzon
1932,Joey,Revilla,joey.revilla.1932@example.com,Mindanao
1933,Renato,Gatchalian,renato.gatchalian.1933@example.com,NCR
1934,Ramon,Marquez,ramon.marquez.1934@example.com,Mindanao
1935,Imee,Legarda,imee.legarda.1935@example.com,Luzon
1936,Migz,Enrile,migz.enrile.1936@example.com,Luzon
1937,Joel,Sison,joel.sison.1937@example.com,Luzon
1938,Martin,Torres,martin.torres.1938@example.com,Mindanao
1939,Ping,Tan,ping.tan.1939@example.com,NCR
1940,Grace,Sy,grace.sy.1940@example.com,Mindanao
1941,JV,Domingo,jv.domingo.1941@example.com,Mindanao
1942,Antonio,Enrile,antonio.enrile.1942@example.com,Visayas
1943,Joel,Marquez,joel.marquez.1943@example.com,Mindanao
1944,Joel,Estrada,joel.estrada.1944@example.com,Luzon
1945,Chiz,Del Pilar,chiz.delpilar.1945@example.com,Luzon
1946,Isko,Zubiri,isko.zubiri.1946@example.com,NCR
1947,Cory,Drilon,cory.drilon.1947@example.com,NCR
1948,Sara,Osmena,sara.osmena.1948@example.com,Mindanao
1949,Vic,Rizal,vic.rizal.1949@example.com,NCR
1950,Mark,Bonifacio,mark.bonifacio.1950@example.com,Luzon
1951,Tomas,Binay,tomas.binay.1951@example.com,Mindanao
1952,Marcelino,Lacson,marcelino.lacson.1952@example.com,Visayas
1953,Fernando,Cayetano,fernando.cayetano.1953@example.com,Mindanao
1954,Rex,Revilla,rex.revilla.1954@example.com,NCR
1955,Reynaldo,Legarda,reynaldo.legarda.1955@example.com,Visayas
1956,Jojo,Hontiveros,jojo.hontiveros.1956@example.com,Visayas
1957,Erap,Rizal,erap.rizal.1957@example.com,Luzon
1958,Leni,Duterte,leni.duterte.1958@example.com,Mindanao
1959,Isko,Santos,isko.santos.1959@example.com,Luzon
1960,Ruben,Quezon,ruben.quezon.1960@example.com,Mindanao
1961,Mar,Gokongwei,mar.gokongwei.1961@example.com,NCR
1962,Ramon,Moreno,ramon.moreno.1962@example.com,Visayas
1963,Reynaldo,Gordon,reynaldo.gordon.1963@example.com,Mindanao
1964,Isko,Ramos,isko.ramos.1964@example.com,Visayas
1965,Pedro,Gokongwei,pedro.gokongwei.1965@example.com,Mindanao
1966,Isko,Angara,isko.angara.1966@example.com,Luzon
1967,Chiz,Sison,chiz.sison.1967@example.com,NCR
1968,Ferdinand,De Leon,ferdinand.deleon.1968@example.com,Mindanao
1969,Mar,Hontiveros,mar.hontiveros.1969@example.com,NCR
1970,Sara,Silang,sara.silang.1970@example.com,Mindanao
1971,Reynaldo,Gokongwei,reynaldo.gokongwei.1971@example.com,Luzon
1972,Migz,Remulla,migz.remulla.1972@example.com,Luzon
1973,Lito,Honasan,lito.honasan.1973@example.com,Visayas
1974,Sherwin,Gatchalian,sherwin.gatchalian.1974@example.com,Luzon
1975,Imee,De Leon,imee.deleon.1975@example.com,Mindanao
1976,Danilo,Navarro,danilo.navarro.1976@example.com,Mindanao
1977,Abby,Recto,abby.recto.1977@example.com,Luzon
1978,Vic,Torres,vic.torres.1978@example.com,Luzon
1979,Nancy,Cayetano,nancy.cayetano.1979@example.com,Mindanao
1980,Pepe,Quezon,pepe.quezon.1980@example.com,NCR
1981,Kiko,Quezon,kiko.quezon.1981@example.com,Mindanao
1982,Teodoro,Dela Cruz,teodoro.delacruz.1982@example.com,Mindanao
1983,Ruffy,Osmena,ruffy.osmena.1983@example.com,Visayas
1984,Ruben,Enrile,ruben.enrile.1984@example.com,Mindanao
1985,Manny,Osmena,manny.osmena.1985@example.com,Visayas
1986,Ping,Roxas,ping.roxas.1986@example.com,NCR
1987,Gloria,Belmonte,gloria.belmonte.1987@example.com,Luzon
1988,Mario,Gonzales,mario.gonzales.1988@example.com,NCR
1989,Teodoro,Rizal,teodoro.rizal.1989@example.com,Luzon
1990,Raffy,Mendoza,raffy.mendoza.1990@example.com,Visayas
1991,Tito,De Leon,tito.deleon.1991@example.com,NCR
1992,Richard,Navarro,richard.navarro.1992@example.com,Mindanao
1993,Fernando,Rizal,fernando.rizal.1993@example.com,Visayas
1994,Romeo,Cayetano,romeo.cayetano.1994@example.com,Visayas
1995,Gloria,Padilla,gloria.padilla.1995@example.com,NCR
1996,Ferdinand,Lacson,ferdinand.lacson.1996@example.com,Mindanao
1997,Bam,Del Pilar,bam.delpilar.1997@example.com,Visayas
1998,Nancy,Ramos,nancy.ramos.1998@example.com,Visayas
1999,Pia,Cojuangco,pia.cojuangco.1999@example.com,NCR
2000,Antonio,Ayala,antonio.ayala.2000@example.com,NCR
2001,Fidel,Magsaysay,fidel.magsaysay.2001@example.com,Luzon
2002,Rafael,Binay,rafael.binay.2002@example.com,Visayas
2003,Vicente,Bautista,vicente.bautista.2003@example.com,Luzon
2004,Tomas,Zubiri,tomas.zubiri.2004@example.com,Visayas
2005,Imee,Revilla,imee.revilla.2005@example.com,Visayas
2006,Dick,Bonifacio,dick.bonifacio.2006@example.com,NCR
2007,Leila,Silang,leila.silang.2007@example.com,Luzon
2008,Abby,Quezon,abby.quezon.2008@example.com,Luzon
2009,Pepe,Dela Cruz,pepe.delacruz.2009@example.com,NCR
2010,Ed,Gonzales,ed.gonzales.2010@example.com,Visayas
2011,Ferdinand,Vargas,ferdinand.vargas.2011@example.com,Visayas
2012,Ping,De Leon,ping.deleon.2012@example.com,Luzon
2013,Manny,Gokongwei,manny.gokongwei.2013@example.com,Luzon
2014,Manny,Enrile,manny.enrile.2014@example.com,Visayas
2015,Vic,Tolentino,vic.tolentino.2015@example.com,Luzon
2016,Joy,Belmonte,joy.belmonte.2016@example.com,NCR
2017,Cynthia,Marcos,cynthia.marcos.2017@example.com,Mindanao
2018,Isko,Padilla,isko.padilla.2018@example.com,Visayas
2019,Rodolfo,Arroyo,rodolfo.arroyo.2019@example.com,NCR
2020,Erap,Robredo,erap.robredo.2020@example.com,Mindanao
2021,Loren,Dela Cruz,loren.delacruz.2021@example.com,Mindanao
2022,Cory,Silang,cory.silang.2022@example.com,Mindanao
2023,Ruffy,Silang,ruffy.silang.2023@example.com,Visayas
2024,Arturo,Perez,arturo.perez.2024@example.com,NCR
2025,Lito,Bonifacio,lito.bonifacio.2025@example.com,Luzon
2026,Nancy,Robredo,nancy.robredo.2026@example.com,Luzon
2027,Ernesto,Magsaysay,ernesto.magsaysay.2027@example.com,NCR
2028,Ruben,Remulla,ruben.remulla.2028@example.com,Luzon
2029,Alan,Arroyo,alan.arroyo.2029@example.com,Visayas
2030,Tomas,Arroyo,tomas.arroyo.2030@example.com,Luzon
2031,Benigno,Ocampo,benigno.ocampo.2031@example.com,Visayas
2032,Gloria,Cayetano,gloria.cayetano.2032@example.com,Mindanao
2033,Allan,Macapagal,allan.macapagal.2033@example.com,Mindanao
2034,Allan,Ejercito,allan.ejercito.2034@example.com,Mindanao
2035,Erap,Bautista,erap.bautista.2035@example.com,Luzon
2036,Ramon,Rizal,ramon.rizal.2036@example.com,Mindanao
2037,Joey,Macapagal,joey.macapagal.2037@example.com,Luzon
2038,Arturo,Sison,arturo.sison.2038@example.com,Luzon
2039,Grace,Belmonte,grace.belmonte.2039@example.com,Luzon
2040,Jose,Pacquiao,jose.pacquiao.2040@example.com,Luzon
2041,Romeo,Cruz,romeo.cruz.2041@example.com,Luzon
2042,Vicente,Pangilinan,vicente.pangilinan.2042@example.com,NCR
2043,Bongbong,Tolentino,bongbong.tolentino.2043@example.com,NCR
2044,Romeo,De Leon,romeo.deleon.2044@example.com,Visayas
2045,Pedro,Villanueva,pedro.villanueva.2045@example.com,NCR
2046,Mario,Villanueva,mario.villanueva.2046@example.com,Luzon
2047,Arturo,Remulla,arturo.remulla.2047@example.com,Visayas
2048,Arturo,Pangilinan,arturo.pangilinan.2048@example.com,Visayas
2049,Gloria,Cruz,gloria.cruz.2049@example.com,Visayas
2050,Abby,Macapagal,abby.macapagal.2050@example.com,Luzon
2051,Joey,Moreno,joey.moreno.2051@example.com,NCR
2052,Dick,Santos,dick.santos.2052@example.com,Mindanao
2053,Sherwin,De Leon,sherwin.deleon.2053@example.com,NCR
2054,Allan,Recto,allan.recto.2054@example.com,NCR
2055,Ruben,Abalos,ruben.abalos.2055@example.com,Luzon
2056,Ramon,Robredo,ramon.robredo.2056@example.com,Luzon
2057,Joy,Vargas,joy.vargas.2057@example.com,NCR
2058,Ralph,Santos,ralph.santos.2058@example.com,Mindanao
2059,Grace,Abalos,grace.abalos.2059@example.com,NCR
2060,Pepe,Silang,pepe.silang.2060@example.com,Visayas
2061,Martin,Pimentel,martin.pimentel.2061@example.com,Mindanao
2062,Benigno,Zubiri,benigno.zubiri.2062@example.com,Visayas
2063,Chiz,Gokongwei,chiz.gokongwei.2063@example.com,Mindanao
2064,Jejomar,Drilon,jejomar.drilon.2064@example.com,Visayas
2065,Miguel,Domingo,miguel.domingo.2065@example.com,Luzon
2066,Grace,Gonzales,grace.gonzales.2066@example.com,Luzon
2067,Risa,Garcia,risa.garcia.2067@example.com,NCR
2068,Sonny,Quezon,sonny.quezon.2068@example.com,Luzon
2069,Robin,Villar,robin.villar.2069@example.com,Visayas
2070,Miguel,Hontiveros,miguel.hontiveros.2070@example.com,Visayas
2071,Sherwin,Belmonte,sherwin.belmonte.2071@example.com,Visayas
2072,Mark,Perez,mark.perez.2072@example.com,Mindanao
2073,Migz,Rizal,migz.rizal.2073@example.com,Visayas
2074,Joey,Padilla,joey.padilla.2074@example.com,NCR
2075,Fidel,Remulla,fidel.remulla.2075@example.com,Luzon
2076,Jinggoy,Sison,jinggoy.sison.2076@example.com,NCR
2077,Rafael,Biazon,rafael.biazon.2077@example.com,Luzon
2078,Marcelino,Cojuangco,marcelino.cojuangco.2078@example.com,Mindanao
2079,Danilo,Ejercito,danilo.ejercito.2079@example.com,Luzon
2080,Joel,Magsaysay,joel.magsaysay.2080@example.com,NCR
2081,Joy,Trillanes,joy.trillanes.2081@example.com,Mindanao
2082,Carlos,Osmena,carlos.osmena.2082@example.com,Luzon
2083,Panfilo,Santos,panfilo.santos.2083@example.com,Mindanao
2084,Vico,Arroyo,vico.arroyo.2084@example.com,NCR
2085,Mar,Recto,mar.recto.2085@example.com,Luzon
2086,Miguel,Binay,miguel.binay.2086@example.com,NCR
2087,Chiz,Pimentel,chiz.pimentel.2087@example.com,Visayas
2088,Miguel,Gordon,miguel.gordon.2088@example.com,NCR
2089,Nancy,Mabini,nancy.mabini.2089@example.com,Luzon
2090,Ruben,Gomez,ruben.gomez.2090@example.com,Mindanao
2091,Ferdinand,Mendoza,ferdinand.mendoza.2091@example.com,NCR
2092,Abby,Robredo,abby.robredo.2092@example.com,NCR
2093,Allan,Dela Cruz,allan.delacruz.2093@example.com,Luzon
2094,Jejomar,Silang,jejomar.silang.2094@example.com,Luzon
2095,Benigno,Osmena,benigno.osmena.2095@example.com,Visayas
2096,Danilo,Gatchalian,danilo.gatchalian.2096@example.com,Luzon
2097,Fernando,Remulla,fernando.remulla.2097@example.com,Visayas
2098,Ernesto,Moreno,ernesto.moreno.2098@example.com,Luzon
2099,Ed,Torres,ed.torres.2099@example.com,Visayas
2100,JV,Cojuangco,jv.cojuangco.2100@example.com,Visayas
2101,Gloria,Reyes,gloria.reyes.2101@example.com,NCR
2102,Panfilo,Marcos,panfilo.marcos.2102@example.com,Luzon
2103,Erap,Remulla,erap.remulla.2103@example.com,NCR
2104,Chiz,Pacquiao,chiz.pacquiao.2104@example.com,Visayas
2105,Noli,Castillo,noli.castillo.2105@example.com,Luzon
2106,Loren,Belmonte,loren.belmonte.2106@example.com,Visayas
2107,Fernando,Arroyo,fernando.arroyo.2107@example.com,NCR
2108,Ruben,Binay,ruben.binay.2108@example.com,Mindanao
2109,Antonio,Cojuangco,antonio.cojuangco.2109@example.com,Luzon
2110,Jejomar,Honasan,jejomar.honasan.2110@example.com,NCR
2111,Marcelino,Recto,marcelino.recto.2111@example.com,Mindanao
2112,Rodolfo,Silang,rodolfo.silang.2112@example.com,Mindanao
2113,Pedro,Trillanes,pedro.trillanes.2113@example.com,Mindanao
2114,Risa,Tan,risa.tan.2114@example.com,Luzon
2115,Koko,Cruz,koko.cruz.2115@example.com,Visayas
2116,Danilo,Tolentino,danilo.tolentino.2116@example.com,NCR
2117,Imee,Quezon,imee.quezon.2117@example.com,Mindanao
2118,Chiz,Arroyo,chiz.arroyo.2118@example.com,Mindanao
2119,Alan,Sy,alan.sy.2119@example.com,Mindanao
2120,Fernando,Vargas,fernando.vargas.2120@example.com,Luzon
2121,Tito,Estrada,tito.estrada.2121@example.com,Visayas
2122,Bam,Reyes,bam.reyes.2122@example.com,NCR
2123,Ramon,Bonifacio,ramon.bonifacio.2123@example.com,NCR
2124,Pedro,Ayala,pedro.ayala.2124@example.com,NCR
2125,Marcelino,Abalos,marcelino.abalos.2125@example.com,Luzon
2126,JV,Lapid,jv.lapid.2126@example.com,Mindanao
2127,Martin,Dela Cruz,martin.delacruz.2127@example.com,Visayas
2128,Miguel,Lacson,miguel.lacson.2128@example.com,Mindanao
2129,Migz,Villar,migz.villar.2129@example.com,Visayas
2130,Ramon,Magsaysay,ramon.magsaysay.2130@example.com,NCR
2131,Sherwin,Duterte,sherwin.duterte.2131@example.com,Mindanao
2132,Isko,Roxas,isko.roxas.2132@example.com,Mindanao
2133,Pepe,Hontiveros,pepe.hontiveros.2133@example.com,Luzon
2134,Pedro,Cayetano,pedro.cayetano.2134@example.com,Visayas
2135,Richard,Ayala,richard.ayala.2135@example.com,Mindanao
2136,Leila,Lapid,leila.lapid.2136@example.com,Luzon
2137,Grace,Villar,grace.villar.2137@example.com,Visayas
2138,Koko,Ocampo,koko.ocampo.2138@example.com,Luzon
2139,Mark,Domingo,mark.domingo.2139@example.com,Visayas
2140,Dick,Tulfo,dick.tulfo.2140@example.com,NCR
2141,Marcelino,Marquez,marcelino.marquez.2141@example.com,Visayas
2142,Ruffy,Gonzales,ruffy.gonzales.2142@example.com,Mindanao
2143,Arturo,Robredo,arturo.robredo.2143@example.com,NCR
2144,Migz,Mendoza,migz.mendoza.2144@example.com,Visayas
2145,Robin,Honasan,robin.honasan.2145@example.com,Visayas
2146,Alan,Aguinaldo,alan.aguinaldo.2146@example.com,Mindanao
2147,Mar,Pangilinan,mar.pangilinan.2147@example.com,Visayas
2148,Marcelino,Ayala,marcelino.ayala.2148@example.com,Mindanao
2149,Nancy,Navarro,nancy.navarro.2149@example.com,Mindanao
2150,Jose,Padilla,jose.padilla.2150@example.com,Mindanao
2151,Lito,Rizal,lito.rizal.2151@example.com,Mindanao
2152,Mario,Pacquiao,mario.pacquiao.2152@example.com,Visayas
2153,Renato,Lopez,renato.lopez.2153@example.com,Visayas
2154,Jojo,Ramos,jojo.ramos.2154@example.com,Visayas
2155,Benigno,Recto,benigno.recto.2155@example.com,NCR
2156,Chiz,Castro,chiz.castro.2156@example.com,Luzon
2157,Juan,Torres,juan.torres.2157@example.com,Visayas
2158,Allan,Belmonte,allan.belmonte.2158@example.com,Mindanao
2159,Ferdinand,Marcos,ferdinand.marcos.2159@example.com,Mindanao
2160,Sherwin,Silang,sherwin.silang.2160@example.com,Visayas
2161,Sonny,Gokongwei,sonny.gokongwei.2161@example.com,Luzon
2162,Cynthia,Marquez,cynthia.marquez.2162@example.com,Mindanao
2163,Mark,Mabini,mark.mabini.2163@example.com,Mindanao
2164,Ralph,Castro,ralph.castro.2164@example.com,Mindanao
2165,Romeo,Gonzales,romeo.gonzales.2165@example.com,NCR
2166,Jejomar,Zubiri,jejomar.zubiri.2166@example.com,Luzon
2167,Chiz,Villanueva,chiz.villanueva.2167@example.com,Mindanao
2168,Migz,Sison,migz.sison.2168@example.com,Luzon
2169,Benigno,Mabini,benigno.mabini.2169@example.com,Mindanao
2170,Ping,Osmena,ping.osmena.2170@example.com,Luzon
2171,Loren,Aguinaldo,loren.aguinaldo.2171@example.com,NCR
2172,Joel,Tolentino,joel.tolentino.2172@example.com,Visayas
2173,Ferdinand,Pacquiao,ferdinand.pacquiao.2173@example.com,Visayas
2174,Fidel,Poe,fidel.poe.2174@example.com,Luzon
2175,Jose,Arroyo,jose.arroyo.2175@example.com,Visayas
2176,Arturo,Quezon,arturo.quezon.2176@example.com,NCR
2177,Rafael,Pangilinan,rafael.pangilinan.2177@example.com,Visayas
2178,Juan,Quirino,juan.quirino.2178@example.com,NCR
2179,Manny,Robredo,manny.robredo.2179@example.com,Visayas
2180,Joy,Marcos,joy.marcos.2180@example.com,Mindanao
2181,Vico,Gatchalian,vico.gatchalian.2181@example.com,Mindanao
2182,Ruben,Gokongwei,ruben.gokongwei.2182@example.com,Mindanao
2183,Francis,Gatchalian,francis.gatchalian.2183@example.com,Visayas
2184,Pedro,Marcos,pedro.marcos.2184@example.com,Luzon
2185,Jinggoy,Aquino,jinggoy.aquino.2185@example.com,NCR
2186,Mar,Villar,mar.villar.2186@example.com,Luzon
2187,Mark,Zubiri,mark.zubiri.2187@example.com,Mindanao
2188,Rodolfo,Tulfo,rodolfo.tulfo.2188@example.com,NCR
2189,Allan,Pacquiao,allan.pacquiao.2189@example.com,Visayas
2190,Ferdinand,Magsaysay,ferdinand.magsaysay.2190@example.com,Visayas
2191,Juan,Bonifacio,juan.bonifacio.2191@example.com,Luzon
2192,Imee,Rizal,imee.rizal.2192@example.com,Visayas
2193,Abby,Sotto,abby.sotto.2193@example.com,Luzon
2194,Risa,Padilla,risa.padilla.2194@example.com,Luzon
2195,Ferdinand,Recto,ferdinand.recto.2195@example.com,Mindanao
2196,Arturo,Gomez,arturo.gomez.2196@example.com,Luzon
2197,Jejomar,Garcia,jejomar.garcia.2197@example.com,Luzon
2198,Erap,Binay,erap.binay.2198@example.com,Mindanao
2199,Isko,Gomez,isko.gomez.2199@example.com,Visayas
2200,Joy,Revilla,joy.revilla.2200@example.com,Visayas
2201,Carlos,Lopez,carlos.lopez.2201@example.com,Luzon
2202,Fidel,Silang,fidel.silang.2202@example.com,NCR
2203,Mar,Santos,mar.santos.2203@example.com,Luzon
2204,Koko,Lapid,koko.lapid.2204@example.com,Luzon
2205,Manny,Angara,manny.angara.2205@example.com,Visayas
2206,Fernando,Tolentino,fernando.tolentino.2206@example.com,NCR
2207,Jojo,Gatchalian,jojo.gatchalian.2207@example.com,Mindanao
2208,Benigno,Binay,benigno.binay.2208@example.com,Luzon
2209,Abby,Vargas,abby.vargas.2209@example.com,Luzon
2210,Pedro,Belmonte,pedro.belmonte.2210@example.com,Mindanao
2211,Imee,Silang,imee.silang.2211@example.com,NCR
2212,Erap,Aguinaldo,erap.aguinaldo.2212@example.com,NCR
2213,Mar,Osmena,mar.osmena.2213@example.com,Visayas
2214,Teodoro,Ejercito,teodoro.ejercito.2214@example.com,Mindanao
2215,Danilo,Gordon,danilo.gordon.2215@example.com,Luzon
2216,Reynaldo,Gomez,reynaldo.gomez.2216@example.com,Visayas
2217,Joey,Ayala,joey.ayala.2217@example.com,Mindanao
2218,Cory,Sotto,cory.sotto.2218@example.com,Luzon
2219,Ernesto,Ejercito,ernesto.ejercito.2219@example.com,Visayas
2220,Arturo,Trillanes,arturo.trillanes.2220@example.com,Visayas
2221,Lito,Villar,lito.villar.2221@example.com,Visayas
2222,Rodolfo,Bautista,rodolfo.bautista.2222@example.com,Mindanao
2223,Rex,Sotto,rex.sotto.2223@example.com,Mindanao
2224,Marcelino,Duterte,marcelino.duterte.2224@example.com,Mindanao
2225,Leila,Belmonte,leila.belmonte.2225@example.com,Visayas
2226,Bam,Zubiri,bam.zubiri.2226@example.com,Visayas
2227,Benigno,Moreno,benigno.moreno.2227@example.com,NCR
2228,Mario,Ejercito,mario.ejercito.2228@example.com,Mindanao
2229,Pepe,Arroyo,pepe.arroyo.2229@example.com,Visayas
2230,Ralph,Torres,ralph.torres.2230@example.com,Visayas
2231,Jejomar,Villanueva,jejomar.villanueva.2231@example.com,Luzon
2232,Manny,Del Pilar,manny.delpilar.2232@example.com,Mindanao
2233,Vico,Villar,vico.villar.2233@example.com,Visayas
2234,Ferdinand,Cojuangco,ferdinand.cojuangco.2234@example.com,Visayas
2235,Dick,Sy,dick.sy.2235@example.com,NCR
2236,Leni,Lopez,leni.lopez.2236@example.com,Mindanao
2237,Francis,Santos,francis.santos.2237@example.com,Luzon
2238,Joy,Enrile,joy.enrile.2238@example.com,Mindanao
2239,Rodolfo,Cojuangco,rodolfo.cojuangco.2239@example.com,Visayas
2240,Cynthia,Fernandez,cynthia.fernandez.2240@example.com,Luzon
2241,Rex,Santos,rex.santos.2241@example.com,Mindanao
2242,Pedro,Pimentel,pedro.pimentel.2242@example.com,Luzon
2243,Bongbong,Magsaysay,bongbong.magsaysay.2243@example.com,Luzon
2244,Rafael,Aquino,rafael.aquino.2244@example.com,Visayas
2245,Miguel,Tolentino,miguel.tolentino.2245@example.com,Mindanao
2246,Miguel,Legarda,miguel.legarda.2246@example.com,Luzon
2247,Dick,Lacson,dick.lacson.2247@example.com,NCR
2248,Raffy,Ramos,raffy.ramos.2248@example.com,Mindanao
2249,Sonny,Tan,sonny.tan.2249@example.com,Mindanao
2250,Koko,Trillanes,koko.trillanes.2250@example.com,Luzon
2251,Sonny,Sy,sonny.sy.2251@example.com,NCR
2252,Win,Bonifacio,win.bonifacio.2252@example.com,NCR
2253,Noli,Dela Cruz,noli.delacruz.2253@example.com,Luzon
2254,Mark,Bautista,mark.bautista.2254@example.com,Luzon
2255,Mario,Bautista,mario.bautista.2255@example.com,Luzon
2256,Joel,Drilon,joel.drilon.2256@example.com,Visayas
2257,Fernando,Bautista,fernando.bautista.2257@example.com,NCR
2258,Bongbong,Ramos,bongbong.ramos.2258@example.com,Mindanao
2259,JV,Arroyo,jv.arroyo.2259@example.com,NCR
2260,Mario,Bonifacio,mario.bonifacio.2260@example.com,Luzon
2261,Ralph,Mendoza,ralph.mendoza.2261@example.com,NCR
2262,Panfilo,Lapid,panfilo.lapid.2262@example.com,Visayas
2263,Panfilo,Tulfo,panfilo.tulfo.2263@example.com,NCR
2264,Francis,Mabini,francis.mabini.2264@example.com,NCR
2265,Leila,Luna,leila.luna.2265@example.com,Mindanao
2266,Grace,Marquez,grace.marquez.2266@example.com,Luzon
2267,Sherwin,Marquez,sherwin.marquez.2267@example.com,Mindanao
2268,Joey,Fernandez,joey.fernandez.2268@example.com,Mindanao
2269,Ruben,Flores,ruben.flores.2269@example.com,NCR
2270,Mar,Duterte,mar.duterte.2270@example.com,Luzon
2271,Rex,Aquino,rex.aquino.2271@example.com,Luzon
2272,Manny,Honasan,manny.honasan.2272@example.com,Visayas
2273,Pedro,Bonifacio,pedro.bonifacio.2273@example.com,NCR
2274,Kiko,Padilla,kiko.padilla.2274@example.com,Mindanao
2275,Raffy,Pangilinan,raffy.pangilinan.2275@example.com,NCR
2276,Ferdinand,Arroyo,ferdinand.arroyo.2276@example.com,Luzon
2277,Jose,Magsaysay,jose.magsaysay.2277@example.com,Mindanao
2278,Reynaldo,Poe,reynaldo.poe.2278@example.com,NCR
2279,Ruffy,Revilla,ruffy.revilla.2279@example.com,Luzon
2280,Tito,Mabini,tito.mabini.2280@example.com,Visayas
2281,Erap,Cojuangco,erap.cojuangco.2281@example.com,Visayas
2282,Panfilo,Pacquiao,panfilo.pacquiao.2282@example.com,Luzon
2283,Abby,Ocampo,abby.ocampo.2283@example.com,Luzon
2284,Joy,Cojuangco,joy.cojuangco.2284@example.com,NCR
2285,Ping,Hontiveros,ping.hontiveros.2285@example.com,Luzon
2286,Martin,Perez,martin.perez.2286@example.com,Luzon
2287,Gloria,Poe,gloria.poe.2287@example.com,Visayas
2288,Teodoro,Quirino,teodoro.quirino.2288@example.com,Visayas
2289,Reynaldo,Villanueva,reynaldo.villanueva.2289@example.com,Mindanao
2290,Danilo,Remulla,danilo.remulla.2290@example.com,Mindanao
2291,Koko,Pangilinan,koko.pangilinan.2291@example.com,Visayas
2292,JV,Binay,jv.binay.2292@example.com,NCR
2293,JV,Tulfo,jv.tulfo.2293@example.com,Luzon
2294,Tomas,Magsaysay,tomas.magsaysay.2294@example.com,Visayas
2295,Joy,Lacson,joy.lacson.2295@example.com,NCR
2296,Rodolfo,Luna,rodolfo.luna.2296@example.com,Mindanao
2297,Raffy,Domingo,raffy.domingo.2297@example.com,Luzon
2298,Vic,Binay,vic.binay.2298@example.com,Visayas
2299,Cynthia,Castro,cynthia.castro.2299@example.com,NCR
2300,Manny,Domingo,manny.domingo.2300@example.com,NCR
2301,Ralph,Duterte,ralph.duterte.2301@example.com,Luzon
2302,Richard,Tan,richard.tan.2302@example.com,Mindanao
2303,Romeo,Gordon,romeo.gordon.2303@example.com,NCR
2304,Mario,Santos,mario.santos.2304@example.com,Luzon
2305,Tito,Castillo,tito.castillo.2305@example.com,Visayas
2306,Ralph,Luna,ralph.luna.2306@example.com,NCR
2307,Leila,Biazon,leila.biazon.2307@example.com,Visayas
2308,Pedro,Angara,pedro.angara.2308@example.com,Mindanao
2309,Erap,Torres,erap.torres.2309@example.com,Visayas
2310,Jejomar,Marcos,jejomar.marcos.2310@example.com,Luzon
2311,Bam,Dela Cruz,bam.delacruz.2311@example.com,Visayas
2312,Francis,Pimentel,francis.pimentel.2312@example.com,Mindanao
2313,Danilo,Sison,danilo.sison.2313@example.com,Luzon
2314,Bongbong,Lapid,bongbong.lapid.2314@example.com,NCR
2315,Arturo,Honasan,arturo.honasan.2315@example.com,Mindanao
2316,Erap,Gokongwei,erap.gokongwei.2316@example.com,NCR
2317,Grace,Bautista,grace.bautista.2317@example.com,Visayas
2318,Marcelino,Domingo,marcelino.domingo.2318@example.com,Mindanao
2319,Panfilo,Hontiveros,panfilo.hontiveros.2319@example.com,Visayas
2320,Fidel,Zubiri,fidel.zubiri.2320@example.com,Mindanao
2321,Isko,Enrile,isko.enrile.2321@example.com,NCR
2322,Ferdinand,Santos,ferdinand.santos.2322@example.com,Mindanao
2323,Panfilo,Abalos,panfilo.abalos.2323@example.com,Visayas
2324,Danilo,Vargas,danilo.vargas.2324@example.com,NCR
2325,Tomas,Honasan,tomas.honasan.2325@example.com,Mindanao
2326,Rodrigo,Ayala,rodrigo.ayala.2326@example.com,NCR
2327,Ferdinand,Gonzales,ferdinand.gonzales.2327@example.com,Mindanao
2328,Antonio,Tolentino,antonio.tolentino.2328@example.com,NCR
2329,Grace,Garcia,grace.garcia.2329@example.com,Luzon
2330,Miguel,Osmena,miguel.osmena.2330@example.com,Luzon
2331,Ernesto,Marquez,ernesto.marquez.2331@example.com,Visayas
2332,Marcelino,Macapagal,marcelino.macapagal.2332@example.com,Visayas
2333,JV,Gokongwei,jv.gokongwei.2333@example.com,NCR
2334,Francis,Ejercito,francis.ejercito.2334@example.com,Luzon
2335,Martin,Cruz,martin.cruz.2335@example.com,Luzon
2336,Rodrigo,Duterte,rodrigo.duterte.2336@example.com,Visayas
2337,Gloria,Gomez,gloria.gomez.2337@example.com,Visayas
2338,Rodolfo,Legarda,rodolfo.legarda.2338@example.com,NCR
2339,Abby,Rizal,abby.rizal.2339@example.com,Luzon
2340,Jose,Quezon,jose.quezon.2340@example.com,Mindanao
2341,Carlos,Gokongwei,carlos.gokongwei.2341@example.com,Luzon
2342,Chiz,Legarda,chiz.legarda.2342@example.com,NCR
2343,Cynthia,Silang,cynthia.silang.2343@example.com,Mindanao
2344,Ferdinand,Rizal,ferdinand.rizal.2344@example.com,Visayas
2345,Rodolfo,Padilla,rodolfo.padilla.2345@example.com,Visayas
2346,Risa,Villar,risa.villar.2346@example.com,NCR
2347,Abby,Ejercito,abby.ejercito.2347@example.com,NCR
2348,Dick,Revilla,dick.revilla.2348@example.com,Visayas
2349,Martin,Domingo,martin.domingo.2349@example.com,Mindanao
2350,Loren,Lapid,loren.lapid.2350@example.com,Luzon
2351,Isko,Marquez,isko.marquez.2351@example.com,Visayas
2352,Sara,Garcia,sara.garcia.2352@example.com,Visayas
2353,Sonny,Ocampo,sonny.ocampo.2353@example.com,Visayas
2354,Sonny,Santos,sonny.santos.2354@example.com,Visayas
2355,Abby,Tolentino,abby.tolentino.2355@example.com,Luzon
2356,Migz,Gordon,migz.gordon.2356@example.com,Luzon
2357,Renato,Bautista,renato.bautista.2357@example.com,Mindanao
2358,Gloria,Rizal,gloria.rizal.2358@example.com,NCR
2359,Tomas,Santos,tomas.santos.2359@example.com,Luzon
2360,Fernando,Flores,fernando.flores.2360@example.com,Luzon
2361,Vicente,Marquez,vicente.marquez.2361@example.com,Luzon
2362,Joey,De Leon,joey.deleon.2362@example.com,NCR
2363,Miguel,Macapagal,miguel.macapagal.2363@example.com,Visayas
2364,Cynthia,Gomez,cynthia.gomez.2364@example.com,Mindanao
2365,Antonio,Domingo,antonio.domingo.2365@example.com,Mindanao
2366,Miguel,Bonifacio,miguel.bonifacio.2366@example.com,Visayas
2367,Risa,Drilon,risa.drilon.2367@example.com,Visayas
2368,Ruffy,Quezon,ruffy.quezon.2368@example.com,Mindanao
2369,Sherwin,Binay,sherwin.binay.2369@example.com,Visayas
2370,Allan,Hontiveros,allan.hontiveros.2370@example.com,Visayas
2371,JV,Marcos,jv.marcos.2371@example.com,Visayas
2372,Ferdinand,Moreno,ferdinand.moreno.2372@example.com,Visayas
2373,Pepe,Tulfo,pepe.tulfo.2373@example.com,Visayas
2374,Win,Villar,win.villar.2374@example.com,Visayas
2375,Joy,Osmena,joy.osmena.2375@example.com,NCR
2376,Pia,Binay,pia.binay.2376@example.com,Luzon
2377,Migz,Legarda,migz.legarda.2377@example.com,Mindanao
2378,Imee,Ayala,imee.ayala.2378@example.com,NCR
2379,Jojo,Trillanes,jojo.trillanes.2379@example.com,Luzon
2380,Rex,Enrile,rex.enrile.2380@example.com,Visayas
2381,Mar,De Leon,mar.deleon.2381@example.com,Mindanao
2382,Pepe,Poe,pepe.poe.2382@example.com,Visayas
2383,Vic,Quezon,vic.quezon.2383@example.com,NCR
2384,Renato,Pacquiao,renato.pacquiao.2384@example.com,NCR
2385,Manny,Cayetano,manny.cayetano.2385@example.com,Visayas
2386,Vic,Gatchalian,vic.gatchalian.2386@example.com,NCR
2387,Teodoro,Fernandez,teodoro.fernandez.2387@example.com,Luzon
2388,Win,Ocampo,win.ocampo.2388@example.com,Visayas
2389,Alan,Macapagal,alan.macapagal.2389@example.com,Luzon
2390,Ramon,Cayetano,ramon.cayetano.2390@example.com,Visayas
2391,Danilo,Flores,danilo.flores.2391@example.com,Luzon
2392,Vic,Luna,vic.luna.2392@example.com,Mindanao
2393,Loren,Cruz,loren.cruz.2393@example.com,Luzon
2394,Sonny,Ayala,sonny.ayala.2394@example.com,Visayas
2395,Leni,Garcia,leni.garcia.2395@example.com,Luzon
2396,Robin,Santos,robin.santos.2396@example.com,Luzon
2397,Ruffy,Gatchalian,ruffy.gatchalian.2397@example.com,Mindanao
2398,Joey,Biazon,joey.biazon.2398@example.com,Luzon
2399,Romeo,Macapagal,romeo.macapagal.2399@example.com,Mindanao
2400,Lito,Flores,lito.flores.2400@example.com,NCR
2401,Rex,Bonifacio,rex.bonifacio.2401@example.com,Mindanao
2402,Richard,Gordon,richard.gordon.2402@example.com,Mindanao
2403,Cory,Marquez,cory.marquez.2403@example.com,NCR
2404,Juan,Rizal,juan.rizal.2404@example.com,Mindanao
2405,Jinggoy,Navarro,jinggoy.navarro.2405@example.com,Mindanao
2406,Ramon,Ayala,ramon.ayala.2406@example.com,Visayas
2407,Lito,Castillo,lito.castillo.2407@example.com,NCR
2408,Leni,Drilon,leni.drilon.2408@example.com,Visayas
2409,Raffy,Arroyo,raffy.arroyo.2409@example.com,Luzon
2410,Pia,Sy,pia.sy.2410@example.com,Visayas
2411,Fidel,Recto,fidel.recto.2411@example.com,Mindanao
2412,Leila,Marcos,leila.marcos.2412@example.com,Luzon
2413,Sherwin,Navarro,sherwin.navarro.2413@example.com,NCR
2414,Migz,Robredo,migz.robredo.2414@example.com,NCR
2415,Arturo,Tan,arturo.tan.2415@example.com,Mindanao
2416,Noli,Reyes,noli.reyes.2416@example.com,Luzon
2417,Ramon,Domingo,ramon.domingo.2417@example.com,Visayas
2418,Sonny,De Leon,sonny.deleon.2418@example.com,NCR
2419,Erap,Fernandez,erap.fernandez.2419@example.com,Mindanao
2420,Jojo,Villanueva,jojo.villanueva.2420@example.com,Visayas
2421,Joel,Bautista,joel.bautista.2421@example.com,Luzon
2422,Leni,Moreno,leni.moreno.2422@example.com,Mindanao
2423,Robin,Garcia,robin.garcia.2423@example.com,Mindanao
2424,Rodolfo,Mabini,rodolfo.mabini.2424@example.com,Luzon
2425,Pepe,Del Pilar,pepe.delpilar.2425@example.com,Visayas
2426,Manny,Ayala,manny.ayala.2426@example.com,Luzon
2427,Loren,Torres,loren.torres.2427@example.com,Mindanao
2428,Rafael,Gonzales,rafael.gonzales.2428@example.com,Luzon
2429,Sara,Macapagal,sara.macapagal.2429@example.com,Visayas
2430,Ruffy,Roxas,ruffy.roxas.2430@example.com,Mindanao
2431,Robin,Hontiveros,robin.hontiveros.2431@example.com,NCR
2432,Chiz,Reyes,chiz.reyes.2432@example.com,Visayas
2433,Sonny,Aguinaldo,sonny.aguinaldo.2433@example.com,Mindanao
2434,Ruben,Santos,ruben.santos.2434@example.com,NCR
2435,Arturo,Rizal,arturo.rizal.2435@example.com,NCR
2436,Lito,Torres,lito.torres.2436@example.com,Luzon
2437,Rodrigo,Revilla,rodrigo.revilla.2437@example.com,Luzon
2438,Pepe,Magsaysay,pepe.magsaysay.2438@example.com,NCR
2439,Ernesto,Rizal,ernesto.rizal.2439@example.com,Luzon
2440,Ping,Mabini,ping.mabini.2440@example.com,Mindanao
2441,Rodolfo,Trillanes,rodolfo.trillanes.2441@example.com,Visayas
2442,Arturo,Tulfo,arturo.tulfo.2442@example.com,Mindanao
2443,Raffy,Remulla,raffy.remulla.2443@example.com,Mindanao
2444,Romeo,Dela Cruz,romeo.delacruz.2444@example.com,Visayas
2445,Carlos,Zubiri,carlos.zubiri.2445@example.com,Luzon
2446,Juan,Sison,juan.sison.2446@example.com,NCR
2447,Jose,Gokongwei,jose.gokongwei.2447@example.com,Mindanao
2448,Jinggoy,Revilla,jinggoy.revilla.2448@example.com,Visayas
2449,Manny,Pangilinan,manny.pangilinan.2449@example.com,NCR
2450,Pia,Trillanes,pia.trillanes.2450@example.com,Visayas
2451,Fernando,Ocampo,fernando.ocampo.2451@example.com,Mindanao
2452,Jinggoy,Garcia,jinggoy.garcia.2452@example.com,Mindanao
2453,Mar,Bonifacio,mar.bonifacio.2453@example.com,NCR
2454,Fidel,Enrile,fidel.enrile.2454@example.com,Luzon
2455,Teodoro,Enrile,teodoro.enrile.2455@example.com,Visayas
2456,Joey,Gatchalian,joey.gatchalian.2456@example.com,Visayas
2457,Tito,Recto,tito.recto.2457@example.com,Luzon
2458,Noli,Ayala,noli.ayala.2458@example.com,NCR
2459,Reynaldo,Padilla,reynaldo.padilla.2459@example.com,Visayas
2460,Juan,Gomez,juan.gomez.2460@example.com,Luzon
2461,Sherwin,Honasan,sherwin.honasan.2461@example.com,NCR
2462,Benigno,Gomez,benigno.gomez.2462@example.com,Visayas
2463,Kiko,Remulla,kiko.remulla.2463@example.com,Mindanao
2464,Antonio,Torres,antonio.torres.2464@example.com,Luzon
2465,Benigno,Marquez,benigno.marquez.2465@example.com,Luzon
2466,Ed,Navarro,ed.navarro.2466@example.com,Visayas
2467,Ruffy,Santos,ruffy.santos.2467@example.com,NCR
2468,Erap,Angara,erap.angara.2468@example.com,Luzon
2469,Joey,Cayetano,joey.cayetano.2469@example.com,NCR
2470,Grace,Enrile,grace.enrile.2470@example.com,Luzon
2471,Jinggoy,Mendoza,jinggoy.mendoza.2471@example.com,NCR
2472,Loren,Arroyo,loren.arroyo.2472@example.com,Luzon
2473,Bam,Quezon,bam.quezon.2473@example.com,NCR
2474,Joey,Castro,joey.castro.2474@example.com,Mindanao
2475,Ernesto,Santos,ernesto.santos.2475@example.com,NCR
2476,Teodoro,Gordon,teodoro.gordon.2476@example.com,NCR
2477,Panfilo,Lopez,panfilo.lopez.2477@example.com,Luzon
2478,Alan,Villar,alan.villar.2478@example.com,Visayas
2479,Fidel,Abalos,fidel.abalos.2479@example.com,Visayas
2480,Vico,Honasan,vico.honasan.2480@example.com,NCR
2481,Dick,De Leon,dick.deleon.2481@example.com,Visayas
2482,Ping,Zubiri,ping.zubiri.2482@example.com,Mindanao
2483,Sara,Moreno,sara.moreno.2483@example.com,Luzon
2484,Dick,Mendoza,dick.mendoza.2484@example.com,Mindanao
2485,Ralph,Padilla,ralph.padilla.2485@example.com,Mindanao
2486,Robin,Navarro,robin.navarro.2486@example.com,Visayas
2487,Reynaldo,Luna,reynaldo.luna.2487@example.com,Visayas
2488,Fernando,Estrada,fernando.estrada.2488@example.com,Visayas
2489,Ed,Mendoza,ed.mendoza.2489@example.com,Luzon
2490,Jojo,Pacquiao,jojo.pacquiao.2490@example.com,Mindanao
2491,Reynaldo,Bonifacio,reynaldo.bonifacio.2491@example.com,Luzon
2492,Jose,Sison,jose.sison.2492@example.com,NCR
2493,Jojo,Flores,jojo.flores.2493@example.com,Visayas
2494,Fernando,Santos,fernando.santos.2494@example.com,Visayas
2495,Fernando,Del Pilar,fernando.delpilar.2495@example.com,Visayas
2496,Erap,Quezon,erap.quezon.2496@example.com,Luzon
2497,Ramon,Biazon,ramon.biazon.2497@example.com,Luzon
2498,Ralph,Aguinaldo,ralph.aguinaldo.2498@example.com,NCR
2499,Ed,Pacquiao,ed.pacquiao.2499@example.com,Visayas
2500,Noli,Fernandez,noli.fernandez.2500@example.com,Visayas
2501,Francis,De Leon,francis.deleon.2501@example.com,NCR
2502,Romeo,Pacquiao,romeo.pacquiao.2502@example.com,Mindanao
2503,Koko,Honasan,koko.honasan.2503@example.com,Luzon
2504,JV,Aguinaldo,jv.aguinaldo.2504@example.com,NCR
2505,Pedro,Villar,pedro.villar.2505@example.com,Luzon
2506,Martin,Ramos,martin.ramos.2506@example.com,NCR
2507,Loren,Estrada,loren.estrada.2507@example.com,Mindanao
2508,Danilo,Aquino,danilo.aquino.2508@example.com,NCR
2509,Ruffy,Pangilinan,ruffy.pangilinan.2509@example.com,Luzon
2510,Jinggoy,Enrile,jinggoy.enrile.2510@example.com,NCR
2511,Martin,Robredo,martin.robredo.2511@example.com,Visayas
2512,Juan,Navarro,juan.navarro.2512@example.com,Luzon
2513,Risa,Gonzales,risa.gonzales.2513@example.com,NCR
2514,Bam,Angara,bam.angara.2514@example.com,Visayas
2515,Martin,Santos,martin.santos.2515@example.com,NCR
2516,Sherwin,Ejercito,sherwin.ejercito.2516@example.com,Luzon
2517,Dick,Luna,dick.luna.2517@example.com,NCR
2518,Tito,Sotto,tito.sotto.2518@example.com,NCR
2519,Noli,Sy,noli.sy.2519@example.com,Luzon
2520,Alan,Gordon,alan.gordon.2520@example.com,NCR
2521,Joey,Ocampo,joey.ocampo.2521@example.com,Visayas
2522,Ruben,Garcia,ruben.garcia.2522@example.com,Visayas
2523,Joy,Pacquiao,joy.pacquiao.2523@example.com,Visayas
2524,Panfilo,Sy,panfilo.sy.2524@example.com,Luzon
2525,Benigno,Dela Cruz,benigno.delacruz.2525@example.com,Visayas
2526,Rodolfo,Lapid,rodolfo.lapid.2526@example.com,Mindanao
2527,Martin,Garcia,martin.garcia.2527@example.com,Luzon
2528,Isko,Dela Cruz,isko.delacruz.2528@example.com,Visayas
2529,Renato,Flores,renato.flores.2529@example.com,Visayas
2530,Win,Honasan,win.honasan.2530@example.com,Luzon
2531,Bongbong,Castillo,bongbong.castillo.2531@example.com,Visayas
2532,Richard,Mabini,richard.mabini.2532@example.com,Visayas
2533,Dick,Cayetano,dick.cayetano.2533@example.com,Mindanao
2534,Martin,Del Pilar,martin.delpilar.2534@example.com,Luzon
2535,Rodrigo,Sison,rodrigo.sison.2535@example.com,Luzon
2536,Kiko,Tulfo,kiko.tulfo.2536@example.com,Mindanao
2537,Kiko,Angara,kiko.angara.2537@example.com,Luzon
2538,Nancy,Luna,nancy.luna.2538@example.com,Visayas
2539,Romeo,Castillo,romeo.castillo.2539@example.com,Luzon
2540,Risa,Zubiri,risa.zubiri.2540@example.com,Visayas
2541,Lito,Pimentel,lito.pimentel.2541@example.com,Luzon
2542,Pepe,De Leon,pepe.deleon.2542@example.com,NCR
2543,Manny,Silang,manny.silang.2543@example.com,NCR
2544,Marcelino,Drilon,marcelino.drilon.2544@example.com,Mindanao
2545,Bongbong,Gokongwei,bongbong.gokongwei.2545@example.com,Mindanao
2546,Vicente,Fernandez,vicente.fernandez.2546@example.com,Visayas
2547,Win,Macapagal,win.macapagal.2547@example.com,Luzon
2548,Sonny,Angara,sonny.angara.2548@example.com,Luzon
2549,Ruben,Gatchalian,ruben.gatchalian.2549@example.com,Mindanao
2550,Vicente,Gatchalian,vicente.gatchalian.2550@example.com,Luzon
2551,Alan,Mendoza,alan.mendoza.2551@example.com,Luzon
2552,Leila,Navarro,leila.navarro.2552@example.com,Luzon
2553,Gloria,Sison,gloria.sison.2553@example.com,Mindanao
2554,Manny,Navarro,manny.navarro.2554@example.com,Mindanao
2555,Ralph,Honasan,ralph.honasan.2555@example.com,Visayas
2556,Isko,Lapid,isko.lapid.2556@example.com,Visayas
2557,Rafael,Villar,rafael.villar.2557@example.com,Visayas
2558,Erap,Lapid,erap.lapid.2558@example.com,Visayas
2559,Raffy,Flores,raffy.flores.2559@example.com,Visayas
2560,Pedro,Gordon,pedro.gordon.2560@example.com,Visayas
2561,Arturo,Bautista,arturo.bautista.2561@example.com,Mindanao
2562,Mark,Castro,mark.castro.2562@example.com,Visayas
2563,Isko,Hontiveros,isko.hontiveros.2563@example.com,Mindanao
2564,Joey,Mabini,joey.mabini.2564@example.com,Mindanao
2565,Miguel,Dela Cruz,miguel.delacruz.2565@example.com,Mindanao
2566,Loren,Vargas,loren.vargas.2566@example.com,Mindanao
2567,Allan,Moreno,allan.moreno.2567@example.com,Mindanao
2568,Pedro,De Leon,pedro.deleon.2568@example.com,Luzon
2569,Panfilo,Castillo,panfilo.castillo.2569@example.com,NCR
2570,Sherwin,Zubiri,sherwin.zubiri.2570@example.com,Luzon
2571,Vicente,Castillo,vicente.castillo.2571@example.com,Visayas
2572,Carlos,Del Pilar,carlos.delpilar.2572@example.com,Visayas
2573,Vico,Binay,vico.binay.2573@example.com,Visayas
2574,Ralph,Gonzales,ralph.gonzales.2574@example.com,Mindanao
2575,Raffy,Mabini,raffy.mabini.2575@example.com,Visayas
2576,Reynaldo,Lacson,reynaldo.lacson.2576@example.com,Visayas
2577,Sonny,Hontiveros,sonny.hontiveros.2577@example.com,Mindanao
2578,Jojo,De Leon,jojo.deleon.2578@example.com,Luzon
2579,Sara,Mendoza,sara.mendoza.2579@example.com,Luzon
2580,Ernesto,Estrada,ernesto.estrada.2580@example.com,Visayas
2581,Benigno,Santos,benigno.santos.2581@example.com,Visayas
2582,Manny,Cojuangco,manny.cojuangco.2582@example.com,Visayas
2583,Erap,Dela Cruz,erap.delacruz.2583@example.com,Mindanao
2584,Sonny,Poe,sonny.poe.2584@example.com,Luzon
2585,Romeo,Tulfo,romeo.tulfo.2585@example.com,Luzon
2586,Raffy,Lapid,raffy.lapid.2586@example.com,Luzon
2587,Abby,Castro,abby.castro.2587@example.com,Mindanao
2588,Risa,Aquino,risa.aquino.2588@example.com,Mindanao
2589,Cynthia,Trillanes,cynthia.trillanes.2589@example.com,Visayas
2590,Reynaldo,Gonzales,reynaldo.gonzales.2590@example.com,NCR
2591,Joel,Fernandez,joel.fernandez.2591@example.com,Visayas
2592,Mark,Arroyo,mark.arroyo.2592@example.com,Mindanao
2593,Marcelino,Revilla,marcelino.revilla.2593@example.com,Visayas
2594,Tito,Gomez,tito.gomez.2594@example.com,Mindanao
2595,Vico,Trillanes,vico.trillanes.2595@example.com,Visayas
2596,JV,Sotto,jv.sotto.2596@example.com,Luzon
2597,Sonny,Fernandez,sonny.fernandez.2597@example.com,Luzon
2598,Richard,Villanueva,richard.villanueva.2598@example.com,NCR
2599,Fidel,Aquino,fidel.aquino.2599@example.com,Mindanao
2600,Ruffy,Binay,ruffy.binay.2600@example.com,NCR
2601,Fernando,Garcia,fernando.garcia.2601@example.com,Mindanao
2602,Alan,Duterte,alan.duterte.2602@example.com,NCR
2603,Ramon,Gomez,ramon.gomez.2603@example.com,NCR
2604,Bam,Gatchalian,bam.gatchalian.2604@example.com,Visayas
2605,Ferdinand,Roxas,ferdinand.roxas.2605@example.com,NCR
2606,Carlos,Mendoza,carlos.mendoza.2606@example.com,Visayas
2607,Noli,Castro,noli.castro.2607@example.com,Visayas
2608,Ferdinand,Aquino,ferdinand.aquino.2608@example.com,Mindanao
2609,Manny,Ejercito,manny.ejercito.2609@example.com,Visayas
2610,Imee,Luna,imee.luna.2610@example.com,Luzon
2611,Francis,Marquez,francis.marquez.2611@example.com,NCR
2612,Tito,Reyes,tito.reyes.2612@example.com,Visayas
2613,Lito,Pangilinan,lito.pangilinan.2613@example.com,Visayas
2614,Dick,Garcia,dick.garcia.2614@example.com,Luzon
2615,Joy,Moreno,joy.moreno.2615@example.com,Luzon
2616,Rodolfo,Gatchalian,rodolfo.gatchalian.2616@example.com,Luzon
2617,Sonny,Bautista,sonny.bautista.2617@example.com,NCR
2618,Raffy,Sy,raffy.sy.2618@example.com,Mindanao
2619,JV,Reyes,jv.reyes.2619@example.com,Mindanao
2620,Nancy,Duterte,nancy.duterte.2620@example.com,Mindanao
2621,Panfilo,Ramos,panfilo.ramos.2621@example.com,NCR
2622,Ernesto,Abalos,ernesto.abalos.2622@example.com,Visayas
2623,Pedro,Fernandez,pedro.fernandez.2623@example.com,Visayas
2624,Mark,Navarro,mark.navarro.2624@example.com,NCR
2625,Vico,Reyes,vico.reyes.2625@example.com,NCR
2626,Miguel,Cayetano,miguel.cayetano.2626@example.com,Luzon
2627,Richard,Pacquiao,richard.pacquiao.2627@example.com,Luzon
2628,Richard,Lacson,richard.lacson.2628@example.com,Mindanao
2629,Nancy,Tolentino,nancy.tolentino.2629@example.com,Visayas
2630,Jinggoy,Lopez,jinggoy.lopez.2630@example.com,Visayas
2631,Reynaldo,Macapagal,reynaldo.macapagal.2631@example.com,Luzon
2632,Francis,Fernandez,francis.fernandez.2632@example.com,Luzon
2633,Sherwin,Quirino,sherwin.quirino.2633@example.com,Luzon
2634,Leni,Lapid,leni.lapid.2634@example.com,Visayas
2635,Romeo,Lapid,romeo.lapid.2635@example.com,Mindanao
2636,Sherwin,Arroyo,sherwin.arroyo.2636@example.com,Luzon
2637,Mark,Ramos,mark.ramos.2637@example.com,NCR
2638,Tito,Moreno,tito.moreno.2638@example.com,NCR
2639,JV,Perez,jv.perez.2639@example.com,NCR
2640,Sherwin,Gokongwei,sherwin.gokongwei.2640@example.com,Mindanao
2641,Teodoro,Villar,teodoro.villar.2641@example.com,NCR
2642,Isko,Duterte,isko.duterte.2642@example.com,Mindanao
2643,Ralph,Del Pilar,ralph.delpilar.2643@example.com,Luzon
2644,Manny,Drilon,manny.drilon.2644@example.com,Mindanao
2645,Rafael,Tan,rafael.tan.2645@example.com,Visayas
2646,Pepe,Aquino,pepe.aquino.2646@example.com,Luzon
2647,Ruben,Marcos,ruben.marcos.2647@example.com,Visayas
2648,Raffy,Zubiri,raffy.zubiri.2648@example.com,Visayas
2649,Cory,Abalos,cory.abalos.2649@example.com,Visayas
2650,Gloria,Gatchalian,gloria.gatchalian.2650@example.com,Visayas
2651,Ferdinand,Honasan,ferdinand.honasan.2651@example.com,Mindanao
2652,Benigno,Bonifacio,benigno.bonifacio.2652@example.com,Luzon
2653,Sara,Ejercito,sara.ejercito.2653@example.com,Mindanao
2654,Miguel,Sison,miguel.sison.2654@example.com,Visayas
2655,Abby,Osmena,abby.osmena.2655@example.com,Visayas
2656,Noli,Gokongwei,noli.gokongwei.2656@example.com,Visayas
2657,Sherwin,Robredo,sherwin.robredo.2657@example.com,Visayas
2658,Win,Angara,win.angara.2658@example.com,Mindanao
2659,Leila,Castillo,leila.castillo.2659@example.com,Mindanao
2660,Tito,Dela Cruz,tito.delacruz.2660@example.com,Visayas
2661,Dick,Biazon,dick.biazon.2661@example.com,Mindanao
2662,Raffy,Osmena,raffy.osmena.2662@example.com,NCR
2663,Ed,Padilla,ed.padilla.2663@example.com,Luzon
2664,Dick,Poe,dick.poe.2664@example.com,NCR
2665,Tomas,Duterte,tomas.duterte.2665@example.com,Visayas
2666,Dick,Bautista,dick.bautista.2666@example.com,Mindanao
2667,Ping,Magsaysay,ping.magsaysay.2667@example.com,Luzon
2668,Alan,Reyes,alan.reyes.2668@example.com,Mindanao
2669,Risa,Mendoza,risa.mendoza.2669@example.com,Luzon
2670,Mark,Robredo,mark.robredo.2670@example.com,NCR
2671,Noli,Sison,noli.sison.2671@example.com,Mindanao
2672,Arturo,Reyes,arturo.reyes.2672@example.com,Luzon
2673,Sonny,Castro,sonny.castro.2673@example.com,Mindanao
2674,Juan,Estrada,juan.estrada.2674@example.com,NCR
2675,Vico,Silang,vico.silang.2675@example.com,NCR
2676,Bam,Tan,bam.tan.2676@example.com,NCR
2677,Lito,Santos,lito.santos.2677@example.com,Visayas
2678,Grace,Robredo,grace.robredo.2678@example.com,Visayas
2679,Isko,Drilon,isko.drilon.2679@example.com,Visayas
2680,Bongbong,Ayala,bongbong.ayala.2680@example.com,Visayas
2681,Jojo,Garcia,jojo.garcia.2681@example.com,NCR
2682,Richard,Macapagal,richard.macapagal.2682@example.com,Mindanao
2683,Carlos,Perez,carlos.perez.2683@example.com,Luzon
2684,Benigno,Ramos,benigno.ramos.2684@example.com,NCR
2685,Loren,Macapagal,loren.macapagal.2685@example.com,Mindanao
2686,Win,Domingo,win.domingo.2686@example.com,Mindanao
2687,Ruffy,Arroyo,ruffy.arroyo.2687@example.com,NCR
2688,Alan,Revilla,alan.revilla.2688@example.com,NCR
2689,Vico,Fernandez,vico.fernandez.2689@example.com,Visayas
2690,Rodolfo,Robredo,rodolfo.robredo.2690@example.com,Luzon
2691,Vicente,Ramos,vicente.ramos.2691@example.com,Visayas
2692,Richard,Abalos,richard.abalos.2692@example.com,NCR
2693,Leila,Estrada,leila.estrada.2693@example.com,Luzon
2694,Martin,Ocampo,martin.ocampo.2694@example.com,Luzon
2695,Ernesto,Domingo,ernesto.domingo.2695@example.com,Luzon
2696,Ping,Tolentino,ping.tolentino.2696@example.com,Mindanao
2697,Vic,Bonifacio,vic.bonifacio.2697@example.com,Visayas
2698,Noli,Zubiri,noli.zubiri.2698@example.com,NCR
2699,Sherwin,Santos,sherwin.santos.2699@example.com,Luzon
2700,Ernesto,Del Pilar,ernesto.delpilar.2700@example.com,Visayas
2701,Loren,Ramos,loren.ramos.2701@example.com,Visayas
2702,Vico,Mabini,vico.mabini.2702@example.com,Luzon
2703,Ping,Luna,ping.luna.2703@example.com,NCR
2704,Nancy,Remulla,nancy.remulla.2704@example.com,NCR
2705,Vico,Castillo,vico.castillo.2705@example.com,Visayas
2706,Dick,Lopez,dick.lopez.2706@example.com,NCR
2707,Migz,Biazon,migz.biazon.2707@example.com,Mindanao
2708,Chiz,Binay,chiz.binay.2708@example.com,Mindanao
2709,Joey,Vargas,joey.vargas.2709@example.com,Mindanao
2710,Mario,Silang,mario.silang.2710@example.com,Visayas
2711,Loren,Abalos,loren.abalos.2711@example.com,NCR
2712,Bongbong,Torres,bongbong.torres.2712@example.com,Luzon
2713,Bam,Trillanes,bam.trillanes.2713@example.com,Luzon
2714,Juan,Bautista,juan.bautista.2714@example.com,Visayas
2715,Koko,Ramos,koko.ramos.2715@example.com,Luzon
2716,Juan,Aquino,juan.aquino.2716@example.com,NCR
2717,Isko,Estrada,isko.estrada.2717@example.com,NCR
2718,Martin,Cayetano,martin.cayetano.2718@example.com,Visayas
2719,Leila,Sotto,leila.sotto.2719@example.com,Mindanao
2720,Bam,Tulfo,bam.tulfo.2720@example.com,Mindanao
2721,Benigno,Aguinaldo,benigno.aguinaldo.2721@example.com,Visayas
2722,Bam,Sy,bam.sy.2722@example.com,NCR
2723,Tito,Lopez,tito.lopez.2723@example.com,Visayas
2724,Romeo,Domingo,romeo.domingo.2724@example.com,Mindanao
2725,Lito,Marcos,lito.marcos.2725@example.com,Luzon
2726,Vic,Gordon,vic.gordon.2726@example.com,Luzon
2727,Loren,Sison,loren.sison.2727@example.com,NCR
2728,Manny,Rizal,manny.rizal.2728@example.com,Visayas
2729,Erap,Domingo,erap.domingo.2729@example.com,Luzon
2730,Nancy,Hontiveros,nancy.hontiveros.2730@example.com,Mindanao
2731,Lito,Gonzales,lito.gonzales.2731@example.com,NCR
2732,Raffy,Gordon,raffy.gordon.2732@example.com,Mindanao
2733,Cory,Mendoza,cory.mendoza.2733@example.com,Visayas
2734,Miguel,Bautista,miguel.bautista.2734@example.com,Visayas
2735,Ruffy,Gordon,ruffy.gordon.2735@example.com,Luzon
2736,Ed,Villanueva,ed.villanueva.2736@example.com,Mindanao
2737,Vico,Revilla,vico.revilla.2737@example.com,NCR
2738,Arturo,Cruz,arturo.cruz.2738@example.com,NCR
2739,Martin,Sy,martin.sy.2739@example.com,NCR
2740,Kiko,Duterte,kiko.duterte.2740@example.com,Visayas
2741,Martin,Pangilinan,martin.pangilinan.2741@example.com,Visayas
2742,Fernando,Legarda,fernando.legarda.2742@example.com,Luzon
2743,Jojo,Osmena,jojo.osmena.2743@example.com,Visayas
2744,Rodolfo,Ejercito,rodolfo.ejercito.2744@example.com,NCR
2745,Ping,Ramos,ping.ramos.2745@example.com,Luzon
2746,Renato,Mabini,renato.mabini.2746@example.com,Luzon
2747,Panfilo,Remulla,panfilo.remulla.2747@example.com,Mindanao
2748,Sara,Revilla,sara.revilla.2748@example.com,NCR
2749,Joel,Trillanes,joel.trillanes.2749@example.com,Luzon
2750,Jejomar,Perez,jejomar.perez.2750@example.com,Luzon
2751,Richard,Aquino,richard.aquino.2751@example.com,Mindanao
2752,Mar,Villanueva,mar.villanueva.2752@example.com,Mindanao
2753,Leila,Villanueva,leila.villanueva.2753@example.com,Mindanao
2754,Romeo,Zubiri,romeo.zubiri.2754@example.com,Visayas
2755,Jejomar,Trillanes,jejomar.trillanes.2755@example.com,NCR
2756,Juan,Ayala,juan.ayala.2756@example.com,NCR
2757,Kiko,Sotto,kiko.sotto.2757@example.com,Mindanao
2758,Sherwin,Sison,sherwin.sison.2758@example.com,NCR
2759,Vicente,Santos,vicente.santos.2759@example.com,Mindanao
2760,Grace,Hontiveros,grace.hontiveros.2760@example.com,NCR
2761,Teodoro,Tan,teodoro.tan.2761@example.com,NCR
2762,Juan,Sotto,juan.sotto.2762@example.com,Visayas
2763,Mario,Vargas,mario.vargas.2763@example.com,Luzon
2764,Ferdinand,Robredo,ferdinand.robredo.2764@example.com,Mindanao
2765,Migz,Roxas,migz.roxas.2765@example.com,Luzon
2766,Jejomar,Moreno,jejomar.moreno.2766@example.com,NCR
2767,Ping,Gonzales,ping.gonzales.2767@example.com,Luzon
2768,Dick,Ramos,dick.ramos.2768@example.com,NCR
2769,Mark,Gomez,mark.gomez.2769@example.com,NCR
2770,Jojo,Silang,jojo.silang.2770@example.com,Luzon
2771,Raffy,Poe,raffy.poe.2771@example.com,Luzon
2772,Carlos,Roxas,carlos.roxas.2772@example.com,Visayas
2773,Ramon,Remulla,ramon.remulla.2773@example.com,Luzon
2774,Teodoro,Pacquiao,teodoro.pacquiao.2774@example.com,Mindanao
2775,Carlos,Robredo,carlos.robredo.2775@example.com,NCR
2776,Rodrigo,Villanueva,rodrigo.villanueva.2776@example.com,Mindanao
2777,Cory,Biazon,cory.biazon.2777@example.com,Luzon
2778,Jinggoy,Flores,jinggoy.flores.2778@example.com,Luzon
2779,Tito,Santos,tito.santos.2779@example.com,Luzon
2780,Francis,Ramos,francis.ramos.2780@example.com,Visayas
2781,Noli,Osmena,noli.osmena.2781@example.com,Luzon
2782,Ruffy,Duterte,ruffy.duterte.2782@example.com,Luzon
2783,Juan,Osmena,juan.osmena.2783@example.com,NCR
2784,Bongbong,Tulfo,bongbong.tulfo.2784@example.com,Visayas
2785,Vicente,Padilla,vicente.padilla.2785@example.com,Mindanao
2786,Miguel,Aquino,miguel.aquino.2786@example.com,Visayas
2787,Bongbong,Villar,bongbong.villar.2787@example.com,NCR
2788,Marcelino,Poe,marcelino.poe.2788@example.com,NCR
2789,Rafael,Zubiri,rafael.zubiri.2789@example.com,Luzon
2790,Sherwin,Castro,sherwin.castro.2790@example.com,Luzon
2791,Gloria,Enrile,gloria.enrile.2791@example.com,Visayas
2792,Rodolfo,Macapagal,rodolfo.macapagal.2792@example.com,Visayas
2793,Bam,Marquez,bam.marquez.2793@example.com,Luzon
2794,Romeo,Ejercito,romeo.ejercito.2794@example.com,Mindanao
2795,Joel,Ramos,joel.ramos.2795@example.com,Mindanao
2796,Benigno,Gordon,benigno.gordon.2796@example.com,Visayas
2797,Ed,Aguinaldo,ed.aguinaldo.2797@example.com,Mindanao
2798,Pedro,Cruz,pedro.cruz.2798@example.com,Mindanao
2799,Pedro,Roxas,pedro.roxas.2799@example.com,NCR
2800,Allan,Castillo,allan.castillo.2800@example.com,Luzon
2801,Pepe,Torres,pepe.torres.2801@example.com,Luzon
2802,Miguel,Robredo,miguel.robredo.2802@example.com,NCR
2803,Sonny,Luna,sonny.luna.2803@example.com,Visayas
2804,Vico,De Leon,vico.deleon.2804@example.com,Mindanao
2805,Risa,Poe,risa.poe.2805@example.com,Visayas
2806,Jinggoy,Fernandez,jinggoy.fernandez.2806@example.com,Mindanao
2807,Carlos,Luna,carlos.luna.2807@example.com,Visayas
2808,Miguel,De Leon,miguel.deleon.2808@example.com,Visayas
2809,Cory,Robredo,cory.robredo.2809@example.com,Mindanao
2810,Benigno,Vargas,benigno.vargas.2810@example.com,Luzon
2811,Ruben,De Leon,ruben.deleon.2811@example.com,Mindanao
2812,Kiko,Lacson,kiko.lacson.2812@example.com,Visayas
2813,Lito,Sotto,lito.sotto.2813@example.com,NCR
2814,Rodolfo,Belmonte,rodolfo.belmonte.2814@example.com,Luzon
2815,Win,Robredo,win.robredo.2815@example.com,Visayas
2816,Imee,Tan,imee.tan.2816@example.com,NCR
2817,Jojo,Poe,jojo.poe.2817@example.com,Visayas
2818,Tomas,Drilon,tomas.drilon.2818@example.com,Luzon
2819,Leila,Ayala,leila.ayala.2819@example.com,Visayas
2820,Antonio,Lapid,antonio.lapid.2820@example.com,Luzon
2821,Koko,Macapagal,koko.macapagal.2821@example.com,Luzon
2822,Rex,Biazon,rex.biazon.2822@example.com,NCR
2823,Abby,Cruz,abby.cruz.2823@example.com,Luzon
2824,Ruffy,Recto,ruffy.recto.2824@example.com,Visayas
2825,Renato,Mendoza,renato.mendoza.2825@example.com,Mindanao
2826,Bongbong,Quezon,bongbong.quezon.2826@example.com,Luzon
2827,Win,Mabini,win.mabini.2827@example.com,Visayas
2828,Ernesto,Castillo,ernesto.castillo.2828@example.com,Mindanao
2829,Martin,Osmena,martin.osmena.2829@example.com,Luzon
2830,Imee,Castillo,imee.castillo.2830@example.com,Visayas
2831,Leni,Angara,leni.angara.2831@example.com,NCR
2832,Carlos,Domingo,carlos.domingo.2832@example.com,Mindanao
2833,Danilo,Castro,danilo.castro.2833@example.com,NCR
2834,Arturo,Domingo,arturo.domingo.2834@example.com,Visayas
2835,Tomas,Legarda,tomas.legarda.2835@example.com,Visayas
2836,Tomas,Reyes,tomas.reyes.2836@example.com,Visayas
2837,Benigno,Revilla,benigno.revilla.2837@example.com,NCR
2838,Leila,Villar,leila.villar.2838@example.com,Mindanao
2839,Martin,Vargas,martin.vargas.2839@example.com,Luzon
2840,Mario,Duterte,mario.duterte.2840@example.com,Luzon
2841,Manny,Pacquiao,manny.pacquiao.2841@example.com,Luzon
2842,Ralph,Sy,ralph.sy.2842@example.com,NCR
2843,Ed,Gatchalian,ed.gatchalian.2843@example.com,Visayas
2844,Sara,Quezon,sara.quezon.2844@example.com,Mindanao
2845,Nancy,Silang,nancy.silang.2845@example.com,Luzon
2846,Juan,Santos,juan.santos.2846@example.com,Visayas
2847,Raffy,Bautista,raffy.bautista.2847@example.com,Luzon
2848,Jose,Macapagal,jose.macapagal.2848@example.com,Luzon
2849,Ping,Pimentel,ping.pimentel.2849@example.com,Mindanao
2850,Reynaldo,Sotto,reynaldo.sotto.2850@example.com,Luzon
2851,Tito,Ocampo,tito.ocampo.2851@example.com,Luzon
2852,Jose,Roxas,jose.roxas.2852@example.com,Mindanao
2853,Bam,Luna,bam.luna.2853@example.com,Visayas
2854,Noli,Estrada,noli.estrada.2854@example.com,Visayas
2855,Fidel,Macapagal,fidel.macapagal.2855@example.com,NCR
2856,Bongbong,Gatchalian,bongbong.gatchalian.2856@example.com,Visayas
2857,Mar,Belmonte,mar.belmonte.2857@example.com,NCR
2858,Vico,Hontiveros,vico.hontiveros.2858@example.com,NCR
2859,Jose,Tulfo,jose.tulfo.2859@example.com,Mindanao
2860,Tomas,Gonzales,tomas.gonzales.2860@example.com,Mindanao
2861,Pedro,Cojuangco,pedro.cojuangco.2861@example.com,Mindanao
2862,Rafael,Fernandez,rafael.fernandez.2862@example.com,NCR
2863,Robin,Cruz,robin.cruz.2863@example.com,NCR
2864,Risa,Cayetano,risa.cayetano.2864@example.com,NCR
2865,Kiko,Pimentel,kiko.pimentel.2865@example.com,Luzon
2866,Carlos,Sotto,carlos.sotto.2866@example.com,Visayas
2867,Migz,Del Pilar,migz.delpilar.2867@example.com,Visayas
2868,Jojo,Marcos,jojo.marcos.2868@example.com,Visayas
2869,Rodolfo,Gordon,rodolfo.gordon.2869@example.com,NCR
2870,Tomas,Belmonte,tomas.belmonte.2870@example.com,Visayas
2871,Kiko,Pacquiao,kiko.pacquiao.2871@example.com,Mindanao
2872,Migz,Poe,migz.poe.2872@example.com,Mindanao
2873,Arturo,Moreno,arturo.moreno.2873@example.com,NCR
2874,Alan,Sotto,alan.sotto.2874@example.com,Mindanao
2875,Leni,Legarda,leni.legarda.2875@example.com,Visayas
2876,Carlos,Flores,carlos.flores.2876@example.com,Visayas
2877,Abby,Tan,abby.tan.2877@example.com,Visayas
2878,Ping,Legarda,ping.legarda.2878@example.com,Visayas
2879,Martin,Lapid,martin.lapid.2879@example.com,Mindanao
2880,Ruben,Lopez,ruben.lopez.2880@example.com,Mindanao
2881,JV,Silang,jv.silang.2881@example.com,Mindanao
2882,Jejomar,Poe,jejomar.poe.2882@example.com,Mindanao
2883,Robin,Quezon,robin.quezon.2883@example.com,Visayas
2884,Imee,Fernandez,imee.fernandez.2884@example.com,NCR
2885,Erap,Sotto,erap.sotto.2885@example.com,NCR
2886,Reynaldo,Domingo,reynaldo.domingo.2886@example.com,Luzon
2887,Benigno,Castillo,benigno.castillo.2887@example.com,NCR
2888,Ping,Cayetano,ping.cayetano.2888@example.com,Visayas
2889,Jojo,Binay,jojo.binay.2889@example.com,Mindanao
2890,Nancy,Moreno,nancy.moreno.2890@example.com,Luzon
2891,Tito,Ayala,tito.ayala.2891@example.com,NCR
2892,Fidel,Tolentino,fidel.tolentino.2892@example.com,Luzon
2893,Ruffy,Cojuangco,ruffy.cojuangco.2893@example.com,Luzon
2894,Cynthia,Navarro,cynthia.navarro.2894@example.com,Mindanao
2895,Mario,Sotto,mario.sotto.2895@example.com,Luzon
2896,Nancy,Cruz,nancy.cruz.2896@example.com,Mindanao
2897,Noli,Quezon,noli.quezon.2897@example.com,Mindanao
2898,Pedro,Rizal,pedro.rizal.2898@example.com,Luzon
2899,Joel,Dela Cruz,joel.delacruz.2899@example.com,NCR
2900,Benigno,Fernandez,benigno.fernandez.2900@example.com,Mindanao
2901,Win,Gatchalian,win.gatchalian.2901@example.com,NCR
2902,Marcelino,Villanueva,marcelino.villanueva.2902@example.com,Mindanao
2903,Erap,Garcia,erap.garcia.2903@example.com,Luzon
2904,Lito,Belmonte,lito.belmonte.2904@example.com,Visayas
2905,Sonny,Arroyo,sonny.arroyo.2905@example.com,NCR
2906,Tomas,Luna,tomas.luna.2906@example.com,NCR
2907,Juan,Castro,juan.castro.2907@example.com,Luzon
2908,Ping,Domingo,ping.domingo.2908@example.com,Visayas
2909,Antonio,Dela Cruz,antonio.delacruz.2909@example.com,Luzon
2910,Pedro,Reyes,pedro.reyes.2910@example.com,Visayas
2911,Dick,Fernandez,dick.fernandez.2911@example.com,Mindanao
2912,Carlos,Vargas,carlos.vargas.2912@example.com,NCR
2913,Antonio,Pacquiao,antonio.pacquiao.2913@example.com,Visayas
2914,Rex,Quirino,rex.quirino.2914@example.com,Visayas
2915,Mark,Torres,mark.torres.2915@example.com,Visayas
2916,Ping,Sotto,ping.sotto.2916@example.com,Luzon
2917,Sherwin,Aguinaldo,sherwin.aguinaldo.2917@example.com,Mindanao
2918,Vic,Sotto,vic.sotto.2918@example.com,Luzon
2919,Fidel,Robredo,fidel.robredo.2919@example.com,Visayas
2920,Mar,Dela Cruz,mar.delacruz.2920@example.com,Visayas
2921,Manny,Zubiri,manny.zubiri.2921@example.com,NCR
2922,Ernesto,Villanueva,ernesto.villanueva.2922@example.com,NCR
2923,Bongbong,Osmena,bongbong.osmena.2923@example.com,Mindanao
2924,Rodrigo,Perez,rodrigo.perez.2924@example.com,Mindanao
2925,Miguel,Duterte,miguel.duterte.2925@example.com,Visayas
2926,Romeo,Flores,romeo.flores.2926@example.com,Visayas
2927,Ping,Revilla,ping.revilla.2927@example.com,Mindanao
2928,Fernando,Biazon,fernando.biazon.2928@example.com,Visayas
2929,Vicente,Drilon,vicente.drilon.2929@example.com,NCR
2930,Loren,Lacson,loren.lacson.2930@example.com,Luzon
2931,Sherwin,Villar,sherwin.villar.2931@example.com,Luzon
2932,Abby,Silang,abby.silang.2932@example.com,Visayas
2933,Fernando,Revilla,fernando.revilla.2933@example.com,Luzon
2934,Ramon,Recto,ramon.recto.2934@example.com,Mindanao
2935,Chiz,Sotto,chiz.sotto.2935@example.com,NCR
2936,Pepe,Garcia,pepe.garcia.2936@example.com,Luzon
2937,Fidel,Legarda,fidel.legarda.2937@example.com,NCR
2938,Arturo,Drilon,arturo.drilon.2938@example.com,Mindanao
2939,Jinggoy,Bautista,jinggoy.bautista.2939@example.com,Luzon
2940,Kiko,Pangilinan,kiko.pangilinan.2940@example.com,Luzon
2941,Mario,Robredo,mario.robredo.2941@example.com,Mindanao
2942,Mar,Pacquiao,mar.pacquiao.2942@example.com,Visayas
2943,Panfilo,Del Pilar,panfilo.delpilar.2943@example.com,NCR
2944,Teodoro,Del Pilar,teodoro.delpilar.2944@example.com,Luzon
2945,Ferdinand,Remulla,ferdinand.remulla.2945@example.com,Luzon
2946,Grace,Torres,grace.torres.2946@example.com,Luzon
2947,Bam,Gokongwei,bam.gokongwei.2947@example.com,Luzon
2948,Vicente,Honasan,vicente.honasan.2948@example.com,Mindanao
2949,Juan,Recto,juan.recto.2949@example.com,NCR
2950,Gloria,Gordon,gloria.gordon.2950@example.com,Luzon
2951,Ernesto,Bonifacio,ernesto.bonifacio.2951@example.com,Visayas
2952,Arturo,Fernandez,arturo.fernandez.2952@example.com,NCR
2953,Leila,Tulfo,leila.tulfo.2953@example.com,NCR
2954,Vicente,Aguinaldo,vicente.aguinaldo.2954@example.com,Mindanao
2955,Rodolfo,Mendoza,rodolfo.mendoza.2955@example.com,Mindanao
2956,Abby,Revilla,abby.revilla.2956@example.com,Visayas
2957,Erap,Mendoza,erap.mendoza.2957@example.com,Luzon
2958,Ernesto,Pimentel,ernesto.pimentel.2958@example.com,Luzon
2959,Ed,Quirino,ed.quirino.2959@example.com,Mindanao
2960,Jose,Belmonte,jose.belmonte.2960@example.com,Luzon
2961,Renato,Navarro,renato.navarro.2961@example.com,Visayas
2962,Cory,Tolentino,cory.tolentino.2962@example.com,Luzon
2963,Joel,Pacquiao,joel.pacquiao.2963@example.com,Visayas
2964,Grace,Gokongwei,grace.gokongwei.2964@example.com,Luzon
2965,Pepe,Villanueva,pepe.villanueva.2965@example.com,Mindanao
2966,Carlos,Gomez,carlos.gomez.2966@example.com,Visayas
2967,Kiko,Fernandez,kiko.fernandez.2967@example.com,Visayas
2968,Grace,Macapagal,grace.macapagal.2968@example.com,NCR
2969,Fernando,Pangilinan,fernando.pangilinan.2969@example.com,Luzon
2970,Jojo,Lacson,jojo.lacson.2970@example.com,NCR
2971,Cory,Roxas,cory.roxas.2971@example.com,Luzon
2972,Ferdinand,Poe,ferdinand.poe.2972@example.com,Mindanao
2973,Marcelino,Pacquiao,marcelino.pacquiao.2973@example.com,Mindanao
2974,Rodolfo,Recto,rodolfo.recto.2974@example.com,Mindanao
2975,Juan,Robredo,juan.robredo.2975@example.com,Mindanao
2976,Fidel,Honasan,fidel.honasan.2976@example.com,NCR
2977,Juan,Padilla,juan.padilla.2977@example.com,NCR
2978,JV,Flores,jv.flores.2978@example.com,Mindanao
2979,Ralph,Castillo,ralph.castillo.2979@example.com,NCR
2980,Koko,Flores,koko.flores.2980@example.com,NCR
2981,Joey,Legarda,joey.legarda.2981@example.com,Luzon
2982,Renato,Marcos,renato.marcos.2982@example.com,NCR
2983,Vico,Gomez,vico.gomez.2983@example.com,Mindanao
2984,Teodoro,Legarda,teodoro.legarda.2984@example.com,Mindanao
2985,Pepe,Recto,pepe.recto.2985@example.com,Luzon
2986,Rodrigo,Robredo,rodrigo.robredo.2986@example.com,Visayas
2987,Risa,Osmena,risa.osmena.2987@example.com,Luzon
2988,Robin,Tulfo,robin.tulfo.2988@example.com,Visayas
2989,Ernesto,Luna,ernesto.luna.2989@example.com,Mindanao
2990,Chiz,Ocampo,chiz.ocampo.2990@example.com,Mindanao
2991,Leni,De Leon,leni.deleon.2991@example.com,Luzon
2992,Erap,Arroyo,erap.arroyo.2992@example.com,Visayas
2993,Rodrigo,Aquino,rodrigo.aquino.2993@example.com,Luzon
2994,Fernando,Gonzales,fernando.gonzales.2994@example.com,Visayas
2995,Risa,Lopez,risa.lopez.2995@example.com,Luzon
2996,Vic,Ramos,vic.ramos.2996@example.com,NCR
2997,Sonny,Domingo,sonny.domingo.2997@example.com,Visayas
2998,Kiko,Lopez,kiko.lopez.2998@example.com,Luzon
2999,Win,Moreno,win.moreno.2999@example.com,NCR
3000,Rodolfo,Moreno,rodolfo.moreno.3000@example.com,Mindanao
3001,Antonio,Mendoza,antonio.mendoza.3001@example.com,Mindanao
3002,Reynaldo,Mendoza,reynaldo.mendoza.3002@example.com,Mindanao
3003,Danilo,Mabini,danilo.mabini.3003@example.com,Visayas
3004,Renato,Abalos,renato.abalos.3004@example.com,Luzon
3005,Manny,Quirino,manny.quirino.3005@example.com,NCR
3006,Ping,Vargas,ping.vargas.3006@example.com,Luzon
3007,Romeo,Robredo,romeo.robredo.3007@example.com,Mindanao
3008,Ping,Moreno,ping.moreno.3008@example.com,Mindanao
3009,Cynthia,Belmonte,cynthia.belmonte.3009@example.com,Visayas
3010,Leila,Hontiveros,leila.hontiveros.3010@example.com,Luzon
3011,Chiz,Silang,chiz.silang.3011@example.com,NCR
3012,Benigno,Angara,benigno.angara.3012@example.com,Visayas
3013,Kiko,Gokongwei,kiko.gokongwei.3013@example.com,Luzon
3014,Cynthia,Macapagal,cynthia.macapagal.3014@example.com,Visayas
3015,Antonio,Osmena,antonio.osmena.3015@example.com,Visayas
3016,Win,Trillanes,win.trillanes.3016@example.com,Mindanao
3017,Rex,Osmena,rex.osmena.3017@example.com,Visayas
3018,Leni,Domingo,leni.domingo.3018@example.com,Mindanao
3019,Fidel,Sison,fidel.sison.3019@example.com,NCR
3020,Jose,Flores,jose.flores.3020@example.com,Mindanao
3021,Dick,Del Pilar,dick.delpilar.3021@example.com,Luzon
3022,Lito,Arroyo,lito.arroyo.3022@example.com,Mindanao
3023,Benigno,Duterte,benigno.duterte.3023@example.com,Luzon
3024,Pedro,Magsaysay,pedro.magsaysay.3024@example.com,NCR
3025,Fernando,Zubiri,fernando.zubiri.3025@example.com,Luzon
3026,Kiko,Moreno,kiko.moreno.3026@example.com,Visayas
3027,Pia,Villanueva,pia.villanueva.3027@example.com,Visayas
3028,Romeo,Angara,romeo.angara.3028@example.com,Luzon
3029,Benigno,Navarro,benigno.navarro.3029@example.com,Visayas
3030,Jejomar,Pacquiao,jejomar.pacquiao.3030@example.com,NCR
3031,Alan,Binay,alan.binay.3031@example.com,Luzon
3032,Ping,Trillanes,ping.trillanes.3032@example.com,Mindanao
3033,Pedro,Tan,pedro.tan.3033@example.com,Luzon
3034,Ralph,Villanueva,ralph.villanueva.3034@example.com,Visayas
3035,Vicente,Domingo,vicente.domingo.3035@example.com,Luzon
3036,Mark,Garcia,mark.garcia.3036@example.com,Visayas
3037,Ed,Gokongwei,ed.gokongwei.3037@example.com,Mindanao
3038,Ruben,Belmonte,ruben.belmonte.3038@example.com,Visayas
3039,Sherwin,Legarda,sherwin.legarda.3039@example.com,Luzon
3040,Bam,Flores,bam.flores.3040@example.com,Mindanao
3041,Gloria,Estrada,gloria.estrada.3041@example.com,Visayas
3042,Risa,Arroyo,risa.arroyo.3042@example.com,Luzon
3043,Migz,Gonzales,migz.gonzales.3043@example.com,Mindanao
3044,Alan,Abalos,alan.abalos.3044@example.com,Luzon
3045,Loren,Fernandez,loren.fernandez.3045@example.com,NCR
3046,Martin,Aguinaldo,martin.aguinaldo.3046@example.com,Luzon
3047,Vicente,Ejercito,vicente.ejercito.3047@example.com,Mindanao
3048,Allan,Domingo,allan.domingo.3048@example.com,Visayas
3049,Cynthia,Villanueva,cynthia.villanueva.3049@example.com,Visayas
3050,Pepe,Marquez,pepe.marquez.3050@example.com,Mindanao
3051,Nancy,Honasan,nancy.honasan.3051@example.com,NCR
3052,Leila,Reyes,leila.reyes.3052@example.com,Mindanao
3053,Tomas,Trillanes,tomas.trillanes.3053@example.com,Luzon
3054,Rodolfo,Gonzales,rodolfo.gonzales.3054@example.com,Visayas
3055,Ruffy,Estrada,ruffy.estrada.3055@example.com,NCR
3056,Rafael,Santos,rafael.santos.3056@example.com,Luzon
3057,Reynaldo,Roxas,reynaldo.roxas.3057@example.com,Visayas
3058,Loren,Biazon,loren.biazon.3058@example.com,Mindanao
3059,Grace,Castro,grace.castro.3059@example.com,Visayas
3060,Jose,Aguinaldo,jose.aguinaldo.3060@example.com,Mindanao
3061,Vico,Cruz,vico.cruz.3061@example.com,NCR
3062,Ralph,Binay,ralph.binay.3062@example.com,Luzon
3063,Antonio,Ocampo,antonio.ocampo.3063@example.com,Visayas
3064,Antonio,Navarro,antonio.navarro.3064@example.com,NCR
3065,Antonio,Bautista,antonio.bautista.3065@example.com,Luzon
3066,Marcelino,Cruz,marcelino.cruz.3066@example.com,Luzon
3067,Ferdinand,Del Pilar,ferdinand.delpilar.3067@example.com,NCR
3068,Vico,Lapid,vico.lapid.3068@example.com,Visayas
3069,Joel,Revilla,joel.revilla.3069@example.com,Luzon
3070,Noli,Gomez,noli.gomez.3070@example.com,Luzon
3071,Dick,Enrile,dick.enrile.3071@example.com,Mindanao
3072,Richard,Lapid,richard.lapid.3072@example.com,Mindanao
3073,Richard,Gatchalian,richard.gatchalian.3073@example.com,Mindanao
3074,Pia,Del Pilar,pia.delpilar.3074@example.com,Visayas
3075,Mark,Pacquiao,mark.pacquiao.3075@example.com,Luzon
3076,Romeo,Mendoza,romeo.mendoza.3076@example.com,Luzon
3077,Panfilo,Revilla,panfilo.revilla.3077@example.com,Visayas
3078,Sherwin,Enrile,sherwin.enrile.3078@example.com,Mindanao
3079,Martin,Gatchalian,martin.gatchalian.3079@example.com,Visayas
3080,Leni,Navarro,leni.navarro.3080@example.com,Visayas
3081,Richard,Marcos,richard.marcos.3081@example.com,NCR
3082,Romeo,Marcos,romeo.marcos.3082@example.com,NCR
3083,Isko,Magsaysay,isko.magsaysay.3083@example.com,Luzon
3084,Renato,Binay,renato.binay.3084@example.com,Luzon
3085,Chiz,Gonzales,chiz.gonzales.3085@example.com,Luzon
3086,Ruben,Dela Cruz,ruben.delacruz.3086@example.com,Visayas
3087,Jejomar,Bautista,jejomar.bautista.3087@example.com,Mindanao
3088,Pedro,Mendoza,pedro.mendoza.3088@example.com,NCR
3089,Arturo,Del Pilar,arturo.delpilar.3089@example.com,Visayas
3090,Lito,Lopez,lito.lopez.3090@example.com,NCR
3091,Pepe,Fernandez,pepe.fernandez.3091@example.com,Visayas
3092,Kiko,Legarda,kiko.legarda.3092@example.com,Mindanao
3093,Leila,Trillanes,leila.trillanes.3093@example.com,Mindanao
3094,Rodolfo,Ayala,rodolfo.ayala.3094@example.com,NCR
3095,Grace,Tolentino,grace.tolentino.3095@example.com,Luzon
3096,Francis,Luna,francis.luna.3096@example.com,Mindanao
3097,Richard,Vargas,richard.vargas.3097@example.com,Mindanao
3098,Gloria,Ocampo,gloria.ocampo.3098@example.com,NCR
3099,Dick,Quezon,dick.quezon.3099@example.com,Visayas
3100,Jejomar,Pimentel,jejomar.pimentel.3100@example.com,Mindanao
3101,Renato,Santos,renato.santos.3101@example.com,Luzon
3102,Joel,De Leon,joel.deleon.3102@example.com,NCR
3103,Renato,Del Pilar,renato.delpilar.3103@example.com,Visayas
3104,Carlos,Binay,carlos.binay.3104@example.com,Visayas
3105,Abby,Villanueva,abby.villanueva.3105@example.com,NCR
3106,Ernesto,Remulla,ernesto.remulla.3106@example.com,Visayas
3107,Sherwin,Del Pilar,sherwin.delpilar.3107@example.com,Luzon
3108,Ramon,Sison,ramon.sison.3108@example.com,Mindanao
3109,Gloria,Aquino,gloria.aquino.3109@example.com,Luzon
3110,Renato,Ayala,renato.ayala.3110@example.com,Luzon
3111,Sherwin,Lapid,sherwin.lapid.3111@example.com,Luzon
3112,Vico,Pangilinan,vico.pangilinan.3112@example.com,NCR
3113,JV,Castro,jv.castro.3113@example.com,NCR
3114,Kiko,Silang,kiko.silang.3114@example.com,Luzon
3115,Bongbong,Angara,bongbong.angara.3115@example.com,Visayas
3116,Danilo,Trillanes,danilo.trillanes.3116@example.com,Mindanao
3117,Miguel,Reyes,miguel.reyes.3117@example.com,Mindanao
3118,Koko,Mabini,koko.mabini.3118@example.com,Mindanao
3119,Vicente,Sy,vicente.sy.3119@example.com,Mindanao
3120,Cynthia,Lopez,cynthia.lopez.3120@example.com,NCR
3121,Gloria,Gonzales,gloria.gonzales.3121@example.com,NCR
3122,Rodrigo,Moreno,rodrigo.moreno.3122@example.com,Mindanao
3123,Vicente,Duterte,vicente.duterte.3123@example.com,Visayas
3124,Robin,Castro,robin.castro.3124@example.com,Visayas
3125,Ping,Aquino,ping.aquino.3125@example.com,Mindanao
3126,Rafael,Mendoza,rafael.mendoza.3126@example.com,Luzon
3127,Koko,Roxas,koko.roxas.3127@example.com,Mindanao
3128,Fidel,Pimentel,fidel.pimentel.3128@example.com,Visayas
3129,Sherwin,Dela Cruz,sherwin.delacruz.3129@example.com,Visayas
3130,Alan,Gomez,alan.gomez.3130@example.com,NCR
3131,Abby,Padilla,abby.padilla.3131@example.com,Luzon
3132,Rodolfo,Hontiveros,rodolfo.hontiveros.3132@example.com,Mindanao
3133,Noli,Angara,noli.angara.3133@example.com,Visayas
3134,Tito,Gatchalian,tito.gatchalian.3134@example.com,NCR
3135,Win,Santos,win.santos.3135@example.com,Mindanao
3136,Migz,Fernandez,migz.fernandez.3136@example.com,NCR
3137,Miguel,Sy,miguel.sy.3137@example.com,Mindanao
3138,Manny,Gordon,manny.gordon.3138@example.com,Visayas
3139,Ed,Biazon,ed.biazon.3139@example.com,NCR
3140,Bam,Sotto,bam.sotto.3140@example.com,NCR
3141,Migz,De Leon,migz.deleon.3141@example.com,Luzon
3142,Reynaldo,Pangilinan,reynaldo.pangilinan.3142@example.com,Visayas
3143,Allan,Angara,allan.angara.3143@example.com,NCR
3144,Renato,Macapagal,renato.macapagal.3144@example.com,Visayas
3145,Rodrigo,Arroyo,rodrigo.arroyo.3145@example.com,Visayas
3146,Mark,Lopez,mark.lopez.3146@example.com,Luzon
3147,Vic,Robredo,vic.robredo.3147@example.com,Visayas
3148,Tomas,Sotto,tomas.sotto.3148@example.com,Mindanao
3149,Benigno,Tan,benigno.tan.3149@example.com,Luzon
3150,Win,Tan,win.tan.3150@example.com,Luzon
3151,Risa,Luna,risa.luna.3151@example.com,Mindanao
3152,Tito,Zubiri,tito.zubiri.3152@example.com,Mindanao
3153,Leni,Torres,leni.torres.3153@example.com,Mindanao
3154,Abby,Belmonte,abby.belmonte.3154@example.com,Visayas
3155,Lito,Quirino,lito.quirino.3155@example.com,Visayas
3156,Manny,Torres,manny.torres.3156@example.com,Visayas
3157,Mark,Enrile,mark.enrile.3157@example.com,Visayas
3158,Antonio,Lacson,antonio.lacson.3158@example.com,Visayas
3159,Danilo,Fernandez,danilo.fernandez.3159@example.com,NCR
3160,Lito,Poe,lito.poe.3160@example.com,Mindanao
3161,Rodrigo,Ejercito,rodrigo.ejercito.3161@example.com,Mindanao
3162,Ruffy,Magsaysay,ruffy.magsaysay.3162@example.com,Visayas
3163,Win,Lacson,win.lacson.3163@example.com,Luzon
3164,Ralph,Gordon,ralph.gordon.3164@example.com,Visayas
3165,Abby,Villar,abby.villar.3165@example.com,Mindanao
3166,Manny,Aguinaldo,manny.aguinaldo.3166@example.com,NCR
3167,Kiko,Hontiveros,kiko.hontiveros.3167@example.com,NCR
3168,Manny,Bautista,manny.bautista.3168@example.com,Luzon
3169,Carlos,Abalos,carlos.abalos.3169@example.com,Luzon
3170,Mario,Arroyo,mario.arroyo.3170@example.com,NCR
3171,Juan,Binay,juan.binay.3171@example.com,Visayas
3172,Jose,Cayetano,jose.cayetano.3172@example.com,Visayas
3173,Sara,Villanueva,sara.villanueva.3173@example.com,Mindanao
3174,Abby,Moreno,abby.moreno.3174@example.com,NCR
3175,JV,De Leon,jv.deleon.3175@example.com,Mindanao
3176,Mar,Cruz,mar.cruz.3176@example.com,NCR
3177,Jejomar,Magsaysay,jejomar.magsaysay.3177@example.com,NCR
3178,Sonny,Moreno,sonny.moreno.3178@example.com,Luzon
3179,Sherwin,Garcia,sherwin.garcia.3179@example.com,NCR
3180,Ruffy,Domingo,ruffy.domingo.3180@example.com,Visayas
3181,Rafael,Tolentino,rafael.tolentino.3181@example.com,Mindanao
3182,Grace,Domingo,grace.domingo.3182@example.com,Visayas
3183,Rafael,Lapid,rafael.lapid.3183@example.com,NCR
3184,Reynaldo,Arroyo,reynaldo.arroyo.3184@example.com,NCR
3185,Reynaldo,Duterte,reynaldo.duterte.3185@example.com,Mindanao
3186,Ruffy,Biazon,ruffy.biazon.3186@example.com,Luzon
3187,Ruffy,Tan,ruffy.tan.3187@example.com,Luzon
3188,Nancy,Angara,nancy.angara.3188@example.com,NCR
3189,Fernando,Quezon,fernando.quezon.3189@example.com,Visayas
3190,Jose,Reyes,jose.reyes.3190@example.com,NCR
3191,Erap,Abalos,erap.abalos.3191@example.com,NCR
3192,Raffy,Marquez,raffy.marquez.3192@example.com,Luzon
3193,Vico,Zubiri,vico.zubiri.3193@example.com,NCR
3194,Rex,Honasan,rex.honasan.3194@example.com,NCR
3195,Bongbong,Mendoza,bongbong.mendoza.3195@example.com,Luzon
3196,JV,Lacson,jv.lacson.3196@example.com,NCR
3197,Benigno,Drilon,benigno.drilon.3197@example.com,Visayas
3198,Erap,Cayetano,erap.cayetano.3198@example.com,Visayas
3199,Lito,Abalos,lito.abalos.3199@example.com,Luzon
3200,Cynthia,Luna,cynthia.luna.3200@example.com,Mindanao
3201,Erap,Tan,erap.tan.3201@example.com,Mindanao
3202,Chiz,Villar,chiz.villar.3202@example.com,Mindanao
3203,Ramon,Santos,ramon.santos.3203@example.com,NCR
3204,Jose,Cruz,jose.cruz.3204@example.com,NCR
3205,Fidel,Trillanes,fidel.trillanes.3205@example.com,NCR
3206,Joy,Mendoza,joy.mendoza.3206@example.com,Mindanao
3207,Sonny,Quirino,sonny.quirino.3207@example.com,Mindanao
3208,Carlos,Gonzales,carlos.gonzales.3208@example.com,Visayas
3209,Pia,Tan,pia.tan.3209@example.com,Luzon
3210,Loren,Domingo,loren.domingo.3210@example.com,Visayas
3211,Carlos,Gatchalian,carlos.gatchalian.3211@example.com,Mindanao
3212,Robin,Rizal,robin.rizal.3212@example.com,Luzon
3213,Vic,Tulfo,vic.tulfo.3213@example.com,Visayas
3214,Win,Flores,win.flores.3214@example.com,Mindanao
3215,Pepe,Roxas,pepe.roxas.3215@example.com,Visayas
3216,Tito,Villar,tito.villar.3216@example.com,Visayas
3217,Jose,Gatchalian,jose.gatchalian.3217@example.com,Mindanao
3218,Renato,Bonifacio,renato.bonifacio.3218@example.com,Luzon
3219,Noli,Garcia,noli.garcia.3219@example.com,Luzon
3220,Vicente,Perez,vicente.perez.3220@example.com,Luzon
3221,Loren,Gonzales,loren.gonzales.3221@example.com,NCR
3222,JV,Villar,jv.villar.3222@example.com,Mindanao
3223,Raffy,Belmonte,raffy.belmonte.3223@example.com,Mindanao
3224,JV,Revilla,jv.revilla.3224@example.com,Visayas
3225,Kiko,Reyes,kiko.reyes.3225@example.com,NCR
3226,Lito,Bautista,lito.bautista.3226@example.com,NCR
3227,Ping,Castro,ping.castro.3227@example.com,NCR
3228,Leila,Moreno,leila.moreno.3228@example.com,Mindanao
3229,Marcelino,Mabini,marcelino.mabini.3229@example.com,Mindanao
3230,Arturo,Ejercito,arturo.ejercito.3230@example.com,NCR
3231,Mar,Cayetano,mar.cayetano.3231@example.com,Luzon
3232,Dick,Flores,dick.flores.3232@example.com,Luzon
3233,Marcelino,Castillo,marcelino.castillo.3233@example.com,Luzon
3234,Joy,Sotto,joy.sotto.3234@example.com,Luzon
3235,Raffy,Silang,raffy.silang.3235@example.com,Mindanao
3236,Richard,Moreno,richard.moreno.3236@example.com,NCR
3237,Abby,Reyes,abby.reyes.3237@example.com,Luzon
3238,Francis,Padilla,francis.padilla.3238@example.com,Visayas
3239,Mario,Ayala,mario.ayala.3239@example.com,Luzon
3240,Joy,Gordon,joy.gordon.3240@example.com,Visayas
3241,Renato,Silang,renato.silang.3241@example.com,NCR
3242,Risa,Gokongwei,risa.gokongwei.3242@example.com,Visayas
3243,Nancy,Enrile,nancy.enrile.3243@example.com,Mindanao
3244,Ruffy,Villar,ruffy.villar.3244@example.com,Luzon
3245,Carlos,Torres,carlos.torres.3245@example.com,NCR
3246,Joel,Villar,joel.villar.3246@example.com,Mindanao
3247,Juan,Tolentino,juan.tolentino.3247@example.com,NCR
3248,Cynthia,Santos,cynthia.santos.3248@example.com,NCR
3249,Cynthia,Cayetano,cynthia.cayetano.3249@example.com,Visayas
3250,Joey,Perez,joey.perez.3250@example.com,Visayas
3251,Vic,Del Pilar,vic.delpilar.3251@example.com,Mindanao
3252,Jejomar,Castro,jejomar.castro.3252@example.com,Luzon
3253,Mario,Aguinaldo,mario.aguinaldo.3253@example.com,Luzon
3254,Noli,Pangilinan,noli.pangilinan.3254@example.com,Mindanao
3255,Vico,Osmena,vico.osmena.3255@example.com,Mindanao
3256,Noli,Perez,noli.perez.3256@example.com,Mindanao
3257,Sara,Roxas,sara.roxas.3257@example.com,Mindanao
3258,Grace,Lacson,grace.lacson.3258@example.com,Luzon
3259,Jose,Robredo,jose.robredo.3259@example.com,NCR
3260,Marcelino,Garcia,marcelino.garcia.3260@example.com,NCR
3261,Ernesto,Macapagal,ernesto.macapagal.3261@example.com,Visayas
3262,Alan,Roxas,alan.roxas.3262@example.com,Luzon
3263,Joey,Villar,joey.villar.3263@example.com,Mindanao
3264,Isko,Torres,isko.torres.3264@example.com,Mindanao
3265,Romeo,Osmena,romeo.osmena.3265@example.com,Mindanao
3266,Juan,De Leon,juan.deleon.3266@example.com,Luzon
3267,Pedro,Mabini,pedro.mabini.3267@example.com,Luzon
3268,Robin,Villanueva,robin.villanueva.3268@example.com,NCR
3269,Ferdinand,Tolentino,ferdinand.tolentino.3269@example.com,Visayas
3270,Chiz,Santos,chiz.santos.3270@example.com,NCR
3271,Ralph,Lopez,ralph.lopez.3271@example.com,Visayas
3272,Sara,Gomez,sara.gomez.3272@example.com,Luzon
3273,Loren,Marcos,loren.marcos.3273@example.com,Visayas
3274,Mario,Del Pilar,mario.delpilar.3274@example.com,Mindanao
3275,Lito,Domingo,lito.domingo.3275@example.com,Mindanao
3276,Panfilo,Fernandez,panfilo.fernandez.3276@example.com,Visayas
3277,Abby,Pangilinan,abby.pangilinan.3277@example.com,Mindanao
3278,Bongbong,Ejercito,bongbong.ejercito.3278@example.com,Luzon
3279,Cory,Castro,cory.castro.3279@example.com,Visayas
3280,Cynthia,Pangilinan,cynthia.pangilinan.3280@example.com,Luzon
3281,Sonny,Tolentino,sonny.tolentino.3281@example.com,Mindanao
3282,Cynthia,Gonzales,cynthia.gonzales.3282@example.com,Mindanao
3283,Juan,Cruz,juan.cruz.3283@example.com,Mindanao
3284,Rodolfo,Revilla,rodolfo.revilla.3284@example.com,Visayas
3285,Fidel,Bautista,fidel.bautista.3285@example.com,NCR
3286,Raffy,Drilon,raffy.drilon.3286@example.com,NCR
3287,Robin,Legarda,robin.legarda.3287@example.com,Mindanao
3288,Kiko,Magsaysay,kiko.magsaysay.3288@example.com,Luzon
3289,Romeo,Pangilinan,romeo.pangilinan.3289@example.com,Visayas
3290,Fidel,Quirino,fidel.quirino.3290@example.com,Luzon
3291,Gloria,Pacquiao,gloria.pacquiao.3291@example.com,Visayas
3292,Win,Gordon,win.gordon.3292@example.com,Luzon
3293,Robin,Silang,robin.silang.3293@example.com,Visayas
3294,Francis,Pacquiao,francis.pacquiao.3294@example.com,Mindanao
3295,Grace,Flores,grace.flores.3295@example.com,Mindanao
3296,Arturo,Ocampo,arturo.ocampo.3296@example.com,Mindanao
3297,Ralph,Ocampo,ralph.ocampo.3297@example.com,Visayas
3298,Bongbong,Bonifacio,bongbong.bonifacio.3298@example.com,Luzon
3299,Marcelino,Estrada,marcelino.estrada.3299@example.com,Luzon
3300,Migz,Abalos,migz.abalos.3300@example.com,NCR
3301,Nancy,Cojuangco,nancy.cojuangco.3301@example.com,Visayas
3302,JV,Moreno,jv.moreno.3302@example.com,Luzon
3303,Rodrigo,Ocampo,rodrigo.ocampo.3303@example.com,Visayas
3304,Leni,Ayala,leni.ayala.3304@example.com,Visayas
3305,Juan,Domingo,juan.domingo.3305@example.com,Mindanao
3306,Mark,Drilon,mark.drilon.3306@example.com,Visayas
3307,Tito,Domingo,tito.domingo.3307@example.com,Luzon
3308,Mario,Perez,mario.perez.3308@example.com,Luzon
3309,Erap,Hontiveros,erap.hontiveros.3309@example.com,Visayas
3310,Joel,Enrile,joel.enrile.3310@example.com,Mindanao
3311,Marcelino,Honasan,marcelino.honasan.3311@example.com,Mindanao
3312,Pia,Legarda,pia.legarda.3312@example.com,NCR
3313,Jojo,Domingo,jojo.domingo.3313@example.com,Mindanao
3314,Jejomar,Aquino,jejomar.aquino.3314@example.com,Mindanao
3315,Kiko,Vargas,kiko.vargas.3315@example.com,Visayas
3316,Erap,Moreno,erap.moreno.3316@example.com,Luzon
3317,Tito,Biazon,tito.biazon.3317@example.com,Visayas
3318,Richard,Cayetano,richard.cayetano.3318@example.com,Luzon
3319,Danilo,Bautista,danilo.bautista.3319@example.com,NCR
3320,Jose,Biazon,jose.biazon.3320@example.com,NCR
3321,Richard,Castillo,richard.castillo.3321@example.com,NCR
3322,Tito,Drilon,tito.drilon.3322@example.com,Luzon
3323,Benigno,Quirino,benigno.quirino.3323@example.com,Mindanao
3324,Ping,Sison,ping.sison.3324@example.com,Luzon
3325,Ruben,Roxas,ruben.roxas.3325@example.com,Luzon
3326,Marcelino,Gonzales,marcelino.gonzales.3326@example.com,Luzon
3327,Joel,Mendoza,joel.mendoza.3327@example.com,Mindanao
3328,Jojo,Gordon,jojo.gordon.3328@example.com,Luzon
3329,Migz,Gokongwei,migz.gokongwei.3329@example.com,NCR
3330,Sonny,Cruz,sonny.cruz.3330@example.com,Mindanao
3331,Robin,Fernandez,robin.fernandez.3331@example.com,Luzon
3332,Mark,Revilla,mark.revilla.3332@example.com,NCR
3333,Nancy,Pangilinan,nancy.pangilinan.3333@example.com,Mindanao
3334,Jejomar,Torres,jejomar.torres.3334@example.com,Visayas
3335,Manny,Quezon,manny.quezon.3335@example.com,Mindanao
3336,Mark,Tan,mark.tan.3336@example.com,Luzon
3337,Mario,Zubiri,mario.zubiri.3337@example.com,Luzon
3338,Romeo,Roxas,romeo.roxas.3338@example.com,Visayas
3339,Leni,Dela Cruz,leni.delacruz.3339@example.com,Luzon
3340,Richard,Villar,richard.villar.3340@example.com,Visayas
3341,Danilo,Ramos,danilo.ramos.3341@example.com,Luzon
3342,Ed,Moreno,ed.moreno.3342@example.com,Visayas
3343,Mario,Revilla,mario.revilla.3343@example.com,Visayas
3344,Teodoro,Gatchalian,teodoro.gatchalian.3344@example.com,Visayas
3345,Robin,Abalos,robin.abalos.3345@example.com,NCR
3346,Cynthia,Zubiri,cynthia.zubiri.3346@example.com,NCR
3347,Alan,Lapid,alan.lapid.3347@example.com,Mindanao
3348,Koko,Tan,koko.tan.3348@example.com,Mindanao
3349,Nancy,Mendoza,nancy.mendoza.3349@example.com,Visayas
3350,Mark,De Leon,mark.deleon.3350@example.com,Luzon
3351,Migz,Domingo,migz.domingo.3351@example.com,NCR
3352,Alan,Gonzales,alan.gonzales.3352@example.com,Visayas
3353,Bam,Fernandez,bam.fernandez.3353@example.com,NCR
3354,Rafael,Torres,rafael.torres.3354@example.com,Luzon
3355,Francis,Bautista,francis.bautista.3355@example.com,Visayas
3356,Koko,Arroyo,koko.arroyo.3356@example.com,NCR
3357,Allan,Silang,allan.silang.3357@example.com,Mindanao
3358,Reynaldo,Quirino,reynaldo.quirino.3358@example.com,Luzon
3359,Rodolfo,Marquez,rodolfo.marquez.3359@example.com,Visayas
3360,Robin,Remulla,robin.remulla.3360@example.com,Visayas
3361,Isko,Gonzales,isko.gonzales.3361@example.com,Visayas
3362,Erap,Pimentel,erap.pimentel.3362@example.com,Mindanao
3363,Joey,Roxas,joey.roxas.3363@example.com,Mindanao
3364,Migz,Sotto,migz.sotto.3364@example.com,Visayas
3365,Manny,Gomez,manny.gomez.3365@example.com,NCR
3366,Mark,Ocampo,mark.ocampo.3366@example.com,NCR
3367,Martin,Drilon,martin.drilon.3367@example.com,Luzon
3368,Carlos,Trillanes,carlos.trillanes.3368@example.com,Luzon
3369,Jejomar,Villar,jejomar.villar.3369@example.com,Mindanao
3370,Joel,Angara,joel.angara.3370@example.com,Mindanao
3371,Bongbong,Honasan,bongbong.honasan.3371@example.com,Luzon
3372,Loren,Roxas,loren.roxas.3372@example.com,NCR
3373,Rafael,Quezon,rafael.quezon.3373@example.com,Visayas
3374,Teodoro,Cayetano,teodoro.cayetano.3374@example.com,Luzon
3375,Leila,Poe,leila.poe.3375@example.com,NCR
3376,Danilo,Moreno,danilo.moreno.3376@example.com,NCR
3377,Richard,Silang,richard.silang.3377@example.com,Mindanao
3378,Richard,Gonzales,richard.gonzales.3378@example.com,Mindanao
3379,Cory,Trillanes,cory.trillanes.3379@example.com,Mindanao
3380,Ernesto,Garcia,ernesto.garcia.3380@example.com,NCR
3381,Jose,Torres,jose.torres.3381@example.com,Luzon
3382,Sherwin,Poe,sherwin.poe.3382@example.com,Visayas
3383,Kiko,Ayala,kiko.ayala.3383@example.com,Mindanao
3384,Allan,Sy,allan.sy.3384@example.com,Luzon
3385,Tomas,Vargas,tomas.vargas.3385@example.com,NCR
3386,Miguel,Estrada,miguel.estrada.3386@example.com,Mindanao
3387,Ruben,Macapagal,ruben.macapagal.3387@example.com,Luzon
3388,Gloria,Robredo,gloria.robredo.3388@example.com,Mindanao
3389,Marcelino,Torres,marcelino.torres.3389@example.com,Visayas
3390,Chiz,Bautista,chiz.bautista.3390@example.com,Visayas
3391,Sonny,Padilla,sonny.padilla.3391@example.com,Luzon
3392,Teodoro,Lopez,teodoro.lopez.3392@example.com,Mindanao
3393,Jose,Sotto,jose.sotto.3393@example.com,Luzon
3394,Marcelino,Roxas,marcelino.roxas.3394@example.com,Visayas
3395,Ernesto,Mabini,ernesto.mabini.3395@example.com,NCR
3396,Rodolfo,Gomez,rodolfo.gomez.3396@example.com,Luzon
3397,Martin,Luna,martin.luna.3397@example.com,NCR
3398,Imee,Magsaysay,imee.magsaysay.3398@example.com,Visayas
3399,Bongbong,Estrada,bongbong.estrada.3399@example.com,Luzon
3400,Grace,Lapid,grace.lapid.3400@example.com,Visayas
3401,Ruffy,Lacson,ruffy.lacson.3401@example.com,Luzon
3402,Bam,Tolentino,bam.tolentino.3402@example.com,NCR
3403,Jose,Hontiveros,jose.hontiveros.3403@example.com,Visayas
3404,Teodoro,Santos,teodoro.santos.3404@example.com,Mindanao
3405,Cory,Cojuangco,cory.cojuangco.3405@example.com,Mindanao
3406,Ramon,Castillo,ramon.castillo.3406@example.com,Visayas
3407,Juan,Poe,juan.poe.3407@example.com,Luzon
3408,Ed,Fernandez,ed.fernandez.3408@example.com,Visayas
3409,Ruben,Reyes,ruben.reyes.3409@example.com,Luzon
3410,Tomas,Rizal,tomas.rizal.3410@example.com,Visayas
3411,Francis,Enrile,francis.enrile.3411@example.com,Luzon
3412,Robin,Ramos,robin.ramos.3412@example.com,Luzon
3413,Marcelino,Gordon,marcelino.gordon.3413@example.com,Luzon
3414,Joy,Tan,joy.tan.3414@example.com,Luzon
3415,Rafael,Tulfo,rafael.tulfo.3415@example.com,Mindanao
3416,Nancy,Flores,nancy.flores.3416@example.com,Luzon
3417,Alan,Domingo,alan.domingo.3417@example.com,Visayas
3418,Jinggoy,Santos,jinggoy.santos.3418@example.com,Visayas
3419,Arturo,Abalos,arturo.abalos.3419@example.com,Luzon
3420,Vic,Fernandez,vic.fernandez.3420@example.com,NCR
3421,Imee,Honasan,imee.honasan.3421@example.com,Luzon
3422,Grace,Cruz,grace.cruz.3422@example.com,NCR
3423,Robin,Drilon,robin.drilon.3423@example.com,NCR
3424,Antonio,Perez,antonio.perez.3424@example.com,NCR
3425,Teodoro,Hontiveros,teodoro.hontiveros.3425@example.com,Mindanao
3426,Arturo,Biazon,arturo.biazon.3426@example.com,Visayas
3427,Ed,Gomez,ed.gomez.3427@example.com,Mindanao
3428,Robin,Roxas,robin.roxas.3428@example.com,Mindanao
3429,Allan,Ocampo,allan.ocampo.3429@example.com,NCR
3430,Grace,Pimentel,grace.pimentel.3430@example.com,Visayas
3431,Pepe,Bonifacio,pepe.bonifacio.3431@example.com,Luzon
3432,Ramon,Tan,ramon.tan.3432@example.com,Mindanao
3433,Miguel,Gomez,miguel.gomez.3433@example.com,Mindanao
3434,Ramon,Revilla,ramon.revilla.3434@example.com,Mindanao
3435,Imee,Mabini,imee.mabini.3435@example.com,NCR
3436,Rafael,Silang,rafael.silang.3436@example.com,Visayas
3437,Risa,Aguinaldo,risa.aguinaldo.3437@example.com,Luzon
3438,Juan,Roxas,juan.roxas.3438@example.com,Mindanao
3439,Tomas,Bautista,tomas.bautista.3439@example.com,Luzon
3440,Juan,Ejercito,juan.ejercito.3440@example.com,Mindanao
3441,Raffy,Lopez,raffy.lopez.3441@example.com,Luzon
3442,Cynthia,Bautista,cynthia.bautista.3442@example.com,Visayas
3443,Fernando,Drilon,fernando.drilon.3443@example.com,NCR
3444,Bam,Navarro,bam.navarro.3444@example.com,Visayas
3445,Tomas,Ocampo,tomas.ocampo.3445@example.com,Luzon
3446,Joy,Pangilinan,joy.pangilinan.3446@example.com,NCR
3447,Pepe,Ramos,pepe.ramos.3447@example.com,Luzon
3448,Vico,Cojuangco,vico.cojuangco.3448@example.com,Luzon
3449,Joey,Villanueva,joey.villanueva.3449@example.com,Visayas
3450,Cynthia,Sison,cynthia.sison.3450@example.com,NCR
3451,Leni,Gatchalian,leni.gatchalian.3451@example.com,Visayas
3452,Danilo,Poe,danilo.poe.3452@example.com,Mindanao
3453,Martin,Tan,martin.tan.3453@example.com,NCR
3454,Noli,Flores,noli.flores.3454@example.com,Luzon
3455,Benigno,Trillanes,benigno.trillanes.3455@example.com,Luzon
3456,Mark,Silang,mark.silang.3456@example.com,Luzon
3457,Win,Villanueva,win.villanueva.3457@example.com,Luzon
3458,Jose,Duterte,jose.duterte.3458@example.com,Visayas
3459,Gloria,Hontiveros,gloria.hontiveros.3459@example.com,Visayas
3460,Joy,Sison,joy.sison.3460@example.com,Mindanao
3461,Ramon,Villar,ramon.villar.3461@example.com,Mindanao
3462,Abby,Honasan,abby.honasan.3462@example.com,Luzon
3463,Abby,Lopez,abby.lopez.3463@example.com,Visayas
3464,Ed,Domingo,ed.domingo.3464@example.com,Luzon
3465,Loren,Navarro,loren.navarro.3465@example.com,Mindanao
3466,Ernesto,Robredo,ernesto.robredo.3466@example.com,Visayas
3467,Mark,Cayetano,mark.cayetano.3467@example.com,Luzon
3468,Juan,Cayetano,juan.cayetano.3468@example.com,NCR
3469,Sonny,Aquino,sonny.aquino.3469@example.com,Visayas
3470,Imee,Remulla,imee.remulla.3470@example.com,NCR
3471,Ernesto,Arroyo,ernesto.arroyo.3471@example.com,Visayas
3472,Joel,Gatchalian,joel.gatchalian.3472@example.com,Luzon
3473,Reynaldo,Sison,reynaldo.sison.3473@example.com,Luzon
3474,JV,Remulla,jv.remulla.3474@example.com,Mindanao
3475,Rodrigo,De Leon,rodrigo.deleon.3475@example.com,Visayas
3476,Benigno,Lapid,benigno.lapid.3476@example.com,Mindanao
3477,Vic,Duterte,vic.duterte.3477@example.com,NCR
3478,Juan,Remulla,juan.remulla.3478@example.com,Luzon
3479,Manny,Lacson,manny.lacson.3479@example.com,Visayas
3480,Vico,Cayetano,vico.cayetano.3480@example.com,Mindanao
3481,Ernesto,Honasan,ernesto.honasan.3481@example.com,NCR
3482,Bam,Quirino,bam.quirino.3482@example.com,Visayas
3483,Joy,Poe,joy.poe.3483@example.com,Visayas
3484,Panfilo,Pangilinan,panfilo.pangilinan.3484@example.com,Mindanao
3485,JV,Robredo,jv.robredo.3485@example.com,Visayas
3486,Dick,Torres,dick.torres.3486@example.com,Mindanao
3487,Alan,Marcos,alan.marcos.3487@example.com,NCR
3488,Rodrigo,Gatchalian,rodrigo.gatchalian.3488@example.com,Visayas
3489,Martin,Revilla,martin.revilla.3489@example.com,NCR
3490,Jejomar,Mendoza,jejomar.mendoza.3490@example.com,NCR
3491,Sherwin,Ayala,sherwin.ayala.3491@example.com,Mindanao
3492,Carlos,Castro,carlos.castro.3492@example.com,NCR
3493,Fernando,Villanueva,fernando.villanueva.3493@example.com,Visayas
3494,Koko,Ejercito,koko.ejercito.3494@example.com,NCR
3495,Antonio,Tan,antonio.tan.3495@example.com,Visayas
3496,Koko,Angara,koko.angara.3496@example.com,Luzon
3497,Koko,Quezon,koko.quezon.3497@example.com,Luzon
3498,Arturo,Gonzales,arturo.gonzales.3498@example.com,NCR
3499,Rodrigo,Tulfo,rodrigo.tulfo.3499@example.com,Mindanao
3500,Joy,Torres,joy.torres.3500@example.com,Mindanao
3501,Joey,Gokongwei,joey.gokongwei.3501@example.com,Luzon
3502,Tomas,Marcos,tomas.marcos.3502@example.com,Luzon
3503,Joel,Garcia,joel.garcia.3503@example.com,NCR
3504,Joy,Macapagal,joy.macapagal.3504@example.com,Luzon
3505,Pepe,Reyes,pepe.reyes.3505@example.com,Luzon
3506,Kiko,Perez,kiko.perez.3506@example.com,NCR
3507,Nancy,Lopez,nancy.lopez.3507@example.com,Mindanao
3508,Panfilo,Trillanes,panfilo.trillanes.3508@example.com,NCR
3509,Nancy,Osmena,nancy.osmena.3509@example.com,Visayas
3510,Joey,Tulfo,joey.tulfo.3510@example.com,Luzon
3511,Renato,Aquino,renato.aquino.3511@example.com,Visayas
3512,Lito,Silang,lito.silang.3512@example.com,Mindanao
3513,Panfilo,Bautista,panfilo.bautista.3513@example.com,Luzon
3514,Leni,Osmena,leni.osmena.3514@example.com,Visayas
3515,Dick,Macapagal,dick.macapagal.3515@example.com,NCR
3516,Vico,Ejercito,vico.ejercito.3516@example.com,Luzon
3517,Reynaldo,Marcos,reynaldo.marcos.3517@example.com,Visayas
3518,Gloria,Lopez,gloria.lopez.3518@example.com,Mindanao
3519,Richard,Reyes,richard.reyes.3519@example.com,Luzon
3520,Rafael,Moreno,rafael.moreno.3520@example.com,NCR
3521,Pia,Torres,pia.torres.3521@example.com,NCR
3522,Jinggoy,Sy,jinggoy.sy.3522@example.com,Visayas
3523,Reynaldo,Aquino,reynaldo.aquino.3523@example.com,Mindanao
3524,Vico,Marcos,vico.marcos.3524@example.com,Mindanao
3525,Francis,Villanueva,francis.villanueva.3525@example.com,Mindanao
3526,Risa,Lacson,risa.lacson.3526@example.com,Luzon
3527,Mar,Silang,mar.silang.3527@example.com,Visayas
3528,Richard,Fernandez,richard.fernandez.3528@example.com,Visayas
3529,Danilo,Arroyo,danilo.arroyo.3529@example.com,Mindanao
3530,Rodrigo,Hontiveros,rodrigo.hontiveros.3530@example.com,Visayas
3531,Renato,Castro,renato.castro.3531@example.com,Visayas
3532,Pia,Zubiri,pia.zubiri.3532@example.com,Visayas
3533,Mario,Rizal,mario.rizal.3533@example.com,NCR
3534,Migz,Sy,migz.sy.3534@example.com,NCR
3535,Dick,Binay,dick.binay.3535@example.com,Visayas
3536,Ping,Remulla,ping.remulla.3536@example.com,Mindanao
3537,Rex,Torres,rex.torres.3537@example.com,NCR
3538,Bongbong,Dela Cruz,bongbong.delacruz.3538@example.com,Visayas
3539,Bongbong,Domingo,bongbong.domingo.3539@example.com,Mindanao
3540,Loren,Poe,loren.poe.3540@example.com,Luzon
3541,Win,Quirino,win.quirino.3541@example.com,Luzon
3542,Mario,Navarro,mario.navarro.3542@example.com,NCR
3543,Sherwin,Villanueva,sherwin.villanueva.3543@example.com,Luzon
3544,Antonio,Cayetano,antonio.cayetano.3544@example.com,Luzon
3545,Mario,Magsaysay,mario.magsaysay.3545@example.com,NCR
3546,Jejomar,Domingo,jejomar.domingo.3546@example.com,NCR
3547,Imee,Abalos,imee.abalos.3547@example.com,Luzon
3548,Gloria,Pimentel,gloria.pimentel.3548@example.com,Mindanao
3549,Raffy,Roxas,raffy.roxas.3549@example.com,Visayas
3550,Marcelino,Castro,marcelino.castro.3550@example.com,Mindanao
3551,Carlos,Marquez,carlos.marquez.3551@example.com,Luzon
3552,Vic,Navarro,vic.navarro.3552@example.com,Mindanao
3553,Sara,Gokongwei,sara.gokongwei.3553@example.com,NCR
3554,Fernando,Roxas,fernando.roxas.3554@example.com,Visayas
3555,Lito,Magsaysay,lito.magsaysay.3555@example.com,Visayas
3556,Ed,Ejercito,ed.ejercito.3556@example.com,Mindanao
3557,Leila,Macapagal,leila.macapagal.3557@example.com,Luzon
3558,Benigno,Villar,benigno.villar.3558@example.com,NCR
3559,Reynaldo,Ejercito,reynaldo.ejercito.3559@example.com,NCR
3560,Cory,Del Pilar,cory.delpilar.3560@example.com,Luzon
3561,Rex,Gordon,rex.gordon.3561@example.com,Mindanao
3562,Ernesto,Revilla,ernesto.revilla.3562@example.com,NCR
3563,Antonio,Vargas,antonio.vargas.3563@example.com,Luzon
3564,Tomas,Aquino,tomas.aquino.3564@example.com,Mindanao
3565,Rafael,Padilla,rafael.padilla.3565@example.com,Luzon
3566,Marcelino,Remulla,marcelino.remulla.3566@example.com,Luzon
3567,Jose,Moreno,jose.moreno.3567@example.com,NCR
3568,Loren,Cojuangco,loren.cojuangco.3568@example.com,NCR
3569,Gloria,Trillanes,gloria.trillanes.3569@example.com,Mindanao
3570,Cynthia,Binay,cynthia.binay.3570@example.com,Visayas
3571,Vicente,Arroyo,vicente.arroyo.3571@example.com,Visayas
3572,Fidel,Roxas,fidel.roxas.3572@example.com,NCR
3573,Rafael,Sy,rafael.sy.3573@example.com,Mindanao
3574,Mark,Tolentino,mark.tolentino.3574@example.com,Visayas
3575,Vicente,Cruz,vicente.cruz.3575@example.com,Mindanao
3576,Win,Rizal,win.rizal.3576@example.com,Visayas
3577,Rodrigo,Mabini,rodrigo.mabini.3577@example.com,Luzon
3578,Robin,Pacquiao,robin.pacquiao.3578@example.com,NCR
3579,JV,Garcia,jv.garcia.3579@example.com,Luzon
3580,Miguel,Pimentel,miguel.pimentel.3580@example.com,NCR
3581,Renato,Tulfo,renato.tulfo.3581@example.com,NCR
3582,Pepe,Castillo,pepe.castillo.3582@example.com,NCR
3583,Ramon,Castro,ramon.castro.3583@example.com,Visayas
3584,Joy,Aquino,joy.aquino.3584@example.com,Luzon
3585,Ramon,Ramos,ramon.ramos.3585@example.com,NCR
3586,Rex,Roxas,rex.roxas.3586@example.com,Luzon
3587,Ramon,Duterte,ramon.duterte.3587@example.com,Luzon
3588,Joel,Remulla,joel.remulla.3588@example.com,Visayas
3589,Pepe,Pimentel,pepe.pimentel.3589@example.com,NCR
3590,Rodrigo,Navarro,rodrigo.navarro.3590@example.com,Visayas
3591,Ping,Recto,ping.recto.3591@example.com,Luzon
3592,Risa,Magsaysay,risa.magsaysay.3592@example.com,Visayas
3593,Jinggoy,Marcos,jinggoy.marcos.3593@example.com,Mindanao
3594,Antonio,Robredo,antonio.robredo.3594@example.com,Mindanao
3595,Pepe,Domingo,pepe.domingo.3595@example.com,Mindanao
3596,Rodolfo,Drilon,rodolfo.drilon.3596@example.com,Mindanao
3597,Panfilo,Enrile,panfilo.enrile.3597@example.com,NCR
3598,Koko,Tulfo,koko.tulfo.3598@example.com,Visayas
3599,Marcelino,Ocampo,marcelino.ocampo.3599@example.com,NCR
3600,Dick,Remulla,dick.remulla.3600@example.com,Visayas
3601,Leni,Ejercito,leni.ejercito.3601@example.com,Visayas
3602,Isko,Silang,isko.silang.3602@example.com,Luzon
3603,Noli,Recto,noli.recto.3603@example.com,NCR
3604,Noli,Poe,noli.poe.3604@example.com,Visayas
3605,Fernando,Poe,fernando.poe.3605@example.com,NCR
3606,Erap,Quirino,erap.quirino.3606@example.com,NCR
3607,Bam,Pacquiao,bam.pacquiao.3607@example.com,NCR
3608,Lito,Osmena,lito.osmena.3608@example.com,Mindanao
3609,Rafael,Bautista,rafael.bautista.3609@example.com,Mindanao
3610,Risa,Moreno,risa.moreno.3610@example.com,Luzon
3611,Renato,Roxas,renato.roxas.3611@example.com,Luzon
3612,Ernesto,Legarda,ernesto.legarda.3612@example.com,Visayas
3613,Juan,Garcia,juan.garcia.3613@example.com,Luzon
3614,Kiko,Rizal,kiko.rizal.3614@example.com,Luzon
3615,Ruffy,Garcia,ruffy.garcia.3615@example.com,Luzon
3616,Rex,Ramos,rex.ramos.3616@example.com,Luzon
3617,Ed,Marquez,ed.marquez.3617@example.com,Visayas
3618,Tito,Trillanes,tito.trillanes.3618@example.com,Visayas
3619,Reynaldo,Tulfo,reynaldo.tulfo.3619@example.com,Mindanao
3620,Ramon,Gordon,ramon.gordon.3620@example.com,Mindanao
3621,Tomas,Robredo,tomas.robredo.3621@example.com,Luzon
3622,Alan,Del Pilar,alan.delpilar.3622@example.com,Luzon
3623,Cynthia,Mendoza,cynthia.mendoza.3623@example.com,Visayas
3624,Fernando,Tulfo,fernando.tulfo.3624@example.com,NCR
3625,Sara,Lapid,sara.lapid.3625@example.com,Luzon
3626,Francis,Magsaysay,francis.magsaysay.3626@example.com,Visayas
3627,Miguel,Belmonte,miguel.belmonte.3627@example.com,Visayas
3628,Vic,Sison,vic.sison.3628@example.com,Visayas
3629,Benigno,Del Pilar,benigno.delpilar.3629@example.com,Luzon
3630,Leni,Biazon,leni.biazon.3630@example.com,Mindanao
3631,Ping,Torres,ping.torres.3631@example.com,Luzon
3632,Ernesto,Sison,ernesto.sison.3632@example.com,Luzon
3633,Mar,Lapid,mar.lapid.3633@example.com,Luzon
3634,Pia,Enrile,pia.enrile.3634@example.com,Luzon
3635,Reynaldo,Dela Cruz,reynaldo.delacruz.3635@example.com,Luzon
3636,Pia,Marcos,pia.marcos.3636@example.com,Mindanao
3637,Ruben,Magsaysay,ruben.magsaysay.3637@example.com,NCR
3638,Ramon,Villanueva,ramon.villanueva.3638@example.com,Visayas
3639,Manny,Revilla,manny.revilla.3639@example.com,Mindanao
3640,Panfilo,Flores,panfilo.flores.3640@example.com,Luzon
3641,Joey,Hontiveros,joey.hontiveros.3641@example.com,NCR
3642,Mark,Honasan,mark.honasan.3642@example.com,Mindanao
3643,Leni,Cayetano,leni.cayetano.3643@example.com,Mindanao
3644,Reynaldo,Perez,reynaldo.perez.3644@example.com,Luzon
3645,Raffy,Sison,raffy.sison.3645@example.com,NCR
3646,Alan,Ayala,alan.ayala.3646@example.com,NCR
3647,Alan,Angara,alan.angara.3647@example.com,Visayas
3648,Robin,Poe,robin.poe.3648@example.com,NCR
3649,Vico,Domingo,vico.domingo.3649@example.com,Visayas
3650,Ping,Ocampo,ping.ocampo.3650@example.com,Visayas
3651,Joy,Angara,joy.angara.3651@example.com,Visayas
3652,Lito,Vargas,lito.vargas.3652@example.com,NCR
3653,Arturo,Aguinaldo,arturo.aguinaldo.3653@example.com,NCR
3654,Leni,Macapagal,leni.macapagal.3654@example.com,NCR
3655,Ruffy,Mabini,ruffy.mabini.3655@example.com,Luzon
3656,Ferdinand,Castro,ferdinand.castro.3656@example.com,Visayas
3657,Fidel,Navarro,fidel.navarro.3657@example.com,NCR
3658,Alan,Lopez,alan.lopez.3658@example.com,Luzon
3659,Chiz,Ayala,chiz.ayala.3659@example.com,Visayas
3660,Pepe,Lapid,pepe.lapid.3660@example.com,Visayas
3661,Nancy,Padilla,nancy.padilla.3661@example.com,Visayas
3662,Marcelino,Vargas,marcelino.vargas.3662@example.com,Visayas
3663,Arturo,Ayala,arturo.ayala.3663@example.com,Mindanao
3664,Leila,Pangilinan,leila.pangilinan.3664@example.com,Mindanao
3665,Miguel,Luna,miguel.luna.3665@example.com,Visayas
3666,Pedro,Moreno,pedro.moreno.3666@example.com,Visayas
3667,Ralph,Tan,ralph.tan.3667@example.com,Mindanao
3668,Manny,Sotto,manny.sotto.3668@example.com,Mindanao
3669,Imee,Aguinaldo,imee.aguinaldo.3669@example.com,Visayas
3670,Benigno,Perez,benigno.perez.3670@example.com,Visayas
3671,Jose,Pimentel,jose.pimentel.3671@example.com,Visayas
3672,Marcelino,Moreno,marcelino.moreno.3672@example.com,Mindanao
3673,Rafael,Revilla,rafael.revilla.3673@example.com,Visayas
3674,Joy,Castro,joy.castro.3674@example.com,Visayas
3675,Allan,Santos,allan.santos.3675@example.com,Mindanao
3676,Allan,Luna,allan.luna.3676@example.com,Visayas
3677,Ruffy,Bautista,ruffy.bautista.3677@example.com,Luzon
3678,Joey,Pangilinan,joey.pangilinan.3678@example.com,Luzon
3679,Teodoro,Ayala,teodoro.ayala.3679@example.com,NCR
3680,Rodolfo,Cruz,rodolfo.cruz.3680@example.com,Mindanao
3681,Reynaldo,Cruz,reynaldo.cruz.3681@example.com,Luzon
3682,Noli,Lapid,noli.lapid.3682@example.com,Mindanao
3683,Ralph,Biazon,ralph.biazon.3683@example.com,Visayas
3684,Risa,Domingo,risa.domingo.3684@example.com,Luzon
3685,Sara,Aguinaldo,sara.aguinaldo.3685@example.com,Mindanao
3686,Joey,Tolentino,joey.tolentino.3686@example.com,NCR
3687,Cynthia,Ramos,cynthia.ramos.3687@example.com,Luzon
3688,Chiz,Padilla,chiz.padilla.3688@example.com,Visayas
3689,Win,Del Pilar,win.delpilar.3689@example.com,Mindanao
3690,Loren,Hontiveros,loren.hontiveros.3690@example.com,NCR
3691,Martin,Quezon,martin.quezon.3691@example.com,Luzon
3692,Jejomar,Macapagal,jejomar.macapagal.3692@example.com,Visayas
3693,Risa,Marcos,risa.marcos.3693@example.com,NCR
3694,Teodoro,Duterte,teodoro.duterte.3694@example.com,Mindanao
3695,Panfilo,Quezon,panfilo.quezon.3695@example.com,Visayas
3696,Rex,Ayala,rex.ayala.3696@example.com,Visayas
3697,Nancy,Castro,nancy.castro.3697@example.com,Luzon
3698,Ping,Ejercito,ping.ejercito.3698@example.com,Mindanao
3699,Imee,Bautista,imee.bautista.3699@example.com,Luzon
3700,JV,Castillo,jv.castillo.3700@example.com,NCR
3701,Bam,Lopez,bam.lopez.3701@example.com,NCR
3702,Cynthia,Del Pilar,cynthia.delpilar.3702@example.com,Visayas
3703,Arturo,Tolentino,arturo.tolentino.3703@example.com,Mindanao
3704,Juan,Magsaysay,juan.magsaysay.3704@example.com,Visayas
3705,Isko,Castro,isko.castro.3705@example.com,NCR
3706,Joel,Biazon,joel.biazon.3706@example.com,Mindanao
3707,Leila,Gokongwei,leila.gokongwei.3707@example.com,Mindanao
3708,Chiz,Belmonte,chiz.belmonte.3708@example.com,Luzon
3709,Ruben,Padilla,ruben.padilla.3709@example.com,NCR
3710,Tomas,Cruz,tomas.cruz.3710@example.com,Visayas
3711,Rodrigo,Del Pilar,rodrigo.delpilar.3711@example.com,Mindanao
3712,Ruben,Pacquiao,ruben.pacquiao.3712@example.com,Luzon
3713,Manny,Ramos,manny.ramos.3713@example.com,Visayas
3714,Ruben,Sotto,ruben.sotto.3714@example.com,Luzon
3715,Chiz,Angara,chiz.angara.3715@example.com,NCR
3716,Ed,Flores,ed.flores.3716@example.com,Mindanao
3717,Joy,Gatchalian,joy.gatchalian.3717@example.com,Visayas
3718,Richard,Gokongwei,richard.gokongwei.3718@example.com,NCR
3719,Rodrigo,Torres,rodrigo.torres.3719@example.com,Visayas
3720,Rafael,Magsaysay,rafael.magsaysay.3720@example.com,NCR
3721,Ferdinand,Gokongwei,ferdinand.gokongwei.3721@example.com,Visayas
3722,Ruben,Moreno,ruben.moreno.3722@example.com,Visayas
3723,Ruben,Zubiri,ruben.zubiri.3723@example.com,Visayas
3724,Koko,Villar,koko.villar.3724@example.com,NCR
3725,Tito,Padilla,tito.padilla.3725@example.com,NCR
3726,Vico,Rizal,vico.rizal.3726@example.com,Mindanao
3727,Erap,Villar,erap.villar.3727@example.com,Visayas
3728,Francis,Osmena,francis.osmena.3728@example.com,Visayas
3729,Koko,Lopez,koko.lopez.3729@example.com,NCR
3730,Kiko,Marcos,kiko.marcos.3730@example.com,NCR
3731,Joy,Biazon,joy.biazon.3731@example.com,NCR
3732,Leila,Torres,leila.torres.3732@example.com,Visayas
3733,Jinggoy,Marquez,jinggoy.marquez.3733@example.com,Visayas
3734,Dick,Pimentel,dick.pimentel.3734@example.com,NCR
3735,Miguel,Castro,miguel.castro.3735@example.com,NCR
3736,Francis,Lacson,francis.lacson.3736@example.com,NCR
3737,Ernesto,Cojuangco,ernesto.cojuangco.3737@example.com,NCR
3738,Bam,Marcos,bam.marcos.3738@example.com,Luzon
3739,Antonio,Gomez,antonio.gomez.3739@example.com,Visayas
3740,Bongbong,Sotto,bongbong.sotto.3740@example.com,Mindanao
3741,Reynaldo,Recto,reynaldo.recto.3741@example.com,Luzon
3742,Benigno,De Leon,benigno.deleon.3742@example.com,Luzon
3743,Ed,Marcos,ed.marcos.3743@example.com,Visayas
3744,Richard,Castro,richard.castro.3744@example.com,Mindanao
3745,Joel,Cayetano,joel.cayetano.3745@example.com,Visayas
3746,Robin,Duterte,robin.duterte.3746@example.com,NCR
3747,JV,Fernandez,jv.fernandez.3747@example.com,NCR
3748,Francis,Tan,francis.tan.3748@example.com,Luzon
3749,Joy,Estrada,joy.estrada.3749@example.com,Mindanao
3750,Richard,Magsaysay,richard.magsaysay.3750@example.com,NCR
3751,Jose,Quirino,jose.quirino.3751@example.com,Visayas
3752,Renato,Tolentino,renato.tolentino.3752@example.com,NCR
3753,Martin,Castro,martin.castro.3753@example.com,Luzon
3754,Fidel,Aguinaldo,fidel.aguinaldo.3754@example.com,Visayas
3755,JV,Sison,jv.sison.3755@example.com,Visayas
3756,Ping,Castillo,ping.castillo.3756@example.com,Mindanao
3757,Ramon,Lapid,ramon.lapid.3757@example.com,Luzon
3758,Jose,Ejercito,jose.ejercito.3758@example.com,Visayas
3759,Ping,Tulfo,ping.tulfo.3759@example.com,NCR
3760,Ernesto,De Leon,ernesto.deleon.3760@example.com,NCR
3761,Dick,Hontiveros,dick.hontiveros.3761@example.com,NCR
3762,Robin,Moreno,robin.moreno.3762@example.com,Visayas
3763,Romeo,Bonifacio,romeo.bonifacio.3763@example.com,NCR
3764,Imee,Hontiveros,imee.hontiveros.3764@example.com,Mindanao
3765,Romeo,Remulla,romeo.remulla.3765@example.com,Visayas
3766,Juan,Mendoza,juan.mendoza.3766@example.com,Luzon
3767,Ed,Ayala,ed.ayala.3767@example.com,Mindanao
3768,Arturo,Magsaysay,arturo.magsaysay.3768@example.com,Luzon
3769,Robin,De Leon,robin.deleon.3769@example.com,Visayas
3770,Pedro,Quezon,pedro.quezon.3770@example.com,Mindanao
3771,Pepe,Gonzales,pepe.gonzales.3771@example.com,NCR
3772,Leni,Silang,leni.silang.3772@example.com,NCR
3773,Imee,Pangilinan,imee.pangilinan.3773@example.com,Visayas
3774,Jojo,Padilla,jojo.padilla.3774@example.com,Luzon
3775,Jejomar,Biazon,jejomar.biazon.3775@example.com,Luzon
3776,Erap,Estrada,erap.estrada.3776@example.com,Visayas
3777,Tito,Bautista,tito.bautista.3777@example.com,Luzon
3778,Raffy,Dela Cruz,raffy.delacruz.3778@example.com,Luzon
3779,Ramon,Belmonte,ramon.belmonte.3779@example.com,Luzon
3780,Migz,Arroyo,migz.arroyo.3780@example.com,Visayas
3781,Chiz,Navarro,chiz.navarro.3781@example.com,Visayas
3782,Joy,Remulla,joy.remulla.3782@example.com,Mindanao
3783,Ramon,Padilla,ramon.padilla.3783@example.com,Mindanao
3784,Ping,Ayala,ping.ayala.3784@example.com,Luzon
3785,Jojo,Vargas,jojo.vargas.3785@example.com,Mindanao
3786,Migz,Villanueva,migz.villanueva.3786@example.com,Mindanao
3787,Isko,Gokongwei,isko.gokongwei.3787@example.com,Luzon
3788,Fernando,Ayala,fernando.ayala.3788@example.com,NCR
3789,Ed,Cruz,ed.cruz.3789@example.com,NCR
3790,Grace,Honasan,grace.honasan.3790@example.com,Mindanao
3791,JV,Macapagal,jv.macapagal.3791@example.com,Luzon
3792,Jojo,Sison,jojo.sison.3792@example.com,Luzon
3793,Cory,Sison,cory.sison.3793@example.com,NCR
3794,Risa,Belmonte,risa.belmonte.3794@example.com,Luzon
3795,Sonny,Ejercito,sonny.ejercito.3795@example.com,Visayas
3796,Bam,Poe,bam.poe.3796@example.com,Luzon
3797,Rafael,Dela Cruz,rafael.delacruz.3797@example.com,Luzon
3798,Sara,Enrile,sara.enrile.3798@example.com,NCR
3799,Joel,Tulfo,joel.tulfo.3799@example.com,Mindanao
3800,Danilo,Perez,danilo.perez.3800@example.com,Mindanao
3801,Ruffy,Abalos,ruffy.abalos.3801@example.com,Mindanao
3802,Leni,Quirino,leni.quirino.3802@example.com,Luzon
3803,Alan,Navarro,alan.navarro.3803@example.com,Luzon
3804,Mar,Tan,mar.tan.3804@example.com,Visayas
3805,Cynthia,Duterte,cynthia.duterte.3805@example.com,Mindanao
3806,Pedro,Torres,pedro.torres.3806@example.com,Mindanao
3807,Vico,Ramos,vico.ramos.3807@example.com,Visayas
3808,Mar,Revilla,mar.revilla.3808@example.com,Visayas
3809,Pepe,Santos,pepe.santos.3809@example.com,Visayas
3810,Ramon,Roxas,ramon.roxas.3810@example.com,NCR
3811,Bam,Sison,bam.sison.3811@example.com,Visayas
3812,Grace,Osmena,grace.osmena.3812@example.com,NCR
3813,Jejomar,Marquez,jejomar.marquez.3813@example.com,NCR
3814,Ralph,Legarda,ralph.legarda.3814@example.com,Visayas
3815,Raffy,Navarro,raffy.navarro.3815@example.com,Mindanao
3816,Migz,Aguinaldo,migz.aguinaldo.3816@example.com,NCR
3817,Rafael,Drilon,rafael.drilon.3817@example.com,Visayas
3818,Leni,Pangilinan,leni.pangilinan.3818@example.com,Visayas
3819,Migz,Belmonte,migz.belmonte.3819@example.com,NCR
3820,Ramon,Estrada,ramon.estrada.3820@example.com,Visayas
3821,Juan,Pimentel,juan.pimentel.3821@example.com,NCR
3822,Mario,Hontiveros,mario.hontiveros.3822@example.com,Mindanao
3823,Romeo,Magsaysay,romeo.magsaysay.3823@example.com,Luzon
3824,Ed,Mabini,ed.mabini.3824@example.com,Visayas
3825,Gloria,Aguinaldo,gloria.aguinaldo.3825@example.com,NCR
3826,Robin,Perez,robin.perez.3826@example.com,NCR
3827,Ferdinand,Enrile,ferdinand.enrile.3827@example.com,Luzon
3828,Ruben,Arroyo,ruben.arroyo.3828@example.com,Visayas
3829,Antonio,Castro,antonio.castro.3829@example.com,Mindanao
3830,Antonio,Quezon,antonio.quezon.3830@example.com,Visayas
3831,Ed,Enrile,ed.enrile.3831@example.com,Visayas
3832,Pepe,Belmonte,pepe.belmonte.3832@example.com,Luzon
3833,Romeo,Luna,romeo.luna.3833@example.com,Visayas
3834,Tomas,Gomez,tomas.gomez.3834@example.com,Mindanao
3835,Joey,Sy,joey.sy.3835@example.com,NCR
3836,Jejomar,Flores,jejomar.flores.3836@example.com,NCR
3837,Noli,Pimentel,noli.pimentel.3837@example.com,Luzon
3838,Migz,Tolentino,migz.tolentino.3838@example.com,Luzon
3839,Raffy,Del Pilar,raffy.delpilar.3839@example.com,NCR
3840,Jose,Revilla,jose.revilla.3840@example.com,Luzon
3841,Win,Garcia,win.garcia.3841@example.com,Luzon
3842,Ernesto,Lopez,ernesto.lopez.3842@example.com,NCR
3843,Sonny,Cayetano,sonny.cayetano.3843@example.com,Luzon
3844,Jinggoy,Biazon,jinggoy.biazon.3844@example.com,Visayas
3845,Ernesto,Reyes,ernesto.reyes.3845@example.com,NCR
3846,Tito,Hontiveros,tito.hontiveros.3846@example.com,Luzon
3847,Benigno,Silang,benigno.silang.3847@example.com,Luzon
3848,Francis,Angara,francis.angara.3848@example.com,Luzon
3849,Noli,Macapagal,noli.macapagal.3849@example.com,Mindanao
3850,Fernando,Mabini,fernando.mabini.3850@example.com,Luzon
3851,Ernesto,Perez,ernesto.perez.3851@example.com,Visayas
3852,Jinggoy,Duterte,jinggoy.duterte.3852@example.com,Visayas
3853,Win,Gokongwei,win.gokongwei.3853@example.com,NCR
3854,Isko,Cayetano,isko.cayetano.3854@example.com,NCR
3855,Bongbong,Zubiri,bongbong.zubiri.3855@example.com,Visayas
3856,Sonny,Revilla,sonny.revilla.3856@example.com,Mindanao
3857,Marcelino,De Leon,marcelino.deleon.3857@example.com,NCR
3858,Cory,Revilla,cory.revilla.3858@example.com,NCR
3859,Ferdinand,Lopez,ferdinand.lopez.3859@example.com,NCR
3860,Martin,Ejercito,martin.ejercito.3860@example.com,Mindanao
3861,Nancy,Sotto,nancy.sotto.3861@example.com,NCR
3862,Antonio,Belmonte,antonio.belmonte.3862@example.com,Luzon
3863,Loren,De Leon,loren.deleon.3863@example.com,Luzon
3864,Leni,Gokongwei,leni.gokongwei.3864@example.com,NCR
3865,Martin,Zubiri,martin.zubiri.3865@example.com,Luzon
3866,Bongbong,Pacquiao,bongbong.pacquiao.3866@example.com,Visayas
3867,Ping,Lacson,ping.lacson.3867@example.com,Mindanao
3868,Rex,Domingo,rex.domingo.3868@example.com,Luzon
3869,Tomas,De Leon,tomas.deleon.3869@example.com,Luzon
3870,Rodrigo,Sy,rodrigo.sy.3870@example.com,Luzon
3871,Rodrigo,Zubiri,rodrigo.zubiri.3871@example.com,Luzon
3872,Alan,Gatchalian,alan.gatchalian.3872@example.com,Mindanao
3873,Richard,De Leon,richard.deleon.3873@example.com,Mindanao
3874,Chiz,Aquino,chiz.aquino.3874@example.com,Mindanao
3875,Jinggoy,Dela Cruz,jinggoy.delacruz.3875@example.com,Visayas
3876,Grace,Recto,grace.recto.3876@example.com,Luzon
3877,Joy,Hontiveros,joy.hontiveros.3877@example.com,Visayas
3878,Ruben,Revilla,ruben.revilla.3878@example.com,Luzon
3879,Sara,Drilon,sara.drilon.3879@example.com,Luzon
3880,Dick,Aguinaldo,dick.aguinaldo.3880@example.com,Luzon
3881,Rodolfo,Santos,rodolfo.santos.3881@example.com,Mindanao
3882,Mark,Estrada,mark.estrada.3882@example.com,NCR
3883,Win,Estrada,win.estrada.3883@example.com,Mindanao
3884,Joy,Flores,joy.flores.3884@example.com,Mindanao
3885,Jojo,Reyes,jojo.reyes.3885@example.com,Luzon
3886,Ed,Perez,ed.perez.3886@example.com,NCR
3887,Rodolfo,Estrada,rodolfo.estrada.3887@example.com,NCR
3888,Renato,Sy,renato.sy.3888@example.com,Visayas
3889,Pia,Gonzales,pia.gonzales.3889@example.com,Luzon
3890,Rex,Poe,rex.poe.3890@example.com,Luzon
3891,Abby,Mabini,abby.mabini.3891@example.com,NCR
3892,Joel,Padilla,joel.padilla.3892@example.com,Luzon
3893,Joy,Legarda,joy.legarda.3893@example.com,Visayas
3894,Chiz,Sy,chiz.sy.3894@example.com,Mindanao
3895,Imee,Sotto,imee.sotto.3895@example.com,NCR
3896,Reynaldo,Osmena,reynaldo.osmena.3896@example.com,Mindanao
3897,Danilo,Ocampo,danilo.ocampo.3897@example.com,Mindanao
3898,Cynthia,Magsaysay,cynthia.magsaysay.3898@example.com,Luzon
3899,Kiko,Sy,kiko.sy.3899@example.com,Mindanao
3900,Rodrigo,Magsaysay,rodrigo.magsaysay.3900@example.com,Visayas
3901,Jinggoy,Honasan,jinggoy.honasan.3901@example.com,Visayas
3902,Antonio,Gonzales,antonio.gonzales.3902@example.com,NCR
3903,Dick,Ocampo,dick.ocampo.3903@example.com,Visayas
3904,Bongbong,Perez,bongbong.perez.3904@example.com,Mindanao
3905,Antonio,Zubiri,antonio.zubiri.3905@example.com,NCR
3906,Migz,Zubiri,migz.zubiri.3906@example.com,Luzon
3907,Panfilo,Sotto,panfilo.sotto.3907@example.com,Luzon
3908,Marcelino,Navarro,marcelino.navarro.3908@example.com,Luzon
3909,Pedro,Tolentino,pedro.tolentino.3909@example.com,Mindanao
3910,Antonio,Moreno,antonio.moreno.3910@example.com,Mindanao
3911,Bongbong,Recto,bongbong.recto.3911@example.com,Visayas
3912,Joel,Luna,joel.luna.3912@example.com,Luzon
3913,Vicente,Quirino,vicente.quirino.3913@example.com,NCR
3914,Raffy,Lacson,raffy.lacson.3914@example.com,Visayas
3915,Robin,Gonzales,robin.gonzales.3915@example.com,Mindanao
3916,Rex,Tulfo,rex.tulfo.3916@example.com,Luzon
3917,Jejomar,Gonzales,jejomar.gonzales.3917@example.com,Visayas
3918,Noli,Belmonte,noli.belmonte.3918@example.com,Luzon
3919,Win,Remulla,win.remulla.3919@example.com,Luzon
3920,Robin,Arroyo,robin.arroyo.3920@example.com,Luzon
3921,Grace,Quezon,grace.quezon.3921@example.com,Visayas
3922,Rafael,Arroyo,rafael.arroyo.3922@example.com,Luzon
3923,Pia,Quirino,pia.quirino.3923@example.com,Visayas
3924,Mark,Moreno,mark.moreno.3924@example.com,Visayas
3925,Joey,Zubiri,joey.zubiri.3925@example.com,Luzon
3926,Antonio,De Leon,antonio.deleon.3926@example.com,Luzon
3927,Noli,Domingo,noli.domingo.3927@example.com,Luzon
3928,Vic,Pacquiao,vic.pacquiao.3928@example.com,Luzon
3929,Bongbong,Pangilinan,bongbong.pangilinan.3929@example.com,Mindanao
3930,Romeo,Arroyo,romeo.arroyo.3930@example.com,Mindanao
3931,Leila,Legarda,leila.legarda.3931@example.com,Mindanao
3932,Chiz,De Leon,chiz.deleon.3932@example.com,NCR
3933,Miguel,Recto,miguel.recto.3933@example.com,Luzon
3934,Vicente,Silang,vicente.silang.3934@example.com,Visayas
3935,Ramon,Gatchalian,ramon.gatchalian.3935@example.com,Mindanao
3936,Koko,Robredo,koko.robredo.3936@example.com,Mindanao
3937,Manny,Gonzales,manny.gonzales.3937@example.com,Visayas
3938,Leila,Garcia,leila.garcia.3938@example.com,Luzon
3939,Panfilo,Padilla,panfilo.padilla.3939@example.com,Visayas
3940,Ed,Macapagal,ed.macapagal.3940@example.com,NCR
3941,Mar,Drilon,mar.drilon.3941@example.com,Luzon
3942,Erap,Ocampo,erap.ocampo.3942@example.com,Mindanao
3943,Romeo,Padilla,romeo.padilla.3943@example.com,Luzon
3944,Bam,Santos,bam.santos.3944@example.com,NCR
3945,Nancy,Rizal,nancy.rizal.3945@example.com,Visayas
3946,Koko,Moreno,koko.moreno.3946@example.com,Visayas
3947,Ralph,Poe,ralph.poe.3947@example.com,NCR
3948,JV,Rizal,jv.rizal.3948@example.com,Luzon
3949,Joel,Castro,joel.castro.3949@example.com,Visayas
3950,Rex,Flores,rex.flores.3950@example.com,Mindanao
3951,Fidel,Dela Cruz,fidel.delacruz.3951@example.com,Visayas
3952,JV,Torres,jv.torres.3952@example.com,NCR
3953,Migz,Reyes,migz.reyes.3953@example.com,Mindanao
3954,Manny,Moreno,manny.moreno.3954@example.com,Visayas
3955,Ralph,Bautista,ralph.bautista.3955@example.com,Visayas
3956,Mark,Ejercito,mark.ejercito.3956@example.com,Luzon
3957,Ed,Remulla,ed.remulla.3957@example.com,Mindanao
3958,Leila,Magsaysay,leila.magsaysay.3958@example.com,Visayas
3959,Danilo,Marquez,danilo.marquez.3959@example.com,NCR
3960,Abby,Marcos,abby.marcos.3960@example.com,Visayas
3961,Rex,Robredo,rex.robredo.3961@example.com,NCR
3962,Fernando,Cruz,fernando.cruz.3962@example.com,Luzon
3963,Manny,Recto,manny.recto.3963@example.com,Mindanao
3964,Tito,Binay,tito.binay.3964@example.com,Visayas
3965,Risa,Biazon,risa.biazon.3965@example.com,Visayas
3966,Leila,Fernandez,leila.fernandez.3966@example.com,NCR
3967,Bongbong,Marquez,bongbong.marquez.3967@example.com,Luzon
3968,Jojo,Castro,jojo.castro.3968@example.com,NCR
3969,Ed,Sison,ed.sison.3969@example.com,Luzon
3970,Mar,Flores,mar.flores.3970@example.com,Luzon
3971,Marcelino,Tan,marcelino.tan.3971@example.com,Visayas
3972,Erap,Drilon,erap.drilon.3972@example.com,Luzon
3973,Fernando,Navarro,fernando.navarro.3973@example.com,Mindanao
3974,Lito,Del Pilar,lito.delpilar.3974@example.com,Mindanao
3975,Benigno,Gonzales,benigno.gonzales.3975@example.com,Luzon
3976,Rodolfo,Sy,rodolfo.sy.3976@example.com,Mindanao
3977,Loren,Drilon,loren.drilon.3977@example.com,Luzon
3978,Erap,Trillanes,erap.trillanes.3978@example.com,Luzon
3979,Fidel,Castro,fidel.castro.3979@example.com,NCR
3980,Pia,Perez,pia.perez.3980@example.com,Luzon
3981,Fernando,Moreno,fernando.moreno.3981@example.com,Luzon
3982,Bongbong,Hontiveros,bongbong.hontiveros.3982@example.com,Luzon
3983,Rodrigo,Gomez,rodrigo.gomez.3983@example.com,Luzon
3984,Rafael,Cojuangco,rafael.cojuangco.3984@example.com,Visayas
3985,Teodoro,Angara,teodoro.angara.3985@example.com,Visayas
3986,Migz,Cayetano,migz.cayetano.3986@example.com,NCR
3987,Tito,Fernandez,tito.fernandez.3987@example.com,Visayas
3988,Jejomar,Cayetano,jejomar.cayetano.3988@example.com,Mindanao
3989,Koko,Cojuangco,koko.cojuangco.3989@example.com,Mindanao
3990,Imee,Villanueva,imee.villanueva.3990@example.com,NCR
3991,Lito,Gomez,lito.gomez.3991@example.com,Luzon
3992,Jojo,Quirino,jojo.quirino.3992@example.com,Mindanao
3993,Rodrigo,Garcia,rodrigo.garcia.3993@example.com,NCR
3994,Mar,Poe,mar.poe.3994@example.com,NCR
3995,Erap,Enrile,erap.enrile.3995@example.com,Visayas
3996,Chiz,Cruz,chiz.cruz.3996@example.com,Visayas
3997,Gloria,Bautista,gloria.bautista.3997@example.com,NCR
3998,Loren,Angara,loren.angara.3998@example.com,NCR
3999,Teodoro,Gonzales,teodoro.gonzales.3999@example.com,Mindanao
4000,Ferdinand,Perez,ferdinand.perez.4000@example.com,Visayas
4001,Danilo,Roxas,danilo.roxas.4001@example.com,Mindanao
4002,Teodoro,Remulla,teodoro.remulla.4002@example.com,NCR
4003,Chiz,Lapid,chiz.lapid.4003@example.com,NCR
4004,Isko,Lacson,isko.lacson.4004@example.com,Luzon
4005,Manny,Legarda,manny.legarda.4005@example.com,NCR
4006,Pia,Domingo,pia.domingo.4006@example.com,NCR
4007,Benigno,Cayetano,benigno.cayetano.4007@example.com,Luzon
4008,Martin,Reyes,martin.reyes.4008@example.com,Mindanao
4009,Benigno,Magsaysay,benigno.magsaysay.4009@example.com,Visayas
4010,Carlos,Duterte,carlos.duterte.4010@example.com,Luzon
4011,Grace,Cayetano,grace.cayetano.4011@example.com,Visayas
4012,Koko,Mendoza,koko.mendoza.4012@example.com,Mindanao
4013,Risa,Binay,risa.binay.4013@example.com,Visayas
4014,Ed,Rizal,ed.rizal.4014@example.com,NCR
4015,Gloria,Mendoza,gloria.mendoza.4015@example.com,Visayas
4016,Leni,Pacquiao,leni.pacquiao.4016@example.com,NCR
4017,Renato,Sotto,renato.sotto.4017@example.com,Visayas
4018,Panfilo,Poe,panfilo.poe.4018@example.com,Mindanao
4019,Arturo,Luna,arturo.luna.4019@example.com,NCR
4020,Carlos,Ejercito,carlos.ejercito.4020@example.com,NCR
4021,Richard,Marquez,richard.marquez.4021@example.com,Luzon
4022,Joel,Gomez,joel.gomez.4022@example.com,Luzon
4023,Manny,Mabini,manny.mabini.4023@example.com,Mindanao
4024,Ping,Poe,ping.poe.4024@example.com,Visayas
4025,Allan,Lapid,allan.lapid.4025@example.com,Mindanao
4026,Grace,Poe,grace.poe.4026@example.com,Luzon
4027,Romeo,Sy,romeo.sy.4027@example.com,NCR
4028,Mario,Flores,mario.flores.4028@example.com,Visayas
4029,Arturo,Pimentel,arturo.pimentel.4029@example.com,Mindanao
4030,Marcelino,Marcos,marcelino.marcos.4030@example.com,NCR
4031,Reynaldo,Fernandez,reynaldo.fernandez.4031@example.com,Visayas
4032,Mar,Biazon,mar.biazon.4032@example.com,Visayas
4033,Arturo,Aquino,arturo.aquino.4033@example.com,Mindanao
4034,Fernando,Marcos,fernando.marcos.4034@example.com,Visayas
4035,Vic,Angara,vic.angara.4035@example.com,Mindanao
4036,Jinggoy,Tulfo,jinggoy.tulfo.4036@example.com,NCR
4037,Vic,Cruz,vic.cruz.4037@example.com,NCR
4038,Joey,Gonzales,joey.gonzales.4038@example.com,Mindanao
4039,Francis,Garcia,francis.garcia.4039@example.com,Visayas
4040,Manny,Sy,manny.sy.4040@example.com,Mindanao
4041,Bam,Garcia,bam.garcia.4041@example.com,NCR
4042,Marcelino,Enrile,marcelino.enrile.4042@example.com,Mindanao
4043,Chiz,Flores,chiz.flores.4043@example.com,Luzon
4044,Isko,Villanueva,isko.villanueva.4044@example.com,NCR
4045,Rex,Quezon,rex.quezon.4045@example.com,Luzon
4046,Romeo,Poe,romeo.poe.4046@example.com,Luzon
4047,Migz,Garcia,migz.garcia.4047@example.com,Mindanao
4048,Abby,Bonifacio,abby.bonifacio.4048@example.com,Mindanao
4049,Sonny,Bonifacio,sonny.bonifacio.4049@example.com,NCR
4050,Joy,Gomez,joy.gomez.4050@example.com,Visayas
4051,Alan,Cruz,alan.cruz.4051@example.com,Visayas
4052,Joel,Gonzales,joel.gonzales.4052@example.com,Luzon
4053,Jojo,Arroyo,jojo.arroyo.4053@example.com,Luzon
4054,Ramon,De Leon,ramon.deleon.4054@example.com,Visayas
4055,Ed,Bautista,ed.bautista.4055@example.com,NCR
4056,Francis,Silang,francis.silang.4056@example.com,Mindanao
4057,Joel,Villanueva,joel.villanueva.4057@example.com,NCR
4058,Vic,Poe,vic.poe.4058@example.com,Visayas
4059,Noli,Marcos,noli.marcos.4059@example.com,Visayas
4060,Sherwin,Ramos,sherwin.ramos.4060@example.com,Mindanao
4061,Jinggoy,Quezon,jinggoy.quezon.4061@example.com,Visayas
4062,Jejomar,Gomez,jejomar.gomez.4062@example.com,Mindanao
4063,Miguel,Fernandez,miguel.fernandez.4063@example.com,Luzon
4064,Tomas,Pangilinan,tomas.pangilinan.4064@example.com,Luzon
4065,Kiko,Zubiri,kiko.zubiri.4065@example.com,Visayas
4066,Tomas,Perez,tomas.perez.4066@example.com,Mindanao
4067,Renato,Gordon,renato.gordon.4067@example.com,NCR
4068,Erap,Luna,erap.luna.4068@example.com,Luzon
4069,Erap,Navarro,erap.navarro.4069@example.com,Visayas
4070,Joy,Duterte,joy.duterte.4070@example.com,Visayas
4071,Danilo,Lopez,danilo.lopez.4071@example.com,Luzon
4072,Isko,Mendoza,isko.mendoza.4072@example.com,NCR
4073,Reynaldo,Tolentino,reynaldo.tolentino.4073@example.com,Mindanao
4074,Pepe,Robredo,pepe.robredo.4074@example.com,Mindanao
4075,Risa,Perez,risa.perez.4075@example.com,NCR
4076,Koko,Gokongwei,koko.gokongwei.4076@example.com,NCR
4077,Ernesto,Fernandez,ernesto.fernandez.4077@example.com,Mindanao
4078,Arturo,Enrile,arturo.enrile.4078@example.com,Luzon
4079,Raffy,Gomez,raffy.gomez.4079@example.com,Visayas
4080,Allan,Perez,allan.perez.4080@example.com,Mindanao
4081,Renato,Cayetano,renato.cayetano.4081@example.com,Luzon
4082,Jojo,Aguinaldo,jojo.aguinaldo.4082@example.com,NCR
4083,Rafael,Cruz,rafael.cruz.4083@example.com,Mindanao
4084,Fidel,Domingo,fidel.domingo.4084@example.com,Visayas
4085,Robin,Tolentino,robin.tolentino.4085@example.com,Mindanao
4086,Gloria,Villanueva,gloria.villanueva.4086@example.com,NCR
4087,Jose,Garcia,jose.garcia.4087@example.com,Mindanao
4088,Pia,Robredo,pia.robredo.4088@example.com,Visayas
4089,Loren,Tolentino,loren.tolentino.4089@example.com,Mindanao
4090,Bam,Castro,bam.castro.4090@example.com,Mindanao
4091,Danilo,Torres,danilo.torres.4091@example.com,Visayas
4092,Joy,Ejercito,joy.ejercito.4092@example.com,Luzon
4093,Mar,Del Pilar,mar.delpilar.4093@example.com,Luzon
4094,Mark,Gonzales,mark.gonzales.4094@example.com,Luzon
4095,Jinggoy,Gatchalian,jinggoy.gatchalian.4095@example.com,Visayas
4096,Ernesto,Zubiri,ernesto.zubiri.4096@example.com,NCR
4097,Tomas,Cojuangco,tomas.cojuangco.4097@example.com,NCR
4098,Pepe,Zubiri,pepe.zubiri.4098@example.com,NCR
4099,Vicente,Angara,vicente.angara.4099@example.com,Luzon
4100,Vico,Lopez,vico.lopez.4100@example.com,Visayas
4101,Pepe,Sison,pepe.sison.4101@example.com,Mindanao
4102,Allan,Gordon,allan.gordon.4102@example.com,Mindanao
4103,Renato,Fernandez,renato.fernandez.4103@example.com,Visayas
4104,Martin,Roxas,martin.roxas.4104@example.com,Mindanao
4105,Ferdinand,Flores,ferdinand.flores.4105@example.com,NCR
4106,Dick,Padilla,dick.padilla.4106@example.com,Luzon
4107,Win,Marquez,win.marquez.4107@example.com,NCR
4108,Fidel,Drilon,fidel.drilon.4108@example.com,Visayas
4109,Kiko,De Leon,kiko.deleon.4109@example.com,NCR
4110,JV,Pimentel,jv.pimentel.4110@example.com,Visayas
4111,Joy,Arroyo,joy.arroyo.4111@example.com,Visayas
4112,Rex,Tan,rex.tan.4112@example.com,Mindanao
4113,Ferdinand,Dela Cruz,ferdinand.delacruz.4113@example.com,Visayas
4114,JV,Recto,jv.recto.4114@example.com,Luzon
4115,Marcelino,Aquino,marcelino.aquino.4115@example.com,NCR
4116,Cory,Honasan,cory.honasan.4116@example.com,Visayas
4117,Erap,Revilla,erap.revilla.4117@example.com,Luzon
4118,Rodolfo,Roxas,rodolfo.roxas.4118@example.com,Luzon
4119,Pedro,Domingo,pedro.domingo.4119@example.com,Luzon
4120,Lito,Marquez,lito.marquez.4120@example.com,Visayas
4121,Robin,Sy,robin.sy.4121@example.com,Visayas
4122,Joey,Sotto,joey.sotto.4122@example.com,Luzon
4123,Bam,Belmonte,bam.belmonte.4123@example.com,Luzon
4124,Alan,Dela Cruz,alan.delacruz.4124@example.com,Mindanao
4125,Win,Binay,win.binay.4125@example.com,Visayas
4126,Loren,Del Pilar,loren.delpilar.4126@example.com,Luzon
4127,Tomas,Domingo,tomas.domingo.4127@example.com,Mindanao
4128,Renato,Poe,renato.poe.4128@example.com,NCR
4129,Isko,Trillanes,isko.trillanes.4129@example.com,Mindanao
4130,Chiz,Tolentino,chiz.tolentino.4130@example.com,NCR
4131,Cory,Ayala,cory.ayala.4131@example.com,Visayas
4132,Vico,Mendoza,vico.mendoza.4132@example.com,NCR
4133,Mark,Marcos,mark.marcos.4133@example.com,NCR
4134,Ramon,Pacquiao,ramon.pacquiao.4134@example.com,NCR
4135,Rodrigo,Poe,rodrigo.poe.4135@example.com,Luzon
4136,Nancy,Sison,nancy.sison.4136@example.com,Luzon
4137,Cynthia,Aguinaldo,cynthia.aguinaldo.4137@example.com,Mindanao
4138,Bam,Torres,bam.torres.4138@example.com,Visayas
4139,Isko,Vargas,isko.vargas.4139@example.com,Mindanao
4140,Win,Lapid,win.lapid.4140@example.com,Mindanao
4141,Leni,Aguinaldo,leni.aguinaldo.4141@example.com,NCR
4142,Mark,Pangilinan,mark.pangilinan.4142@example.com,NCR
4143,Jinggoy,Gonzales,jinggoy.gonzales.4143@example.com,NCR
4144,Jejomar,Luna,jejomar.luna.4144@example.com,NCR
4145,Bongbong,Aquino,bongbong.aquino.4145@example.com,Visayas
4146,Rex,Fernandez,rex.fernandez.4146@example.com,Mindanao
4147,Jojo,Cayetano,jojo.cayetano.4147@example.com,Luzon
4148,Joel,Tan,joel.tan.4148@example.com,NCR
4149,Fidel,Mabini,fidel.mabini.4149@example.com,Visayas
4150,Juan,Moreno,juan.moreno.4150@example.com,Mindanao
4151,Danilo,Lapid,danilo.lapid.4151@example.com,Visayas
4152,Fidel,Lopez,fidel.lopez.4152@example.com,Luzon
4153,Juan,Hontiveros,juan.hontiveros.4153@example.com,Visayas
4154,Rodrigo,Angara,rodrigo.angara.4154@example.com,Mindanao
4155,Gloria,Drilon,gloria.drilon.4155@example.com,NCR
4156,Ferdinand,Angara,ferdinand.angara.4156@example.com,Visayas
4157,Pedro,Honasan,pedro.honasan.4157@example.com,Mindanao
4158,Benigno,Castro,benigno.castro.4158@example.com,Luzon
4159,Ping,Duterte,ping.duterte.4159@example.com,NCR
4160,Danilo,Castillo,danilo.castillo.4160@example.com,NCR
4161,Jojo,Ayala,jojo.ayala.4161@example.com,NCR
4162,Jinggoy,Belmonte,jinggoy.belmonte.4162@example.com,NCR
4163,Raffy,Pimentel,raffy.pimentel.4163@example.com,Mindanao
4164,Vicente,Mendoza,vicente.mendoza.4164@example.com,NCR
4165,Mario,Ocampo,mario.ocampo.4165@example.com,NCR
4166,Jinggoy,Drilon,jinggoy.drilon.4166@example.com,Visayas
4167,Francis,Domingo,francis.domingo.4167@example.com,Visayas
4168,Carlos,Angara,carlos.angara.4168@example.com,Luzon
4169,Rex,Legarda,rex.legarda.4169@example.com,Luzon
4170,Dick,Duterte,dick.duterte.4170@example.com,NCR
4171,Fernando,Quirino,fernando.quirino.4171@example.com,Mindanao
4172,Noli,Cojuangco,noli.cojuangco.4172@example.com,NCR
4173,Cynthia,Biazon,cynthia.biazon.4173@example.com,Visayas
4174,Vicente,Robredo,vicente.robredo.4174@example.com,NCR
4175,Reynaldo,Estrada,reynaldo.estrada.4175@example.com,Luzon
4176,Ruffy,Vargas,ruffy.vargas.4176@example.com,Mindanao
4177,Panfilo,Ayala,panfilo.ayala.4177@example.com,Mindanao
4178,Joel,Flores,joel.flores.4178@example.com,Luzon
4179,Richard,Recto,richard.recto.4179@example.com,NCR
4180,Sherwin,Torres,sherwin.torres.4180@example.com,Mindanao
4181,Abby,Sy,abby.sy.4181@example.com,Mindanao
4182,Lito,Roxas,lito.roxas.4182@example.com,Visayas
4183,Ruffy,Gomez,ruffy.gomez.4183@example.com,Mindanao
4184,Kiko,Bautista,kiko.bautista.4184@example.com,Visayas
4185,Joel,Moreno,joel.moreno.4185@example.com,Mindanao
4186,Robin,Bonifacio,robin.bonifacio.4186@example.com,Luzon
4187,Rafael,Perez,rafael.perez.4187@example.com,Visayas
4188,Rafael,Castro,rafael.castro.4188@example.com,Mindanao
4189,Gloria,Gokongwei,gloria.gokongwei.4189@example.com,Visayas
4190,Sonny,Belmonte,sonny.belmonte.4190@example.com,Mindanao
4191,Allan,Trillanes,allan.trillanes.4191@example.com,Mindanao
4192,Ralph,Marquez,ralph.marquez.4192@example.com,Visayas
4193,Chiz,Hontiveros,chiz.hontiveros.4193@example.com,Luzon
4194,Cynthia,Angara,cynthia.angara.4194@example.com,Luzon
4195,Fidel,Quezon,fidel.quezon.4195@example.com,Visayas
4196,Chiz,Aguinaldo,chiz.aguinaldo.4196@example.com,Luzon
4197,Allan,Biazon,allan.biazon.4197@example.com,NCR
4198,Noli,Villanueva,noli.villanueva.4198@example.com,Visayas
4199,Ed,Garcia,ed.garcia.4199@example.com,Luzon
4200,Nancy,Ejercito,nancy.ejercito.4200@example.com,Luzon
4201,Juan,Honasan,juan.honasan.4201@example.com,Luzon
4202,Fidel,Castillo,fidel.castillo.4202@example.com,Visayas
4203,Benigno,Marcos,benigno.marcos.4203@example.com,NCR
4204,Miguel,Ejercito,miguel.ejercito.4204@example.com,Visayas
4205,Ralph,Quirino,ralph.quirino.4205@example.com,Mindanao
4206,Pepe,Estrada,pepe.estrada.4206@example.com,Mindanao
4207,Tito,Luna,tito.luna.4207@example.com,Luzon
4208,Risa,Fernandez,risa.fernandez.4208@example.com,Mindanao
4209,Isko,Garcia,isko.garcia.4209@example.com,Mindanao
4210,Cynthia,Estrada,cynthia.estrada.4210@example.com,Visayas
4211,Loren,Sotto,loren.sotto.4211@example.com,Luzon
4212,Fernando,Enrile,fernando.enrile.4212@example.com,Luzon
4213,Rodrigo,Silang,rodrigo.silang.4213@example.com,Mindanao
4214,Alan,Pimentel,alan.pimentel.4214@example.com,Visayas
4215,Sara,Ayala,sara.ayala.4215@example.com,Visayas
4216,Raffy,Tulfo,raffy.tulfo.4216@example.com,Visayas
4217,Leila,Sy,leila.sy.4217@example.com,Mindanao
4218,Tito,Belmonte,tito.belmonte.4218@example.com,NCR
4219,Mar,Trillanes,mar.trillanes.4219@example.com,Visayas
4220,Imee,Reyes,imee.reyes.4220@example.com,Mindanao
4221,Bam,Robredo,bam.robredo.4221@example.com,Visayas
4222,Koko,De Leon,koko.deleon.4222@example.com,Visayas
4223,Rex,Mendoza,rex.mendoza.4223@example.com,Mindanao
4224,Sonny,Lopez,sonny.lopez.4224@example.com,Luzon
4225,Marcelino,Trillanes,marcelino.trillanes.4225@example.com,Visayas
4226,Nancy,Domingo,nancy.domingo.4226@example.com,Visayas
4227,Ferdinand,Sy,ferdinand.sy.4227@example.com,NCR
4228,Abby,Mendoza,abby.mendoza.4228@example.com,Visayas
4229,Loren,Gatchalian,loren.gatchalian.4229@example.com,Mindanao
4230,Alan,Marquez,alan.marquez.4230@example.com,Mindanao
4231,Bam,Macapagal,bam.macapagal.4231@example.com,Mindanao
4232,Vico,Duterte,vico.duterte.4232@example.com,NCR
4233,Rex,Cojuangco,rex.cojuangco.4233@example.com,NCR
4234,Joy,Bautista,joy.bautista.4234@example.com,Mindanao
4235,Tito,Aquino,tito.aquino.4235@example.com,Visayas
4236,Arturo,Roxas,arturo.roxas.4236@example.com,Visayas
4237,Jejomar,Abalos,jejomar.abalos.4237@example.com,NCR
4238,Jojo,Quezon,jojo.quezon.4238@example.com,Luzon
4239,Joey,Trillanes,joey.trillanes.4239@example.com,Luzon
4240,Antonio,Flores,antonio.flores.4240@example.com,Visayas
4241,Lito,Gokongwei,lito.gokongwei.4241@example.com,Mindanao
4242,Sara,Vargas,sara.vargas.4242@example.com,Mindanao
4243,Juan,Zubiri,juan.zubiri.4243@example.com,Luzon
4244,Noli,Villar,noli.villar.4244@example.com,Luzon
4245,Vic,Hontiveros,vic.hontiveros.4245@example.com,Visayas
4246,Martin,Sotto,martin.sotto.4246@example.com,Mindanao
4247,Jose,Lopez,jose.lopez.4247@example.com,Visayas
4248,Vic,Enrile,vic.enrile.4248@example.com,Mindanao
4249,Cory,Gomez,cory.gomez.4249@example.com,Visayas
4250,Fidel,Osmena,fidel.osmena.4250@example.com,Mindanao
4251,Sherwin,Domingo,sherwin.domingo.4251@example.com,Mindanao
4252,Vicente,Osmena,vicente.osmena.4252@example.com,Luzon
4253,Renato,Pangilinan,renato.pangilinan.4253@example.com,NCR
4254,Juan,Ocampo,juan.ocampo.4254@example.com,NCR
4255,Joey,Navarro,joey.navarro.4255@example.com,Visayas
4256,Rodrigo,Aguinaldo,rodrigo.aguinaldo.4256@example.com,Luzon
4257,Reynaldo,Rizal,reynaldo.rizal.4257@example.com,Mindanao
4258,Tomas,Castillo,tomas.castillo.4258@example.com,Visayas
4259,Raffy,Rizal,raffy.rizal.4259@example.com,Mindanao
4260,Joel,Roxas,joel.roxas.4260@example.com,Luzon
4261,Kiko,Flores,kiko.flores.4261@example.com,Visayas
4262,Risa,Del Pilar,risa.delpilar.4262@example.com,NCR
4263,Pedro,Vargas,pedro.vargas.4263@example.com,Visayas
4264,Ruben,Pangilinan,ruben.pangilinan.4264@example.com,Visayas
4265,Imee,Tolentino,imee.tolentino.4265@example.com,Mindanao
4266,Cory,Santos,cory.santos.4266@example.com,NCR
4267,Win,Castillo,win.castillo.4267@example.com,Luzon
4268,Joey,Aguinaldo,joey.aguinaldo.4268@example.com,NCR
4269,Chiz,Estrada,chiz.estrada.4269@example.com,NCR
4270,Rafael,Marquez,rafael.marquez.4270@example.com,Mindanao
4271,Marcelino,Dela Cruz,marcelino.delacruz.4271@example.com,NCR
4272,Gloria,Luna,gloria.luna.4272@example.com,Mindanao
4273,Ed,Estrada,ed.estrada.4273@example.com,Luzon
4274,Vico,Drilon,vico.drilon.4274@example.com,NCR
4275,Bongbong,Flores,bongbong.flores.4275@example.com,Mindanao
4276,Francis,Navarro,francis.navarro.4276@example.com,Luzon
4277,Ernesto,Torres,ernesto.torres.4277@example.com,NCR
4278,Leila,Enrile,leila.enrile.4278@example.com,NCR
4279,Joy,Fernandez,joy.fernandez.4279@example.com,Mindanao
4280,Nancy,Abalos,nancy.abalos.4280@example.com,Mindanao
4281,Vic,Sy,vic.sy.4281@example.com,Luzon
4282,Loren,Trillanes,loren.trillanes.4282@example.com,Mindanao
4283,Rex,Perez,rex.perez.4283@example.com,Luzon
4284,Pedro,Quirino,pedro.quirino.4284@example.com,Luzon
4285,Ralph,Magsaysay,ralph.magsaysay.4285@example.com,Visayas
4286,Loren,Ejercito,loren.ejercito.4286@example.com,Visayas
4287,Marcelino,Tulfo,marcelino.tulfo.4287@example.com,Luzon
4288,Alan,Tan,alan.tan.4288@example.com,NCR
4289,Leila,Bautista,leila.bautista.4289@example.com,Visayas
4290,Jejomar,Osmena,jejomar.osmena.4290@example.com,Visayas
4291,Erap,Villanueva,erap.villanueva.4291@example.com,Visayas
4292,Francis,Gordon,francis.gordon.4292@example.com,Luzon
4293,Nancy,Recto,nancy.recto.4293@example.com,NCR
4294,Joy,Ayala,joy.ayala.4294@example.com,Luzon
4295,Leila,Ramos,leila.ramos.4295@example.com,Mindanao
4296,Jinggoy,Domingo,jinggoy.domingo.4296@example.com,Mindanao
4297,Fernando,Gokongwei,fernando.gokongwei.4297@example.com,Visayas
4298,Raffy,Revilla,raffy.revilla.4298@example.com,Mindanao
4299,Miguel,Santos,miguel.santos.4299@example.com,NCR
4300,Gloria,Arroyo,gloria.arroyo.4300@example.com,Luzon
4301,Juan,Reyes,juan.reyes.4301@example.com,Mindanao
4302,Fidel,Pangilinan,fidel.pangilinan.4302@example.com,NCR
4303,Manny,Lopez,manny.lopez.4303@example.com,NCR
4304,Jejomar,Sy,jejomar.sy.4304@example.com,Mindanao
4305,Pedro,Duterte,pedro.duterte.4305@example.com,Visayas
4306,Panfilo,Quirino,panfilo.quirino.4306@example.com,Visayas
4307,Martin,Lopez,martin.lopez.4307@example.com,NCR
4308,Leni,Aquino,leni.aquino.4308@example.com,NCR
4309,Jinggoy,Gokongwei,jinggoy.gokongwei.4309@example.com,Visayas
4310,Rex,Zubiri,rex.zubiri.4310@example.com,Visayas
4311,Rex,Remulla,rex.remulla.4311@example.com,NCR
4312,Rodolfo,Domingo,rodolfo.domingo.4312@example.com,Mindanao
4313,Leni,Enrile,leni.enrile.4313@example.com,Mindanao
4314,Ramon,Drilon,ramon.drilon.4314@example.com,Visayas
4315,Mark,Reyes,mark.reyes.4315@example.com,NCR
4316,Ruffy,Hontiveros,ruffy.hontiveros.4316@example.com,Luzon
4317,Miguel,Vargas,miguel.vargas.4317@example.com,Luzon
4318,Erap,Sison,erap.sison.4318@example.com,Visayas
4319,Leila,Zubiri,leila.zubiri.4319@example.com,NCR
4320,Pedro,Abalos,pedro.abalos.4320@example.com,Visayas
4321,Abby,Binay,abby.binay.4321@example.com,Visayas
4322,Romeo,Navarro,romeo.navarro.4322@example.com,NCR
4323,Fidel,De Leon,fidel.deleon.4323@example.com,NCR
4324,Lito,Padilla,lito.padilla.4324@example.com,Mindanao
4325,Vicente,Gomez,vicente.gomez.4325@example.com,Visayas
4326,Vic,Aguinaldo,vic.aguinaldo.4326@example.com,NCR
4327,Tomas,Angara,tomas.angara.4327@example.com,Mindanao
4328,Alan,Poe,alan.poe.4328@example.com,Luzon
4329,Koko,Cayetano,koko.cayetano.4329@example.com,Mindanao
4330,Renato,Arroyo,renato.arroyo.4330@example.com,NCR
4331,Rodolfo,Castro,rodolfo.castro.4331@example.com,Mindanao
4332,Tito,Torres,tito.torres.4332@example.com,Visayas
4333,Pepe,Cojuangco,pepe.cojuangco.4333@example.com,Mindanao
4334,Mario,Remulla,mario.remulla.4334@example.com,Luzon
4335,Mar,Garcia,mar.garcia.4335@example.com,Visayas
4336,Imee,Garcia,imee.garcia.4336@example.com,NCR
4337,Ralph,Arroyo,ralph.arroyo.4337@example.com,Luzon
4338,Ramon,Ocampo,ramon.ocampo.4338@example.com,Luzon
4339,Joy,Mabini,joy.mabini.4339@example.com,Visayas
4340,Romeo,Duterte,romeo.duterte.4340@example.com,Luzon
4341,Mario,Sy,mario.sy.4341@example.com,Luzon
4342,Jojo,Cruz,jojo.cruz.4342@example.com,Visayas
4343,Alan,Biazon,alan.biazon.4343@example.com,Luzon
4344,Bam,Ejercito,bam.ejercito.4344@example.com,NCR
4345,Ed,Poe,ed.poe.4345@example.com,Luzon
4346,Jose,De Leon,jose.deleon.4346@example.com,Mindanao
4347,Win,De Leon,win.deleon.4347@example.com,NCR
4348,Robin,Magsaysay,robin.magsaysay.4348@example.com,Mindanao
4349,Jejomar,Enrile,jejomar.enrile.4349@example.com,Visayas
4350,Jose,Angara,jose.angara.4350@example.com,Mindanao
4351,Migz,Mabini,migz.mabini.4351@example.com,Mindanao
4352,Noli,Arroyo,noli.arroyo.4352@example.com,Luzon
4353,Martin,Lacson,martin.lacson.4353@example.com,Visayas
4354,Rex,Gomez,rex.gomez.4354@example.com,Mindanao
4355,Teodoro,Castillo,teodoro.castillo.4355@example.com,NCR
4356,Cory,Fernandez,cory.fernandez.4356@example.com,NCR
4357,Pia,Hontiveros,pia.hontiveros.4357@example.com,Mindanao
4358,Benigno,Cruz,benigno.cruz.4358@example.com,Luzon
4359,Vicente,Remulla,vicente.remulla.4359@example.com,Visayas
4360,Ferdinand,Luna,ferdinand.luna.4360@example.com,NCR
4361,Fernando,Luna,fernando.luna.4361@example.com,NCR
4362,Jose,Fernandez,jose.fernandez.4362@example.com,Luzon
4363,Rodrigo,Marquez,rodrigo.marquez.4363@example.com,Luzon
4364,Carlos,Remulla,carlos.remulla.4364@example.com,Mindanao
4365,Ralph,Reyes,ralph.reyes.4365@example.com,Mindanao
4366,Carlos,Rizal,carlos.rizal.4366@example.com,Mindanao
4367,Vicente,Pacquiao,vicente.pacquiao.4367@example.com,Visayas
4368,Tito,Tan,tito.tan.4368@example.com,NCR
4369,Mark,Binay,mark.binay.4369@example.com,NCR
4370,Bongbong,Sison,bongbong.sison.4370@example.com,NCR
4371,Chiz,Marcos,chiz.marcos.4371@example.com,NCR
4372,Ping,Gomez,ping.gomez.4372@example.com,Visayas
4373,Imee,Gokongwei,imee.gokongwei.4373@example.com,NCR
4374,Jose,Abalos,jose.abalos.4374@example.com,Luzon
4375,Joey,Magsaysay,joey.magsaysay.4375@example.com,NCR
4376,Bam,Aguinaldo,bam.aguinaldo.4376@example.com,NCR
4377,Allan,Rizal,allan.rizal.4377@example.com,Mindanao
4378,Imee,Macapagal,imee.macapagal.4378@example.com,Luzon
4379,Robin,Lapid,robin.lapid.4379@example.com,NCR
4380,Francis,Perez,francis.perez.4380@example.com,NCR
4381,Lito,Angara,lito.angara.4381@example.com,Mindanao
4382,Imee,Torres,imee.torres.4382@example.com,Mindanao
4383,Renato,Gokongwei,renato.gokongwei.4383@example.com,NCR
4384,Cynthia,Dela Cruz,cynthia.delacruz.4384@example.com,Visayas
4385,Loren,Quirino,loren.quirino.4385@example.com,Mindanao
4386,Raffy,Cruz,raffy.cruz.4386@example.com,Mindanao
4387,Teodoro,Arroyo,teodoro.arroyo.4387@example.com,Luzon
4388,Raffy,Moreno,raffy.moreno.4388@example.com,Luzon
4389,Cory,Angara,cory.angara.4389@example.com,Mindanao
4390,Chiz,Mabini,chiz.mabini.4390@example.com,NCR
4391,Bongbong,Poe,bongbong.poe.4391@example.com,Luzon
4392,Romeo,Ocampo,romeo.ocampo.4392@example.com,NCR
4393,Renato,Villar,renato.villar.4393@example.com,NCR
4394,Romeo,Marquez,romeo.marquez.4394@example.com,Visayas
4395,Sonny,Magsaysay,sonny.magsaysay.4395@example.com,Luzon
4396,Alan,Ejercito,alan.ejercito.4396@example.com,Visayas
4397,Allan,Padilla,allan.padilla.4397@example.com,Mindanao
4398,Allan,Ayala,allan.ayala.4398@example.com,NCR
4399,Danilo,Tan,danilo.tan.4399@example.com,Mindanao
4400,Pepe,Vargas,pepe.vargas.4400@example.com,NCR
4401,Pepe,Navarro,pepe.navarro.4401@example.com,Visayas
4402,Abby,Ayala,abby.ayala.4402@example.com,Luzon
4403,Pepe,Gomez,pepe.gomez.4403@example.com,Luzon
4404,Koko,Ayala,koko.ayala.4404@example.com,Luzon
4405,Ping,Honasan,ping.honasan.4405@example.com,Mindanao
4406,Kiko,Honasan,kiko.honasan.4406@example.com,NCR
4407,Grace,Sison,grace.sison.4407@example.com,NCR
4408,Sara,Pimentel,sara.pimentel.4408@example.com,NCR
4409,Danilo,Domingo,danilo.domingo.4409@example.com,Mindanao
4410,Ralph,Roxas,ralph.roxas.4410@example.com,Visayas
4411,Risa,Pacquiao,risa.pacquiao.4411@example.com,Luzon
4412,Ernesto,Poe,ernesto.poe.4412@example.com,Luzon
4413,Imee,Cayetano,imee.cayetano.4413@example.com,NCR
4414,Grace,Del Pilar,grace.delpilar.4414@example.com,Mindanao
4415,Cory,Hontiveros,cory.hontiveros.4415@example.com,NCR
4416,Pepe,Mabini,pepe.mabini.4416@example.com,NCR
4417,Bam,Perez,bam.perez.4417@example.com,NCR
4418,Ruben,Ramos,ruben.ramos.4418@example.com,NCR
4419,Kiko,Gatchalian,kiko.gatchalian.4419@example.com,Mindanao
4420,Rafael,Osmena,rafael.osmena.4420@example.com,Mindanao
4421,Francis,Poe,francis.poe.4421@example.com,Mindanao
4422,Allan,Vargas,allan.vargas.4422@example.com,Mindanao
4423,Bongbong,Castro,bongbong.castro.4423@example.com,Luzon
4424,Teodoro,Moreno,teodoro.moreno.4424@example.com,Luzon
4425,Loren,Lopez,loren.lopez.4425@example.com,Luzon
4426,Ed,Lapid,ed.lapid.4426@example.com,NCR
4427,Carlos,Silang,carlos.silang.4427@example.com,Luzon
4428,Ruben,Ejercito,ruben.ejercito.4428@example.com,Mindanao
4429,Ramon,Luna,ramon.luna.4429@example.com,NCR
4430,Manny,Arroyo,manny.arroyo.4430@example.com,Visayas
4431,Renato,Osmena,renato.osmena.4431@example.com,Mindanao
4432,Nancy,Santos,nancy.santos.4432@example.com,Visayas
4433,Ruben,Perez,ruben.perez.4433@example.com,Luzon
4434,Cynthia,Gordon,cynthia.gordon.4434@example.com,Visayas
4435,Sonny,Marquez,sonny.marquez.4435@example.com,Mindanao
4436,Raffy,Gonzales,raffy.gonzales.4436@example.com,Mindanao
4437,Pedro,Binay,pedro.binay.4437@example.com,NCR
4438,Juan,Duterte,juan.duterte.4438@example.com,Mindanao
4439,Renato,Torres,renato.torres.4439@example.com,NCR
4440,Pia,Tolentino,pia.tolentino.4440@example.com,Visayas
4441,Rafael,Cayetano,rafael.cayetano.4441@example.com,Mindanao
4442,Rex,Trillanes,rex.trillanes.4442@example.com,Mindanao
4443,Mark,Angara,mark.angara.4443@example.com,Mindanao
4444,Jojo,Macapagal,jojo.macapagal.4444@example.com,Visayas
4445,Tomas,Hontiveros,tomas.hontiveros.4445@example.com,Visayas
4446,Nancy,Roxas,nancy.roxas.4446@example.com,Visayas
4447,Teodoro,Perez,teodoro.perez.4447@example.com,NCR
4448,Arturo,Mendoza,arturo.mendoza.4448@example.com,Luzon
4449,Ruben,Legarda,ruben.legarda.4449@example.com,Luzon
4450,Francis,Castillo,francis.castillo.4450@example.com,NCR
4451,Cynthia,Roxas,cynthia.roxas.4451@example.com,Visayas
4452,Miguel,Revilla,miguel.revilla.4452@example.com,Mindanao
4453,Rafael,Domingo,rafael.domingo.4453@example.com,Luzon
4454,Cory,Aquino,cory.aquino.4454@example.com,Mindanao
4455,Sonny,Enrile,sonny.enrile.4455@example.com,Mindanao
4456,Teodoro,Bonifacio,teodoro.bonifacio.4456@example.com,Luzon
4457,Tomas,Aguinaldo,tomas.aguinaldo.4457@example.com,NCR
4458,Ruben,Luna,ruben.luna.4458@example.com,Visayas
4459,Cynthia,Pacquiao,cynthia.pacquiao.4459@example.com,Visayas
4460,Ruffy,Ocampo,ruffy.ocampo.4460@example.com,Visayas
4461,Loren,Flores,loren.flores.4461@example.com,Luzon
4462,Danilo,Pacquiao,danilo.pacquiao.4462@example.com,Luzon
4463,Noli,Hontiveros,noli.hontiveros.4463@example.com,NCR
4464,Pepe,Revilla,pepe.revilla.4464@example.com,Luzon
4465,Tito,Quezon,tito.quezon.4465@example.com,Mindanao
4466,Nancy,Belmonte,nancy.belmonte.4466@example.com,Luzon
4467,Ruffy,Aquino,ruffy.aquino.4467@example.com,Mindanao
4468,Romeo,Lopez,romeo.lopez.4468@example.com,NCR
4469,Danilo,Robredo,danilo.robredo.4469@example.com,Luzon
4470,Rodolfo,Castillo,rodolfo.castillo.4470@example.com,Mindanao
4471,Chiz,Dela Cruz,chiz.delacruz.4471@example.com,Luzon
4472,Benigno,Pacquiao,benigno.pacquiao.4472@example.com,NCR
4473,Antonio,Mabini,antonio.mabini.4473@example.com,Luzon
4474,Dick,Roxas,dick.roxas.4474@example.com,NCR
4475,Pepe,Gatchalian,pepe.gatchalian.4475@example.com,Visayas
4476,Mark,Tulfo,mark.tulfo.4476@example.com,Mindanao
4477,Kiko,Aquino,kiko.aquino.4477@example.com,Visayas
4478,Isko,Luna,isko.luna.4478@example.com,Visayas
4479,Mark,Recto,mark.recto.4479@example.com,Mindanao
4480,Joel,Reyes,joel.reyes.4480@example.com,Luzon
4481,Ruffy,Pacquiao,ruffy.pacquiao.4481@example.com,Visayas
4482,Arturo,Silang,arturo.silang.4482@example.com,Mindanao
4483,Alan,Enrile,alan.enrile.4483@example.com,Mindanao
4484,Antonio,Poe,antonio.poe.4484@example.com,Visayas
4485,Cory,Magsaysay,cory.magsaysay.4485@example.com,Visayas
4486,Grace,Binay,grace.binay.4486@example.com,Mindanao
4487,Vico,Macapagal,vico.macapagal.4487@example.com,Visayas
4488,Ferdinand,Binay,ferdinand.binay.4488@example.com,Visayas
4489,Vic,Castillo,vic.castillo.4489@example.com,Visayas
4490,Vicente,Macapagal,vicente.macapagal.4490@example.com,Luzon
4491,Jose,Mabini,jose.mabini.4491@example.com,Visayas
4492,Ed,Binay,ed.binay.4492@example.com,Luzon
4493,Jejomar,Mabini,jejomar.mabini.4493@example.com,NCR
4494,Mar,Enrile,mar.enrile.4494@example.com,Mindanao
4495,Danilo,Cayetano,danilo.cayetano.4495@example.com,Luzon
4496,Vico,Pimentel,vico.pimentel.4496@example.com,Luzon
4497,Romeo,Revilla,romeo.revilla.4497@example.com,Mindanao
4498,Mario,Mendoza,mario.mendoza.4498@example.com,NCR
4499,Rafael,De Leon,rafael.deleon.4499@example.com,NCR
4500,Cory,Padilla,cory.padilla.4500@example.com,Visayas
4501,Arturo,Osmena,arturo.osmena.4501@example.com,Visayas
4502,Noli,Revilla,noli.revilla.4502@example.com,Luzon
4503,Risa,Roxas,risa.roxas.4503@example.com,Luzon
4504,Alan,Hontiveros,alan.hontiveros.4504@example.com,Visayas
4505,Teodoro,Aquino,teodoro.aquino.4505@example.com,NCR
4506,Grace,Gordon,grace.gordon.4506@example.com,Mindanao
4507,Pedro,Sison,pedro.sison.4507@example.com,Mindanao
4508,Grace,Sotto,grace.sotto.4508@example.com,NCR
4509,Raffy,Ocampo,raffy.ocampo.4509@example.com,Mindanao
4510,Benigno,Aquino,benigno.aquino.4510@example.com,NCR
4511,Alan,Santos,alan.santos.4511@example.com,Luzon
4512,Win,Roxas,win.roxas.4512@example.com,NCR
4513,Rafael,Angara,rafael.angara.4513@example.com,Luzon
4514,Ed,Pangilinan,ed.pangilinan.4514@example.com,Mindanao
4515,Alan,Bonifacio,alan.bonifacio.4515@example.com,Mindanao
4516,Rafael,Estrada,rafael.estrada.4516@example.com,NCR
4517,Joy,Pimentel,joy.pimentel.4517@example.com,Visayas
4518,Raffy,Tolentino,raffy.tolentino.4518@example.com,NCR
4519,Sonny,Lacson,sonny.lacson.4519@example.com,Visayas
4520,Juan,Angara,juan.angara.4520@example.com,Mindanao
4521,JV,Vargas,jv.vargas.4521@example.com,Mindanao
4522,JV,Del Pilar,jv.delpilar.4522@example.com,NCR
4523,Ramon,Trillanes,ramon.trillanes.4523@example.com,Visayas
4524,Ralph,Garcia,ralph.garcia.4524@example.com,Luzon
4525,Romeo,Honasan,romeo.honasan.4525@example.com,NCR
4526,Noli,Bonifacio,noli.bonifacio.4526@example.com,Mindanao
4527,Nancy,Lacson,nancy.lacson.4527@example.com,Luzon
4528,Bam,Magsaysay,bam.magsaysay.4528@example.com,NCR
4529,Dick,Honasan,dick.honasan.4529@example.com,NCR
4530,Dick,Domingo,dick.domingo.4530@example.com,NCR
4531,Chiz,Ejercito,chiz.ejercito.4531@example.com,NCR
4532,Jinggoy,Vargas,jinggoy.vargas.4532@example.com,Luzon
4533,Imee,Mendoza,imee.mendoza.4533@example.com,Visayas
4534,Rafael,Mabini,rafael.mabini.4534@example.com,NCR
4535,Abby,Gonzales,abby.gonzales.4535@example.com,Mindanao
4536,Noli,Cayetano,noli.cayetano.4536@example.com,Luzon
4537,Cory,Navarro,cory.navarro.4537@example.com,Luzon
4538,Panfilo,Dela Cruz,panfilo.delacruz.4538@example.com,Mindanao
4539,JV,Dela Cruz,jv.delacruz.4539@example.com,Visayas
4540,Mar,Lacson,mar.lacson.4540@example.com,NCR
4541,Alan,Robredo,alan.robredo.4541@example.com,Visayas
4542,Teodoro,Ramos,teodoro.ramos.4542@example.com,Mindanao
4543,Migz,Tulfo,migz.tulfo.4543@example.com,Luzon
4544,Jinggoy,Lacson,jinggoy.lacson.4544@example.com,NCR
4545,Juan,Legarda,juan.legarda.4545@example.com,Visayas
4546,Ping,Angara,ping.angara.4546@example.com,Luzon
4547,Erap,Tolentino,erap.tolentino.4547@example.com,NCR
4548,Vicente,Quezon,vicente.quezon.4548@example.com,Visayas
4549,Erap,Zubiri,erap.zubiri.4549@example.com,Luzon
4550,Pia,Duterte,pia.duterte.4550@example.com,NCR
4551,Sherwin,Luna,sherwin.luna.4551@example.com,Mindanao
4552,Nancy,Garcia,nancy.garcia.4552@example.com,Mindanao
4553,Miguel,Zubiri,miguel.zubiri.4553@example.com,Luzon
4554,Mark,Ayala,mark.ayala.4554@example.com,Visayas
4555,Francis,Rizal,francis.rizal.4555@example.com,NCR
4556,Antonio,Silang,antonio.silang.4556@example.com,Luzon
4557,Pia,Dela Cruz,pia.delacruz.4557@example.com,Luzon
4558,Pedro,Garcia,pedro.garcia.4558@example.com,Luzon
4559,Vico,Vargas,vico.vargas.4559@example.com,Mindanao
4560,Danilo,Belmonte,danilo.belmonte.4560@example.com,Visayas
4561,Migz,Hontiveros,migz.hontiveros.4561@example.com,Luzon
4562,Jinggoy,Pimentel,jinggoy.pimentel.4562@example.com,Luzon
4563,Tito,Macapagal,tito.macapagal.4563@example.com,Mindanao
4564,Ernesto,Tulfo,ernesto.tulfo.4564@example.com,NCR
4565,Martin,Estrada,martin.estrada.4565@example.com,Visayas
4566,Juan,Pangilinan,juan.pangilinan.4566@example.com,Luzon
4567,Ping,Quezon,ping.quezon.4567@example.com,Visayas
4568,Allan,Lacson,allan.lacson.4568@example.com,Visayas
4569,Abby,Arroyo,abby.arroyo.4569@example.com,Mindanao
4570,Tomas,Silang,tomas.silang.4570@example.com,Visayas
4571,Noli,Tan,noli.tan.4571@example.com,NCR
4572,Rodolfo,Tolentino,rodolfo.tolentino.4572@example.com,Mindanao
4573,Arturo,Zubiri,arturo.zubiri.4573@example.com,NCR
4574,Panfilo,Gokongwei,panfilo.gokongwei.4574@example.com,Mindanao
4575,Lito,Cruz,lito.cruz.4575@example.com,NCR
4576,Antonio,Revilla,antonio.revilla.4576@example.com,Visayas
4577,Jose,Bautista,jose.bautista.4577@example.com,Mindanao
4578,Risa,Bonifacio,risa.bonifacio.4578@example.com,Visayas
4579,Sara,Gordon,sara.gordon.4579@example.com,Luzon
4580,Bongbong,Bautista,bongbong.bautista.4580@example.com,NCR
4581,Imee,Bonifacio,imee.bonifacio.4581@example.com,Mindanao
4582,Danilo,Sotto,danilo.sotto.4582@example.com,Visayas
4583,Ruben,Hontiveros,ruben.hontiveros.4583@example.com,Visayas
4584,Erap,Gomez,erap.gomez.4584@example.com,Luzon
4585,Raffy,Villanueva,raffy.villanueva.4585@example.com,Luzon
4586,Allan,Tolentino,allan.tolentino.4586@example.com,Visayas
4587,Vic,Bautista,vic.bautista.4587@example.com,Visayas
4588,Jinggoy,Moreno,jinggoy.moreno.4588@example.com,Mindanao
4589,Pedro,Bautista,pedro.bautista.4589@example.com,NCR
4590,Jejomar,Legarda,jejomar.legarda.4590@example.com,Visayas
4591,Antonio,Binay,antonio.binay.4591@example.com,Mindanao
4592,Leni,Sison,leni.sison.4592@example.com,Visayas
4593,Danilo,Pimentel,danilo.pimentel.4593@example.com,Mindanao
4594,Migz,Quirino,migz.quirino.4594@example.com,Mindanao
4595,Sara,Remulla,sara.remulla.4595@example.com,Luzon
4596,Rafael,Navarro,rafael.navarro.4596@example.com,Mindanao
4597,Erap,Flores,erap.flores.4597@example.com,Mindanao
4598,Ernesto,Tan,ernesto.tan.4598@example.com,NCR
4599,Allan,Magsaysay,allan.magsaysay.4599@example.com,Mindanao
4600,Abby,Torres,abby.torres.4600@example.com,Visayas
4601,Mario,Ramos,mario.ramos.4601@example.com,NCR
4602,Leni,Fernandez,leni.fernandez.4602@example.com,NCR
4603,Manny,Castro,manny.castro.4603@example.com,Mindanao
4604,Tito,Pimentel,tito.pimentel.4604@example.com,Mindanao
4605,Joey,Torres,joey.torres.4605@example.com,Luzon
4606,Ed,Arroyo,ed.arroyo.4606@example.com,NCR
4607,Vicente,Bonifacio,vicente.bonifacio.4607@example.com,Luzon
4608,Teodoro,Marcos,teodoro.marcos.4608@example.com,Mindanao
4609,Joey,Bonifacio,joey.bonifacio.4609@example.com,NCR
4610,Sara,Estrada,sara.estrada.4610@example.com,Luzon
4611,Cynthia,Recto,cynthia.recto.4611@example.com,Luzon
4612,Martin,Bonifacio,martin.bonifacio.4612@example.com,NCR
4613,Martin,Cojuangco,martin.cojuangco.4613@example.com,Visayas
4614,Jinggoy,Ayala,jinggoy.ayala.4614@example.com,Luzon
4615,Arturo,Estrada,arturo.estrada.4615@example.com,Mindanao
4616,Raffy,Gokongwei,raffy.gokongwei.4616@example.com,Luzon
4617,Mario,Angara,mario.angara.4617@example.com,NCR
4618,Isko,Domingo,isko.domingo.4618@example.com,NCR
4619,Mark,Lacson,mark.lacson.4619@example.com,Mindanao
4620,Pedro,Gonzales,pedro.gonzales.4620@example.com,Visayas
4621,Marcelino,Silang,marcelino.silang.4621@example.com,Visayas
4622,Joey,Quezon,joey.quezon.4622@example.com,Visayas
4623,Jojo,Sotto,jojo.sotto.4623@example.com,Mindanao
4624,Raffy,Bonifacio,raffy.bonifacio.4624@example.com,Luzon
4625,Leila,Gordon,leila.gordon.4625@example.com,NCR
4626,Ramon,Lacson,ramon.lacson.4626@example.com,Visayas
4627,Panfilo,Recto,panfilo.recto.4627@example.com,NCR
4628,Grace,Cojuangco,grace.cojuangco.4628@example.com,NCR
4629,Ed,Duterte,ed.duterte.4629@example.com,NCR
4630,Erap,Pangilinan,erap.pangilinan.4630@example.com,NCR
4631,Jinggoy,Hontiveros,jinggoy.hontiveros.4631@example.com,Luzon
4632,Rafael,Robredo,rafael.robredo.4632@example.com,Mindanao
4633,Ruben,Tan,ruben.tan.4633@example.com,Mindanao
4634,Francis,Binay,francis.binay.4634@example.com,NCR
4635,Rodrigo,Villar,rodrigo.villar.4635@example.com,Visayas
4636,Bongbong,Del Pilar,bongbong.delpilar.4636@example.com,Luzon
4637,Teodoro,Villanueva,teodoro.villanueva.4637@example.com,Mindanao
4638,Joy,Navarro,joy.navarro.4638@example.com,Mindanao
4639,Imee,Trillanes,imee.trillanes.4639@example.com,NCR
4640,Panfilo,Perez,panfilo.perez.4640@example.com,NCR
4641,Jejomar,Santos,jejomar.santos.4641@example.com,Visayas
4642,Ruffy,Drilon,ruffy.drilon.4642@example.com,Visayas
4643,Gloria,Domingo,gloria.domingo.4643@example.com,Visayas
4644,Pia,Sison,pia.sison.4644@example.com,Mindanao
4645,Mar,Honasan,mar.honasan.4645@example.com,Luzon
4646,Mario,Binay,mario.binay.4646@example.com,Luzon
4647,Mar,Vargas,mar.vargas.4647@example.com,Visayas
4648,Vicente,Binay,vicente.binay.4648@example.com,Mindanao
4649,Joey,Ejercito,joey.ejercito.4649@example.com,Visayas
4650,Tito,Ramos,tito.ramos.4650@example.com,NCR
4651,Noli,Navarro,noli.navarro.4651@example.com,NCR
4652,Migz,Silang,migz.silang.4652@example.com,Mindanao
4653,Jinggoy,Sotto,jinggoy.sotto.4653@example.com,Luzon
4654,Vicente,Cayetano,vicente.cayetano.4654@example.com,Mindanao
4655,Martin,Quirino,martin.quirino.4655@example.com,NCR
4656,Gloria,Sotto,gloria.sotto.4656@example.com,NCR
4657,Carlos,Pimentel,carlos.pimentel.4657@example.com,Visayas
4658,Sherwin,Estrada,sherwin.estrada.4658@example.com,Mindanao
4659,Vico,Recto,vico.recto.4659@example.com,Mindanao
4660,Richard,Robredo,richard.robredo.4660@example.com,Mindanao
4661,Jejomar,Del Pilar,jejomar.delpilar.4661@example.com,Mindanao
4662,Cory,Tulfo,cory.tulfo.4662@example.com,Luzon
4663,Imee,Cojuangco,imee.cojuangco.4663@example.com,Mindanao
4664,Robin,Cayetano,robin.cayetano.4664@example.com,Visayas
4665,Teodoro,Estrada,teodoro.estrada.4665@example.com,Visayas
4666,Dick,Moreno,dick.moreno.4666@example.com,NCR
4667,Rex,Sison,rex.sison.4667@example.com,NCR
4668,Arturo,Revilla,arturo.revilla.4668@example.com,NCR
4669,Win,Sotto,win.sotto.4669@example.com,NCR
4670,Rex,Binay,rex.binay.4670@example.com,NCR
4671,Tomas,Marquez,tomas.marquez.4671@example.com,Luzon
4672,Robin,Biazon,robin.biazon.4672@example.com,Visayas
4673,Bam,Pangilinan,bam.pangilinan.4673@example.com,Visayas
4674,Vico,Del Pilar,vico.delpilar.4674@example.com,NCR
4675,Lito,Sison,lito.sison.4675@example.com,Visayas
4676,Ernesto,Dela Cruz,ernesto.delacruz.4676@example.com,Visayas
4677,Ruffy,Lapid,ruffy.lapid.4677@example.com,Mindanao
4678,Rafael,Enrile,rafael.enrile.4678@example.com,Visayas
4679,Danilo,Villanueva,danilo.villanueva.4679@example.com,NCR
4680,Allan,Poe,allan.poe.4680@example.com,Visayas
4681,Sonny,Legarda,sonny.legarda.4681@example.com,Visayas
4682,Bam,Silang,bam.silang.4682@example.com,NCR
4683,Robin,Sotto,robin.sotto.4683@example.com,Visayas
4684,Gloria,Castro,gloria.castro.4684@example.com,Mindanao
4685,JV,Trillanes,jv.trillanes.4685@example.com,Luzon
4686,Ruben,Navarro,ruben.navarro.4686@example.com,Luzon
4687,Sonny,Cojuangco,sonny.cojuangco.4687@example.com,NCR
4688,Fidel,Cojuangco,fidel.cojuangco.4688@example.com,Mindanao
4689,Koko,Castillo,koko.castillo.4689@example.com,Visayas
4690,Gloria,Navarro,gloria.navarro.4690@example.com,Visayas
4691,Miguel,Cojuangco,miguel.cojuangco.4691@example.com,NCR
4692,Romeo,Santos,romeo.santos.4692@example.com,Mindanao
4693,Loren,Revilla,loren.revilla.4693@example.com,NCR
4694,Carlos,De Leon,carlos.deleon.4694@example.com,NCR
4695,Ralph,Fernandez,ralph.fernandez.4695@example.com,Luzon
4696,Danilo,Duterte,danilo.duterte.4696@example.com,Visayas
4697,Kiko,Belmonte,kiko.belmonte.4697@example.com,NCR
4698,Francis,Roxas,francis.roxas.4698@example.com,Visayas
4699,Koko,Quirino,koko.quirino.4699@example.com,Mindanao
4700,Joey,Angara,joey.angara.4700@example.com,Mindanao
4701,Jinggoy,Bonifacio,jinggoy.bonifacio.4701@example.com,Visayas
4702,Tomas,Recto,tomas.recto.4702@example.com,NCR
4703,Rodrigo,Gonzales,rodrigo.gonzales.4703@example.com,Visayas
4704,Jinggoy,Roxas,jinggoy.roxas.4704@example.com,Luzon
4705,Jose,Cojuangco,jose.cojuangco.4705@example.com,Luzon
4706,Ramon,Mendoza,ramon.mendoza.4706@example.com,Luzon
4707,Antonio,Bonifacio,antonio.bonifacio.4707@example.com,NCR
4708,Mark,Aquino,mark.aquino.4708@example.com,NCR
4709,Bongbong,Biazon,bongbong.biazon.4709@example.com,NCR
4710,Ralph,Revilla,ralph.revilla.4710@example.com,NCR
4711,Erap,Magsaysay,erap.magsaysay.4711@example.com,NCR
4712,Fidel,Garcia,fidel.garcia.4712@example.com,Visayas
4713,Cynthia,Padilla,cynthia.padilla.4713@example.com,Luzon
4714,Rodolfo,Tan,rodolfo.tan.4714@example.com,Mindanao
4715,JV,Zubiri,jv.zubiri.4715@example.com,Mindanao
4716,Ed,Tulfo,ed.tulfo.4716@example.com,Mindanao
4717,Abby,Gomez,abby.gomez.4717@example.com,NCR
4718,Francis,Castro,francis.castro.4718@example.com,Mindanao
4719,Mario,Enrile,mario.enrile.4719@example.com,Visayas
4720,Ferdinand,Torres,ferdinand.torres.4720@example.com,Visayas
4721,Panfilo,De Leon,panfilo.deleon.4721@example.com,Mindanao
4722,Abby,Flores,abby.flores.4722@example.com,Visayas
4723,JV,Luna,jv.luna.4723@example.com,Luzon
4724,Joey,Tan,joey.tan.4724@example.com,Mindanao
4725,Pia,Cayetano,pia.cayetano.4725@example.com,Mindanao
4726,Win,Magsaysay,win.magsaysay.4726@example.com,Visayas
4727,Pepe,Lopez,pepe.lopez.4727@example.com,NCR
4728,Benigno,Lopez,benigno.lopez.4728@example.com,Luzon
4729,Pia,Biazon,pia.biazon.4729@example.com,Visayas
4730,Ruffy,Flores,ruffy.flores.4730@example.com,Luzon
4731,Chiz,Garcia,chiz.garcia.4731@example.com,Mindanao
4732,Imee,Estrada,imee.estrada.4732@example.com,Luzon
4733,Allan,De Leon,allan.deleon.4733@example.com,Visayas
4734,Leni,Padilla,leni.padilla.4734@example.com,Mindanao
4735,Pedro,Estrada,pedro.estrada.4735@example.com,Visayas
4736,Sherwin,Recto,sherwin.recto.4736@example.com,Luzon
4737,Antonio,Sotto,antonio.sotto.4737@example.com,NCR
4738,Pia,Remulla,pia.remulla.4738@example.com,Luzon
4739,Ruffy,Tulfo,ruffy.tulfo.4739@example.com,Luzon
4740,Jejomar,Revilla,jejomar.revilla.4740@example.com,Mindanao
4741,Loren,Perez,loren.perez.4741@example.com,NCR
4742,Richard,Ramos,richard.ramos.4742@example.com,Luzon
4743,Renato,Lapid,renato.lapid.4743@example.com,Visayas
4744,Koko,Marquez,koko.marquez.4744@example.com,Luzon
4745,Risa,Cruz,risa.cruz.4745@example.com,Mindanao
4746,Noli,Ocampo,noli.ocampo.4746@example.com,Luzon
4747,Joy,Santos,joy.santos.4747@example.com,Luzon
4748,Manny,Trillanes,manny.trillanes.4748@example.com,Luzon
4749,Rafael,Lacson,rafael.lacson.4749@example.com,Visayas
4750,Lito,Lapid,lito.lapid.4750@example.com,Mindanao
4751,Sonny,Sison,sonny.sison.4751@example.com,NCR
4752,Joey,Del Pilar,joey.delpilar.4752@example.com,Mindanao
4753,Chiz,Biazon,chiz.biazon.4753@example.com,NCR
4754,Mark,Aguinaldo,mark.aguinaldo.4754@example.com,NCR
4755,Tito,Perez,tito.perez.4755@example.com,Mindanao
4756,Mar,Padilla,mar.padilla.4756@example.com,Luzon
4757,Lito,Perez,lito.perez.4757@example.com,Visayas
4758,Fernando,Torres,fernando.torres.4758@example.com,Luzon
4759,Panfilo,Angara,panfilo.angara.4759@example.com,Luzon
4760,Alan,Trillanes,alan.trillanes.4760@example.com,Luzon
4761,Marcelino,Aguinaldo,marcelino.aguinaldo.4761@example.com,Luzon
4762,Isko,Moreno,isko.moreno.4762@example.com,Visayas
4763,Romeo,Hontiveros,romeo.hontiveros.4763@example.com,Visayas
4764,Ruben,Vargas,ruben.vargas.4764@example.com,Luzon
4765,Imee,Moreno,imee.moreno.4765@example.com,Visayas
4766,Sonny,Honasan,sonny.honasan.4766@example.com,NCR
4767,Jose,Perez,jose.perez.4767@example.com,Luzon
4768,Vic,Castro,vic.castro.4768@example.com,Visayas
4769,Bam,Mabini,bam.mabini.4769@example.com,Luzon
4770,Risa,Tulfo,risa.tulfo.4770@example.com,NCR
4771,Sherwin,Mendoza,sherwin.mendoza.4771@example.com,Visayas
4772,Risa,Vargas,risa.vargas.4772@example.com,Luzon
4773,Richard,Del Pilar,richard.delpilar.4773@example.com,NCR
4774,Marcelino,Osmena,marcelino.osmena.4774@example.com,Luzon
4775,Ruben,Villar,ruben.villar.4775@example.com,Mindanao
4776,Carlos,Padilla,carlos.padilla.4776@example.com,Visayas
4777,Teodoro,Flores,teodoro.flores.4777@example.com,NCR
4778,Bongbong,Navarro,bongbong.navarro.4778@example.com,NCR
4779,Miguel,Torres,miguel.torres.4779@example.com,Luzon
4780,Alan,Torres,alan.torres.4780@example.com,NCR
4781,Marcelino,Ejercito,marcelino.ejercito.4781@example.com,Mindanao
4782,Raffy,Cojuangco,raffy.cojuangco.4782@example.com,Luzon
4783,Nancy,Castillo,nancy.castillo.4783@example.com,Mindanao
4784,Alan,Pacquiao,alan.pacquiao.4784@example.com,Luzon
4785,Ruffy,Padilla,ruffy.padilla.4785@example.com,Visayas
4786,Romeo,Tolentino,romeo.tolentino.4786@example.com,Luzon
4787,Reynaldo,Zubiri,reynaldo.zubiri.4787@example.com,Visayas
4788,Romeo,Villanueva,romeo.villanueva.4788@example.com,NCR
4789,Ruben,Ocampo,ruben.ocampo.4789@example.com,Luzon
4790,Koko,Sotto,koko.sotto.4790@example.com,Luzon
4791,Win,Osmena,win.osmena.4791@example.com,NCR
4792,Dick,Dela Cruz,dick.delacruz.4792@example.com,Luzon
4793,Fidel,Villar,fidel.villar.4793@example.com,Visayas
4794,Vicente,Belmonte,vicente.belmonte.4794@example.com,Mindanao
4795,Ruffy,Robredo,ruffy.robredo.4795@example.com,Luzon
4796,Francis,Pangilinan,francis.pangilinan.4796@example.com,Visayas
4797,Renato,Belmonte,renato.belmonte.4797@example.com,Visayas
4798,Gloria,Zubiri,gloria.zubiri.4798@example.com,Visayas
4799,Marcelino,Bonifacio,marcelino.bonifacio.4799@example.com,Luzon
4800,Cory,Pangilinan,cory.pangilinan.4800@example.com,Visayas
4801,Vicente,Aquino,vicente.aquino.4801@example.com,Luzon
4802,Robin,Revilla,robin.revilla.4802@example.com,Visayas
4803,Benigno,Luna,benigno.luna.4803@example.com,Luzon
4804,Teodoro,Abalos,teodoro.abalos.4804@example.com,Luzon
4805,Ralph,Gomez,ralph.gomez.4805@example.com,Visayas
4806,Leila,Bonifacio,leila.bonifacio.4806@example.com,NCR
4807,Sara,Castro,sara.castro.4807@example.com,Visayas
4808,Tito,Abalos,tito.abalos.4808@example.com,Visayas
4809,Leni,Luna,leni.luna.4809@example.com,NCR
4810,Chiz,Tulfo,chiz.tulfo.4810@example.com,Visayas
4811,Cynthia,De Leon,cynthia.deleon.4811@example.com,Luzon
4812,Tomas,Mendoza,tomas.mendoza.4812@example.com,Visayas
4813,Jojo,Legarda,jojo.legarda.4813@example.com,NCR
4814,Panfilo,Cruz,panfilo.cruz.4814@example.com,NCR
4815,Miguel,Mendoza,miguel.mendoza.4815@example.com,Visayas
4816,Mar,Sotto,mar.sotto.4816@example.com,Luzon
4817,Danilo,Honasan,danilo.honasan.4817@example.com,Mindanao
4818,Grace,Duterte,grace.duterte.4818@example.com,Luzon
4819,Vico,Aquino,vico.aquino.4819@example.com,Visayas
4820,Ramon,Hontiveros,ramon.hontiveros.4820@example.com,Luzon
4821,Francis,Vargas,francis.vargas.4821@example.com,Visayas
4822,Bam,Ocampo,bam.ocampo.4822@example.com,Mindanao
4823,Leila,Revilla,leila.revilla.4823@example.com,Luzon
4824,Pia,Moreno,pia.moreno.4824@example.com,NCR
4825,Sherwin,Reyes,sherwin.reyes.4825@example.com,NCR
4826,Rex,Macapagal,rex.macapagal.4826@example.com,Visayas
4827,Pedro,Gomez,pedro.gomez.4827@example.com,Mindanao
4828,Robin,Flores,robin.flores.4828@example.com,Luzon
4829,Rodolfo,Sison,rodolfo.sison.4829@example.com,Visayas
4830,Ping,Lapid,ping.lapid.4830@example.com,Mindanao
4831,Koko,Silang,koko.silang.4831@example.com,Luzon
4832,Abby,Trillanes,abby.trillanes.4832@example.com,Mindanao
4833,Fidel,Ocampo,fidel.ocampo.4833@example.com,NCR
4834,Allan,Quirino,allan.quirino.4834@example.com,Visayas
4835,Robin,Mendoza,robin.mendoza.4835@example.com,Luzon
4836,Ernesto,Silang,ernesto.silang.4836@example.com,Visayas
4837,Erap,Recto,erap.recto.4837@example.com,NCR
4838,Martin,Mabini,martin.mabini.4838@example.com,NCR
4839,Mar,Aguinaldo,mar.aguinaldo.4839@example.com,Visayas
4840,Pedro,Ocampo,pedro.ocampo.4840@example.com,NCR
4841,Ernesto,Castro,ernesto.castro.4841@example.com,Luzon
4842,Imee,Lapid,imee.lapid.4842@example.com,Luzon
4843,Sherwin,Vargas,sherwin.vargas.4843@example.com,NCR
4844,Ruffy,Navarro,ruffy.navarro.4844@example.com,Luzon
4845,Panfilo,Villar,panfilo.villar.4845@example.com,Mindanao
4846,Ralph,Ramos,ralph.ramos.4846@example.com,Mindanao
4847,Tomas,Poe,tomas.poe.4847@example.com,Visayas
4848,Ferdinand,Ocampo,ferdinand.ocampo.4848@example.com,Visayas
4849,Raffy,Vargas,raffy.vargas.4849@example.com,Luzon
4850,Noli,Ejercito,noli.ejercito.4850@example.com,Visayas
4851,Juan,Cojuangco,juan.cojuangco.4851@example.com,Luzon
4852,Rex,Reyes,rex.reyes.4852@example.com,Mindanao
4853,Panfilo,Gonzales,panfilo.gonzales.4853@example.com,Visayas
4854,Reynaldo,Lapid,reynaldo.lapid.4854@example.com,Visayas
4855,Ruben,Silang,ruben.silang.4855@example.com,Luzon
4856,Danilo,Rizal,danilo.rizal.4856@example.com,Visayas
4857,Romeo,Sotto,romeo.sotto.4857@example.com,Visayas
4858,Leni,Marquez,leni.marquez.4858@example.com,Mindanao
4859,Bongbong,Tan,bongbong.tan.4859@example.com,NCR
4860,Martin,Legarda,martin.legarda.4860@example.com,Visayas
4861,Allan,Aquino,allan.aquino.4861@example.com,NCR
4862,Chiz,Trillanes,chiz.trillanes.4862@example.com,Mindanao
4863,Mar,Reyes,mar.reyes.4863@example.com,Luzon
4864,Mar,Quezon,mar.quezon.4864@example.com,Visayas
4865,Pedro,Robredo,pedro.robredo.4865@example.com,Visayas
4866,Leni,Abalos,leni.abalos.4866@example.com,Visayas
4867,Sara,Rizal,sara.rizal.4867@example.com,Visayas
4868,Loren,Castillo,loren.castillo.4868@example.com,Luzon
4869,Ruben,Osmena,ruben.osmena.4869@example.com,Mindanao
4870,Ping,Del Pilar,ping.delpilar.4870@example.com,NCR
4871,Rodolfo,Ramos,rodolfo.ramos.4871@example.com,Luzon
4872,Chiz,Recto,chiz.recto.4872@example.com,Luzon
4873,Ralph,Pimentel,ralph.pimentel.4873@example.com,Luzon
4874,Rodrigo,Quezon,rodrigo.quezon.4874@example.com,NCR
4875,Loren,Sy,loren.sy.4875@example.com,Mindanao
4876,Leila,Drilon,leila.drilon.4876@example.com,Luzon
4877,Leila,Vargas,leila.vargas.4877@example.com,Mindanao
4878,Vico,Bautista,vico.bautista.4878@example.com,Mindanao
4879,Abby,Marquez,abby.marquez.4879@example.com,Visayas
4880,Joel,Gordon,joel.gordon.4880@example.com,Mindanao
4881,Cynthia,Pimentel,cynthia.pimentel.4881@example.com,Luzon
4882,Tito,Tolentino,tito.tolentino.4882@example.com,NCR
4883,Nancy,Marquez,nancy.marquez.4883@example.com,Mindanao
4884,Mario,Aquino,mario.aquino.4884@example.com,NCR
4885,JV,Poe,jv.poe.4885@example.com,Luzon
4886,Ralph,Ejercito,ralph.ejercito.4886@example.com,Mindanao
4887,Vic,Santos,vic.santos.4887@example.com,Luzon
4888,Rafael,Aguinaldo,rafael.aguinaldo.4888@example.com,NCR
4889,Lito,Tulfo,lito.tulfo.4889@example.com,NCR
4890,Ramon,Fernandez,ramon.fernandez.4890@example.com,Luzon
4891,Marcelino,Luna,marcelino.luna.4891@example.com,Mindanao
4892,Nancy,Gokongwei,nancy.gokongwei.4892@example.com,Luzon
4893,Joel,Lapid,joel.lapid.4893@example.com,Luzon
4894,Pepe,Rizal,pepe.rizal.4894@example.com,Mindanao
4895,Ed,Drilon,ed.drilon.4895@example.com,Visayas
4896,Reynaldo,Belmonte,reynaldo.belmonte.4896@example.com,NCR
4897,Robin,Mabini,robin.mabini.4897@example.com,NCR
4898,Ernesto,Pacquiao,ernesto.pacquiao.4898@example.com,NCR
4899,Jojo,Estrada,jojo.estrada.4899@example.com,Mindanao
4900,Richard,Mendoza,richard.mendoza.4900@example.com,Mindanao
4901,Joy,Tolentino,joy.tolentino.4901@example.com,Luzon
4902,Carlos,Cayetano,carlos.cayetano.4902@example.com,NCR
4903,Kiko,Mabini,kiko.mabini.4903@example.com,Mindanao
4904,Alan,Villanueva,alan.villanueva.4904@example.com,NCR
4905,Fidel,Biazon,fidel.biazon.4905@example.com,Mindanao
4906,Fidel,Luna,fidel.luna.4906@example.com,NCR
4907,Manny,Padilla,manny.padilla.4907@example.com,Luzon
4908,Miguel,Ocampo,miguel.ocampo.4908@example.com,Visayas
4909,Leila,Mabini,leila.mabini.4909@example.com,NCR
4910,Antonio,Reyes,antonio.reyes.4910@example.com,Mindanao
4911,Leni,Revilla,leni.revilla.4911@example.com,Luzon
4912,Sara,Dela Cruz,sara.delacruz.4912@example.com,Mindanao
4913,Ernesto,Trillanes,ernesto.trillanes.4913@example.com,Visayas
4914,Bam,Revilla,bam.revilla.4914@example.com,Visayas
4915,Mario,Tan,mario.tan.4915@example.com,Luzon
4916,Cory,Gatchalian,cory.gatchalian.4916@example.com,Visayas
4917,Vic,Lapid,vic.lapid.4917@example.com,Luzon
4918,Tito,Marcos,tito.marcos.4918@example.com,Luzon
4919,Isko,Legarda,isko.legarda.4919@example.com,Mindanao
4920,Loren,Padilla,loren.padilla.4920@example.com,NCR
4921,Dick,Tolentino,dick.tolentino.4921@example.com,Visayas
4922,Pedro,Remulla,pedro.remulla.4922@example.com,Mindanao
4923,Imee,Belmonte,imee.belmonte.4923@example.com,NCR
4924,Sherwin,Rizal,sherwin.rizal.4924@example.com,Luzon
4925,Chiz,Gordon,chiz.gordon.4925@example.com,NCR
4926,Ramon,Bautista,ramon.bautista.4926@example.com,Mindanao
4927,Vicente,Luna,vicente.luna.4927@example.com,NCR
4928,Vic,Reyes,vic.reyes.4928@example.com,Visayas
4929,Romeo,Fernandez,romeo.fernandez.4929@example.com,NCR
4930,Reynaldo,Quezon,reynaldo.quezon.4930@example.com,Mindanao
4931,Jinggoy,Silang,jinggoy.silang.4931@example.com,NCR
4932,Francis,Bonifacio,francis.bonifacio.4932@example.com,Mindanao
4933,Gloria,Ayala,gloria.ayala.4933@example.com,Luzon
4934,Jojo,Aquino,jojo.aquino.4934@example.com,Mindanao
4935,Tito,Marquez,tito.marquez.4935@example.com,Visayas
4936,Ed,Honasan,ed.honasan.4936@example.com,Mindanao
4937,Cory,Aguinaldo,cory.aguinaldo.4937@example.com,NCR
4938,Vico,Pacquiao,vico.pacquiao.4938@example.com,Mindanao
4939,Panfilo,Binay,panfilo.binay.4939@example.com,Luzon
4940,Mar,Tulfo,mar.tulfo.4940@example.com,NCR
4941,Ruben,Bautista,ruben.bautista.4941@example.com,Visayas
4942,Ruben,Sy,ruben.sy.4942@example.com,Visayas
4943,Reynaldo,Abalos,reynaldo.abalos.4943@example.com,Luzon
4944,Ernesto,Navarro,ernesto.navarro.4944@example.com,Mindanao
4945,Leni,Tolentino,leni.tolentino.4945@example.com,Luzon
4946,Jinggoy,Legarda,jinggoy.legarda.4946@example.com,Visayas
4947,Noli,Sotto,noli.sotto.4947@example.com,NCR
4948,Rodrigo,Reyes,rodrigo.reyes.4948@example.com,Mindanao
4949,Mark,Sy,mark.sy.4949@example.com,Mindanao
4950,Rex,Silang,rex.silang.4950@example.com,Luzon
4951,Loren,Robredo,loren.robredo.4951@example.com,Mindanao
4952,Rex,Recto,rex.recto.4952@example.com,Visayas
4953,Dick,Osmena,dick.osmena.4953@example.com,NCR
4954,Sherwin,Lacson,sherwin.lacson.4954@example.com,NCR
4955,Rodolfo,Binay,rodolfo.binay.4955@example.com,Luzon
4956,Mar,Gonzales,mar.gonzales.4956@example.com,Luzon
4957,Abby,Lapid,abby.lapid.4957@example.com,Visayas
4958,Rex,Hontiveros,rex.hontiveros.4958@example.com,Mindanao
4959,Migz,Angara,migz.angara.4959@example.com,Visayas
4960,Koko,Legarda,koko.legarda.4960@example.com,NCR
4961,Rafael,Quirino,rafael.quirino.4961@example.com,Mindanao
4962,Fidel,Binay,fidel.binay.4962@example.com,Luzon
4963,Rodrigo,Tan,rodrigo.tan.4963@example.com,Luzon
4964,Teodoro,Pimentel,teodoro.pimentel.4964@example.com,Mindanao
4965,Rodolfo,Garcia,rodolfo.garcia.4965@example.com,Luzon
4966,Sara,Abalos,sara.abalos.4966@example.com,Visayas
4967,Ping,Flores,ping.flores.4967@example.com,NCR
4968,Risa,Gordon,risa.gordon.4968@example.com,Visayas
4969,Ping,Pacquiao,ping.pacquiao.4969@example.com,Visayas
4970,Abby,Bautista,abby.bautista.4970@example.com,Luzon
4971,Joey,Pacquiao,joey.pacquiao.4971@example.com,Visayas
4972,Kiko,Torres,kiko.torres.4972@example.com,Visayas
4973,Jose,Vargas,jose.vargas.4973@example.com,Mindanao
4974,Nancy,Tulfo,nancy.tulfo.4974@example.com,Luzon
4975,Ping,Villar,ping.villar.4975@example.com,Mindanao
4976,Lito,Ayala,lito.ayala.4976@example.com,NCR
4977,Ernesto,Ocampo,ernesto.ocampo.4977@example.com,Mindanao
4978,Pedro,Enrile,pedro.enrile.4978@example.com,Mindanao
4979,Leni,Ocampo,leni.ocampo.4979@example.com,Mindanao
4980,Mario,Estrada,mario.estrada.4980@example.com,NCR
4981,Vicente,Villar,vicente.villar.4981@example.com,NCR
4982,Ed,Recto,ed.recto.4982@example.com,NCR
4983,Leni,Pimentel,leni.pimentel.4983@example.com,Luzon
4984,Pia,Fernandez,pia.fernandez.4984@example.com,Visayas
4985,Francis,Macapagal,francis.macapagal.4985@example.com,Mindanao
4986,Teodoro,Tolentino,teodoro.tolentino.4986@example.com,Visayas
4987,Risa,Ayala,risa.ayala.4987@example.com,NCR
4988,Rodrigo,Bautista,rodrigo.bautista.4988@example.com,Mindanao
4989,Rafael,Marcos,rafael.marcos.4989@example.com,Mindanao
4990,Grace,Marcos,grace.marcos.4990@example.com,Visayas
4991,Cory,Reyes,cory.reyes.4991@example.com,Luzon
4992,Richard,Bonifacio,richard.bonifacio.4992@example.com,Visayas
4993,Vic,Estrada,vic.estrada.4993@example.com,Visayas
4994,Fernando,Domingo,fernando.domingo.4994@example.com,Mindanao
4995,Tito,Pangilinan,tito.pangilinan.4995@example.com,Visayas
4996,Danilo,Lacson,danilo.lacson.4996@example.com,Visayas
4997,Mar,Castro,mar.castro.4997@example.com,Mindanao
4998,Pedro,Sotto,pedro.sotto.4998@example.com,Luzon
4999,Erap,Castro,erap.castro.4999@example.com,NCR
5000,Isko,De Leon,isko.deleon.5000@example.com,Visayas
