order_id,customer_id,order_date,status
1,1963,2023-05-02,Processing
2,4450,2023-05-21,Shipped
3,791,2023-03-23,Cancelled
4,3779,2023-05-28,Cancelled
5,3565,2023-09-30,Delivered
6,3573,2023-04-12,Delivered
7,3738,2023-09-12,Processing
8,3360,2023-02-26,Processing
9,4425,2023-07-10,Cancelled
10,4693,2023-07-25,Shipped
11,4754,2023-10-09,Shipped
12,1156,2023-03-18,Processing
13,3263,2023-07-06,Delivered
14,17,2023-10-27,Delivered
15,3436,2023-08-16,Delivered
16,666,2023-01-30,Shipped
17,3522,2023-12-20,Delivered
18,4455,2023-04-05,Cancelled
19,3192,2023-11-06,Shipped
20,4907,2023-06-21,Cancelled
21,854,2023-08-28,Shipped
22,3668,2023-07-08,Delivered
23,3082,2023-12-05,Delivered
24,1346,2023-02-07,Processing
25,2259,2023-08-09,Shipped
26,4192,2023-10-21,Delivered
27,2349,2023-03-07,Shipped
28,4008,2023-06-20,Processing
29,832,2023-07-29,Cancelled
30,2105,2023-08-09,Shipped
31,2239,2023-04-04,Cancelled
32,549,2023-01-29,Cancelled
33,777,2023-02-03,Shipped
34,1854,2023-09-12,Shipped
35,4503,2023-06-27,Processing
36,1158,2023-04-01,Shipped
37,3246,2023-11-16,Delivered
38,1002,2023-10-27,Processing
39,2904,2023-12-26,Delivered
40,3572,2023-02-21,Processing
41,3901,2023-10-19,Shipped
42,3894,2023-07-09,Delivered
43,4235,2023-05-13,Delivered
44,4085,2023-11-10,Cancelled
45,1357,2023-12-10,Cancelled
46,3760,2023-11-01,Processing
47,3483,2023-07-21,Cancelled
48,2510,2023-12-24,Delivered
49,3660,2023-07-17,Cancelled
50,4040,2023-09-15,Processing
51,2885,2023-10-28,Shipped
52,4310,2023-02-23,Delivered
53,2201,2023-01-05,Cancelled
54,4476,2023-04-27,Cancelled
55,1105,2023-09-11,Shipped
56,4855,2023-08-28,Processing
57,2143,2023-08-21,Delivered
58,3644,2023-03-01,Shipped
59,183,2023-03-17,Delivered
60,2067,2023-11-02,Delivered
61,387,2023-08-14,Delivered
62,2428,2023-09-28,Processing
63,2159,2023-10-11,Shipped
64,3013,2023-09-13,Shipped
65,2337,2023-05-15,Processing
66,3438,2023-06-10,Shipped
67,4796,2023-02-21,Shipped
68,1772,2023-07-22,Cancelled
69,3375,2023-06-14,Processing
70,2476,2023-08-26,Delivered
71,2425,2023-12-21,Processing
72,1109,2023-12-21,Cancelled
73,1043,2023-07-01,Processing
74,3679,2023-03-19,Delivered
75,1592,2023-01-26,Delivered
76,2886,2023-07-29,Delivered
77,3481,2023-08-11,Cancelled
78,3711,2023-07-07,Processing
79,349,2023-02-24,Shipped
80,1262,2023-03-31,Cancelled
81,2596,2023-09-15,Processing
82,2384,2023-01-08,Cancelled
83,1859,2023-07-09,Delivered
84,860,2023-11-22,Delivered
85,738,2023-08-17,Shipped
86,4854,2023-01-30,Cancelled
87,1349,2023-11-19,Shipped
88,4505,2023-08-29,Shipped
89,2781,2023-07-19,Processing
90,1610,2023-06-24,Cancelled
91,4749,2023-09-09,Shipped
92,1496,2023-09-25,Delivered
93,692,2023-08-03,Delivered
94,558,2023-06-16,Shipped
95,3033,2023-04-09,Delivered
96,1936,2023-11-23,Delivered
97,4814,2023-10-21,Delivered
98,90,2023-04-04,Delivered
99,93,2023-09-17,Processing
100,335,2023-05-21,Shipped
101,1061,2023-04-20,Shipped
102,3078,2023-03-07,Delivered
103,3752,2023-11-23,Shipped
104,2907,2023-04-08,Shipped
105,2574,2023-12-21,Delivered
106,2441,2023-01-05,Processing
107,799,2023-03-17,Cancelled
108,3975,2023-12-09,Processing
109,3280,2023-12-12,Delivered
110,1103,2023-09-29,Cancelled
111,1988,2023-11-10,Delivered
112,2473,2023-09-29,Delivered
113,2268,2023-11-24,Delivered
114,2975,2023-08-13,Delivered
115,2178,2023-08-13,Shipped
116,3894,2023-08-31,Cancelled
117,2105,2023-01-04,Shipped
118,1908,2023-12-06,Shipped
119,2100,2023-04-17,Delivered
120,436,2023-04-25,Shipped
121,1643,2023-12-17,Cancelled
122,1664,2023-11-13,Delivered
123,3866,2023-10-12,Delivered
124,4165,2023-11-22,Processing
125,4853,2023-06-04,Shipped
126,1615,2023-05-10,Delivered
127,2428,2023-04-06,Processing
128,2585,2023-02-05,Delivered
129,909,2023-11-17,Processing
130,1843,2023-03-28,Shipped
131,4957,2023-01-30,Processing
132,3209,2023-03-18,Cancelled
133,4460,2023-09-04,Cancelled
134,3516,2023-10-04,Shipped
135,4282,2023-11-20,Processing
136,3474,2023-10-11,Delivered
137,4210,2023-11-28,Cancelled
138,4737,2023-08-18,Shipped
139,2279,2023-11-23,Cancelled
140,3028,2023-11-22,Processing
141,3682,2023-03-11,Shipped
142,589,2023-11-20,Delivered
143,3916,2023-10-07,Processing
144,4705,2023-05-30,Delivered
145,3894,2023-11-23,Cancelled
146,2682,2023-11-30,Cancelled
147,4949,2023-10-15,Shipped
148,1474,2023-03-20,Delivered
149,1971,2023-10-18,Shipped
150,2766,2023-02-23,Shipped
151,106,2023-05-06,Delivered
152,1074,2023-08-04,Shipped
153,613,2023-02-04,Cancelled
154,2360,2023-01-28,Cancelled
155,4139,2023-08-04,Processing
156,1209,2023-08-16,Shipped
157,1076,2023-12-14,Processing
158,343,2023-04-25,Delivered
159,3648,2023-01-05,Delivered
160,2845,2023-03-14,Processing
161,4984,2023-05-01,Cancelled
162,4515,2023-11-18,Delivered
163,61,2023-08-03,Cancelled
164,4963,2023-06-14,Delivered
165,279,2023-03-02,Delivered
166,470,2023-06-18,Delivered
167,360,2023-08-02,Delivered
168,3772,2023-05-21,Processing
169,2051,2023-07-18,Cancelled
170,1034,2023-12-26,Delivered
171,1485,2023-09-17,Delivered
172,2961,2023-03-24,Delivered
173,2647,2023-09-29,Processing
174,3290,2023-08-17,Shipped
175,4193,2023-03-01,Cancelled
176,726,2023-10-21,Processing
177,2539,2023-04-07,Cancelled
178,484,2023-08-18,Processing
179,3459,2023-12-15,Processing
180,129,2023-09-03,Processing
181,2919,2023-01-18,Delivered
182,1000,2023-08-06,Processing
183,1374,2023-07-04,Processing
184,1715,2023-04-13,Delivered
185,3991,2023-09-05,Delivered
186,804,2023-09-14,Delivered
187,2130,2023-01-24,Processing
188,3906,2023-06-06,Cancelled
189,2288,2023-03-14,Shipped
190,3857,2023-07-30,Shipped
191,1018,2023-01-20,Cancelled
192,2454,2023-12-14,Delivered
193,2183,2023-07-04,Delivered
194,1536,2023-01-19,Delivered
195,3356,2023-03-26,Shipped
196,3807,2023-03-31,Processing
197,4663,2023-12-27,Delivered
198,1336,2023-02-22,Shipped
199,1742,2023-05-04,Shipped
200,535,2023-06-11,Cancelled
201,4335,2023-10-02,Cancelled
202,3218,2023-08-25,Cancelled
203,4398,2023-01-16,Cancelled
204,246,2023-04-13,Processing
205,448,2023-07-04,Shipped
206,3470,2023-06-08,Cancelled
207,4856,2023-06-10,Processing
208,3491,2023-03-11,Delivered
209,4420,2023-02-07,Shipped
210,2606,2023-09-03,Shipped
211,1323,2023-12-25,Processing
212,1266,2023-07-04,Processing
213,76,2023-11-19,Delivered
214,4280,2023-04-21,Shipped
215,3492,2023-11-03,Processing
216,4273,2023-11-05,Delivered
217,4336,2023-02-07,Shipped
218,3034,2023-08-30,Cancelled
219,316,2023-07-14,Shipped
220,773,2023-12-12,Cancelled
221,1493,2023-10-30,Cancelled
222,4770,2023-11-02,Processing
223,3576,2023-02-06,Processing
224,4054,2023-06-04,Cancelled
225,1655,2023-01-31,Delivered
226,3735,2023-06-09,Shipped
227,2658,2023-05-31,Shipped
228,2657,2023-04-10,Cancelled
229,1594,2023-06-20,Delivered
230,2903,2023-11-14,Processing
231,3352,2023-12-18,Cancelled
232,3002,2023-09-10,Cancelled
233,2512,2023-05-19,Processing
234,568,2023-07-02,Cancelled
235,3023,2023-01-11,Shipped
236,2583,2023-10-09,Shipped
237,89,2023-01-14,Cancelled
238,2635,2023-04-02,Shipped
239,213,2023-06-19,Delivered
240,4217,2023-05-21,Cancelled
241,2320,2023-05-17,Delivered
242,1136,2023-06-16,Delivered
243,1115,2023-06-17,Delivered
244,1244,2023-05-22,Shipped
245,2480,2023-10-03,Cancelled
246,4569,2023-09-02,Processing
247,4703,2023-08-03,Processing
248,4466,2023-04-28,Cancelled
249,3304,2023-09-21,Processing
250,328,2023-04-07,Delivered
251,638,2023-11-08,Cancelled
252,2096,2023-01-08,Cancelled
253,2134,2023-03-14,Shipped
254,445,2023-09-17,Delivered
255,3386,2023-03-18,Cancelled
256,3321,2023-06-27,Delivered
257,661,2023-08-31,Shipped
258,356,2023-08-14,Processing
259,1779,2023-01-11,Shipped
260,3124,2023-01-20,Cancelled
261,3160,2023-01-01,Cancelled
262,1440,2023-07-01,Cancelled
263,3970,2023-07-23,Delivered
264,1892,2023-07-16,Shipped
265,3421,2023-01-13,Shipped
266,2573,2023-05-31,Cancelled
267,1355,2023-07-09,Processing
268,2008,2023-07-06,Delivered
269,2575,2023-09-03,Delivered
270,1929,2023-10-21,Delivered
271,402,2023-11-20,Shipped
272,28,2023-09-17,Delivered
273,3369,2023-08-24,Processing
274,1233,2023-02-19,Delivered
275,4552,2023-04-17,Cancelled
276,2031,2023-04-26,Cancelled
277,50,2023-02-04,Shipped
278,2209,2023-07-13,Cancelled
279,2504,2023-01-31,Cancelled
280,2945,2023-10-12,Processing
281,1969,2023-11-15,Delivered
282,278,2023-11-26,Shipped
283,98,2023-09-13,Shipped
284,4049,2023-03-13,Cancelled
285,3209,2023-10-10,Processing
286,171,2023-04-22,Delivered
287,3458,2023-04-09,Delivered
288,3280,2023-01-29,Processing
289,2352,2023-12-21,Cancelled
290,667,2023-01-27,Processing
291,4873,2023-09-12,Processing
292,1803,2023-07-16,Processing
293,3796,2023-11-08,Delivered
294,648,2023-08-04,Cancelled
295,2050,2023-10-17,Delivered
296,175,2023-02-15,Processing
297,3807,2023-09-20,Shipped
298,3732,2023-05-20,Cancelled
299,1962,2023-04-26,Processing
300,2534,2023-05-02,Processing
301,2941,2023-07-22,Delivered
302,2639,2023-12-14,Delivered
303,1848,2023-06-21,Delivered
304,3699,2023-07-20,Cancelled
305,66,2023-05-08,Processing
306,4804,2023-03-30,Delivered
307,4657,2023-02-02,Shipped
308,3223,2023-09-07,Cancelled
309,484,2023-05-20,Delivered
310,2400,2023-06-09,Processing
311,1712,2023-02-16,Cancelled
312,4564,2023-04-21,Processing
313,584,2023-12-26,Cancelled
314,2179,2023-09-21,Shipped
315,3354,2023-09-06,Processing
316,1889,2023-02-02,Cancelled
317,901,2023-06-28,Shipped
318,3900,2023-04-04,Cancelled
319,3252,2023-10-20,Shipped
320,2139,2023-01-22,Shipped
321,300,2023-02-08,Processing
322,486,2023-01-30,Delivered
323,1578,2023-09-28,Processing
324,2229,2023-05-23,Processing
325,3464,2023-04-22,Delivered
326,1815,2023-08-01,Shipped
327,814,2023-12-28,Cancelled
328,1167,2023-04-06,Delivered
329,1442,2023-05-02,Shipped
330,2444,2023-03-10,Shipped
331,27,2023-08-26,Cancelled
332,4047,2023-02-15,Delivered
333,2121,2023-04-25,Processing
334,3697,2023-12-09,Delivered
335,239,2023-02-24,Delivered
336,2860,2023-03-24,Shipped
337,236,2023-05-30,Processing
338,1441,2023-03-05,Delivered
339,4442,2023-07-27,Shipped
340,474,2023-05-15,Delivered
341,3186,2023-11-06,Delivered
342,1957,2023-12-19,Delivered
343,4321,2023-10-26,Processing
344,1336,2023-01-21,Processing
345,3736,2023-06-20,Cancelled
346,1241,2023-02-01,Shipped
347,3598,2023-01-13,Shipped
348,1944,2023-06-22,Shipped
349,3303,2023-12-04,Processing
350,4292,2023-05-16,Processing
351,1748,2023-07-12,Shipped
352,4251,2023-05-30,Cancelled
353,1147,2023-01-04,Shipped
354,4524,2023-02-11,Shipped
355,1799,2023-07-11,Processing
356,1870,2023-01-24,Cancelled
357,4641,2023-11-04,Processing
358,1631,2023-11-28,Processing
359,2446,2023-11-11,Cancelled
360,1752,2023-04-21,Cancelled
361,3980,2023-06-12,Processing
362,2355,2023-08-23,Delivered
363,4146,2023-12-12,Shipped
364,3536,2023-03-29,Processing
365,3514,2023-08-02,Cancelled
366,3652,2023-09-13,Delivered
367,3641,2023-04-13,Cancelled
368,4797,2023-09-01,Delivered
369,3485,2023-03-08,Delivered
370,344,2023-01-16,Processing
371,2896,2023-09-28,Processing
372,4165,2023-11-03,Delivered
373,4741,2023-11-18,Shipped
374,1318,2023-05-22,Delivered
375,2375,2023-09-18,Cancelled
376,427,2023-12-02,Shipped
377,4945,2023-07-04,Cancelled
378,3335,2023-01-20,Cancelled
379,3176,2023-04-07,Processing
380,397,2023-08-06,Processing
381,3946,2023-04-05,Cancelled
382,4824,2023-02-19,Delivered
383,1948,2023-05-31,Delivered
384,3317,2023-09-19,Delivered
385,597,2023-07-07,Processing
386,806,2023-10-07,Delivered
387,194,2023-02-16,Cancelled
388,553,2023-08-07,Cancelled
389,1422,2023-03-26,Delivered
390,3827,2023-12-12,Shipped
391,4681,2023-03-23,Processing
392,3993,2023-03-02,Processing
393,960,2023-03-07,Shipped
394,1802,2023-02-02,Cancelled
395,3334,2023-08-09,Shipped
396,4216,2023-09-22,Cancelled
397,4628,2023-08-04,Processing
398,4139,2023-04-23,Delivered
399,60,2023-07-02,Delivered
400,2236,2023-09-10,Delivered
401,1898,2023-01-24,Processing
402,1795,2023-11-12,Processing
403,518,2023-01-19,Shipped
404,1565,2023-07-31,Processing
405,4294,2023-08-29,Processing
406,2715,2023-07-18,Processing
407,82,2023-04-27,Delivered
408,3342,2023-10-20,Delivered
409,792,2023-05-19,Cancelled
410,493,2023-10-16,Cancelled
411,1779,2023-02-02,Cancelled
412,738,2023-01-08,Delivered
413,3062,2023-08-13,Shipped
414,1407,2023-09-03,Processing
415,4865,2023-01-15,Processing
416,4161,2023-11-01,Processing
417,4356,2023-09-10,Cancelled
418,772,2023-12-16,Processing
419,4661,2023-06-28,Shipped
420,1601,2023-10-29,Processing
421,208,2023-08-01,Cancelled
422,2764,2023-12-05,Shipped
423,3229,2023-08-20,Delivered
424,4898,2023-04-23,Cancelled
425,121,2023-05-22,Shipped
426,3710,2023-02-07,Processing
427,2836,2023-06-15,Shipped
428,3000,2023-10-30,Processing
429,3453,2023-03-19,Cancelled
430,227,2023-10-05,Cancelled
431,3275,2023-12-22,Processing
432,3498,2023-06-21,Processing
433,3532,2023-11-09,Cancelled
434,4575,2023-11-16,Cancelled
435,4509,2023-04-26,Delivered
436,2139,2023-09-15,Shipped
437,4202,2023-01-16,Processing
438,4060,2023-06-17,Cancelled
439,587,2023-01-08,Shipped
440,4534,2023-01-17,Processing
441,1718,2023-12-21,Cancelled
442,1469,2023-10-02,Delivered
443,1333,2023-02-27,Shipped
444,2809,2023-10-07,Shipped
445,2105,2023-08-26,Delivered
446,2368,2023-05-26,Delivered
447,3344,2023-11-25,Processing
448,4482,2023-07-26,Shipped
449,4618,2023-02-08,Processing
450,1095,2023-02-20,Processing
451,1969,2023-06-22,Shipped
452,1684,2023-04-20,Delivered
453,927,2023-07-03,Delivered
454,749,2023-03-27,Processing
455,3192,2023-06-24,Cancelled
456,3038,2023-05-17,Processing
457,2380,2023-04-27,Processing
458,1513,2023-01-31,Cancelled
459,4883,2023-09-08,Shipped
460,4073,2023-02-10,Delivered
461,1597,2023-11-18,Delivered
462,228,2023-11-22,Delivered
463,3518,2023-06-17,Cancelled
464,1924,2023-07-21,Processing
465,352,2023-03-29,Processing
466,606,2023-03-07,Delivered
467,760,2023-06-05,Shipped
468,3893,2023-10-15,Delivered
469,3687,2023-06-29,Shipped
470,2661,2023-05-04,Cancelled
471,3718,2023-03-30,Delivered
472,2298,2023-10-27,Cancelled
473,3100,2023-12-18,Delivered
474,4155,2023-01-20,Shipped
475,988,2023-09-14,Delivered
476,1677,2023-06-13,Cancelled
477,36,2023-05-31,Cancelled
478,858,2023-06-29,Processing
479,2686,2023-02-26,Processing
480,3784,2023-03-07,Delivered
481,2113,2023-05-28,Shipped
482,4801,2023-11-09,Processing
483,1461,2023-07-23,Cancelled
484,3942,2023-10-14,Delivered
485,177,2023-08-26,Shipped
486,37,2023-08-13,Processing
487,2585,2023-08-06,Shipped
488,251,2023-11-15,Delivered
489,2608,2023-08-12,Cancelled
490,1744,2023-01-16,Delivered
491,4182,2023-06-11,Processing
492,913,2023-11-05,Cancelled
493,3665,2023-03-05,Shipped
494,1559,2023-03-17,Shipped
495,3097,2023-11-05,Processing
496,606,2023-07-30,Shipped
497,736,2023-01-31,Delivered
498,2253,2023-06-03,Processing
499,78,2023-04-15,Cancelled
500,953,2023-07-16,Cancelled
501,2451,2023-04-27,Shipped
502,1503,2023-09-08,Processing
503,8,2023-10-15,Cancelled
504,3057,2023-09-23,Cancelled
505,725,2023-11-21,Cancelled
506,3467,2023-12-04,Delivered
507,1363,2023-05-17,Processing
508,1809,2023-12-05,Cancelled
509,2234,2023-08-17,Processing
510,2744,2023-05-06,Processing
511,3288,2023-08-21,Processing
512,3013,2023-05-24,Delivered
513,735,2023-11-20,Cancelled
514,3736,2023-05-13,Delivered
515,3943,2023-12-31,Cancelled
516,3951,2023-06-19,Shipped
517,322,2023-11-08,Cancelled
518,4251,2023-11-10,Processing
519,3192,2023-02-21,Delivered
520,2548,2023-01-05,Cancelled
521,4956,2023-06-19,Shipped
522,4337,2023-04-07,Delivered
523,2013,2023-10-27,Cancelled
524,926,2023-02-07,Cancelled
525,158,2023-12-18,Processing
526,1409,2023-04-12,Delivered
527,2447,2023-06-06,Shipped
528,332,2023-01-11,Cancelled
529,1702,2023-02-06,Cancelled
530,2821,2023-11-29,Processing
531,1082,2023-05-23,Shipped
532,319,2023-03-25,Shipped
533,4528,2023-09-05,Processing
534,1709,2023-08-21,Delivered
535,639,2023-08-09,Processing
536,4881,2023-09-01,Shipped
537,1445,2023-11-06,Shipped
538,2954,2023-07-31,Processing
539,3775,2023-03-16,Processing
540,2209,2023-08-16,Delivered
541,4920,2023-04-19,Cancelled
542,769,2023-12-05,Cancelled
543,3951,2023-01-17,Cancelled
544,957,2023-05-23,Delivered
545,1463,2023-04-27,Delivered
546,2642,2023-07-29,Delivered
547,4123,2023-03-27,Processing
548,4396,2023-03-05,Shipped
549,728,2023-08-18,Cancelled
550,3883,2023-02-03,Cancelled
551,1233,2023-05-14,Shipped
552,2836,2023-03-03,Processing
553,4029,2023-03-09,Shipped
554,3416,2023-09-24,Cancelled
555,113,2023-02-14,Delivered
556,2135,2023-05-12,Delivered
557,635,2023-10-03,Cancelled
558,3745,2023-03-01,Delivered
559,3540,2023-05-27,Delivered
560,4404,2023-05-28,Cancelled
561,873,2023-12-20,Processing
562,3360,2023-06-25,Delivered
563,2352,2023-03-28,Processing
564,1115,2023-03-09,Shipped
565,4116,2023-05-20,Shipped
566,3202,2023-09-04,Shipped
567,1724,2023-12-25,Cancelled
568,1094,2023-07-17,Delivered
569,883,2023-08-31,Shipped
570,4712,2023-07-13,Delivered
571,4574,2023-11-08,Cancelled
572,596,2023-11-29,Delivered
573,575,2023-01-04,Cancelled
574,693,2023-01-30,Processing
575,4595,2023-01-07,Shipped
576,4693,2023-10-24,Shipped
577,4893,2023-02-01,Shipped
578,3133,2023-06-05,Processing
579,2326,2023-05-18,Delivered
580,1845,2023-12-22,Delivered
581,2050,2023-06-29,Shipped
582,3383,2023-11-18,Processing
583,1629,2023-09-17,Processing
584,4330,2023-12-29,Processing
585,3943,2023-05-30,Delivered
586,3496,2023-11-10,Delivered
587,4475,2023-08-27,Shipped
588,2856,2023-03-20,Delivered
589,4503,2023-07-21,Delivered
590,3147,2023-06-01,Cancelled
591,4133,2023-03-18,Processing
592,4674,2023-02-09,Shipped
593,2949,2023-08-15,Shipped
594,1105,2023-11-04,Processing
595,4546,2023-03-10,Shipped
596,45,2023-09-25,Delivered
597,722,2023-05-28,Delivered
598,3266,2023-07-31,Processing
599,1544,2023-04-01,Processing
600,4647,2023-01-17,Processing
601,2566,2023-06-18,Shipped
602,4652,2023-03-31,Delivered
603,1310,2023-02-26,Processing
604,2623,2023-08-05,Cancelled
605,3894,2023-01-02,Processing
606,93,2023-09-09,Cancelled
607,4495,2023-08-27,Processing
608,627,2023-09-19,Cancelled
609,1496,2023-07-10,Processing
610,271,2023-09-28,Cancelled
611,956,2023-04-24,Cancelled
612,2866,2023-11-27,Processing
613,549,2023-01-27,Shipped
614,2085,2023-02-05,Shipped
615,2083,2023-06-22,Cancelled
616,1378,2023-03-03,Processing
617,123,2023-10-11,Delivered
618,1275,2023-03-14,Delivered
619,3943,2023-03-09,Cancelled
620,1180,2023-10-24,Delivered
621,4976,2023-05-30,Processing
622,2369,2023-09-03,Processing
623,3127,2023-12-15,Cancelled
624,2237,2023-07-28,Processing
625,1674,2023-10-29,Shipped
626,3523,2023-03-14,Processing
627,2142,2023-11-15,Processing
628,43,2023-07-14,Shipped
629,2256,2023-06-21,Delivered
630,3686,2023-11-08,Cancelled
631,4925,2023-05-07,Delivered
632,4911,2023-10-24,Delivered
633,1136,2023-01-15,Processing
634,3805,2023-08-26,Shipped
635,3134,2023-12-29,Processing
636,116,2023-01-15,Delivered
637,4661,2023-05-07,Processing
638,2463,2023-10-24,Cancelled
639,4142,2023-08-02,Cancelled
640,1191,2023-01-09,Processing
641,1464,2023-10-19,Delivered
642,4838,2023-04-30,Shipped
643,4207,2023-11-15,Processing
644,433,2023-08-22,Processing
645,1967,2023-11-25,Shipped
646,3807,2023-03-29,Cancelled
647,2696,2023-11-10,Shipped
648,3579,2023-07-13,Processing
649,4251,2023-08-30,Processing
650,3655,2023-08-19,Cancelled
651,2861,2023-01-03,Processing
652,4500,2023-04-23,Shipped
653,1681,2023-09-30,Cancelled
654,3138,2023-02-02,Delivered
655,4468,2023-08-23,Delivered
656,3650,2023-08-07,Processing
657,1738,2023-04-02,Processing
658,4177,2023-02-10,Processing
659,3303,2023-01-30,Delivered
660,4566,2023-10-05,Shipped
661,2221,2023-04-19,Shipped
662,146,2023-08-06,Delivered
663,1020,2023-12-10,Cancelled
664,3833,2023-07-13,Cancelled
665,3835,2023-05-11,Processing
666,948,2023-06-06,Delivered
667,1404,2023-06-25,Processing
668,1426,2023-06-23,Cancelled
669,4534,2023-01-03,Delivered
670,974,2023-11-07,Cancelled
671,4779,2023-05-18,Processing
672,2090,2023-06-12,Delivered
673,4482,2023-01-20,Shipped
674,249,2023-05-17,Cancelled
675,1832,2023-07-18,Processing
676,2915,2023-05-16,Shipped
677,4074,2023-04-17,Cancelled
678,166,2023-04-07,Delivered
679,3796,2023-09-01,Processing
680,2565,2023-06-25,Delivered
681,27,2023-08-07,Cancelled
682,1688,2023-02-09,Processing
683,842,2023-02-15,Processing
684,130,2023-05-06,Cancelled
685,2718,2023-08-23,Shipped
686,4808,2023-02-10,Processing
687,123,2023-10-16,Shipped
688,4041,2023-01-15,Processing
689,1421,2023-03-12,Cancelled
690,32,2023-11-16,Shipped
691,3260,2023-09-11,Processing
692,4313,2023-09-16,Shipped
693,3026,2023-04-23,Cancelled
694,2093,2023-02-11,Cancelled
695,2285,2023-02-12,Delivered
696,1661,2023-11-10,Delivered
697,1616,2023-11-16,Cancelled
698,2263,2023-06-10,Processing
699,3400,2023-11-21,Delivered
700,216,2023-10-02,Cancelled
701,3895,2023-08-08,Processing
702,326,2023-11-02,Shipped
703,4206,2023-12-23,Cancelled
704,951,2023-02-08,Processing
705,4243,2023-06-22,Delivered
706,1868,2023-09-19,Cancelled
707,1459,2023-01-16,Processing
708,1252,2023-03-31,Delivered
709,1107,2023-03-26,Processing
710,1870,2023-08-09,Cancelled
711,2323,2023-02-08,Cancelled
712,2484,2023-01-27,Shipped
713,4432,2023-02-28,Shipped
714,4509,2023-07-09,Processing
715,46,2023-05-21,Cancelled
716,4848,2023-12-06,Shipped
717,2519,2023-10-07,Delivered
718,4618,2023-04-23,Processing
719,2798,2023-06-18,Delivered
720,2952,2023-12-31,Shipped
721,2836,2023-07-14,Cancelled
722,3895,2023-12-15,Processing
723,3519,2023-06-11,Shipped
724,1073,2023-02-02,Cancelled
725,1791,2023-06-19,Shipped
726,281,2023-02-11,Processing
727,4893,2023-07-08,Cancelled
728,2249,2023-11-09,Cancelled
729,3066,2023-07-16,Shipped
730,131,2023-07-03,Shipped
731,848,2023-07-01,Shipped
732,1851,2023-06-02,Delivered
733,2800,2023-01-23,Delivered
734,4968,2023-04-26,Delivered
735,1021,2023-08-12,Delivered
736,4186,2023-06-01,Cancelled
737,4669,2023-06-22,Cancelled
738,4274,2023-02-11,Delivered
739,1545,2023-08-20,Processing
740,149,2023-11-02,Delivered
741,4192,2023-04-22,Delivered
742,2666,2023-04-16,Shipped
743,327,2023-12-27,Cancelled
744,3178,2023-12-10,Processing
745,3077,2023-03-22,Shipped
746,2666,2023-10-29,Processing
747,4681,2023-02-23,Cancelled
748,4284,2023-06-03,Cancelled
749,3144,2023-06-25,Shipped
750,3553,2023-04-14,Cancelled
751,2690,2023-07-05,Cancelled
752,103,2023-07-09,Cancelled
753,4786,2023-12-01,Shipped
754,2465,2023-07-30,Processing
755,1996,2023-08-23,Delivered
756,699,2023-09-11,Delivered
757,207,2023-03-15,Shipped
758,1713,2023-05-30,Processing
759,4869,2023-08-26,Shipped
760,2259,2023-03-13,Delivered
761,2244,2023-07-12,Delivered
762,4846,2023-06-10,Delivered
763,1535,2023-11-04,Delivered
764,4308,2023-03-25,Processing
765,1934,2023-11-28,Shipped
766,1211,2023-05-25,Delivered
767,2741,2023-01-04,Shipped
768,208,2023-07-04,Processing
769,2009,2023-05-23,Cancelled
770,4770,2023-10-12,Shipped
771,382,2023-01-05,Delivered
772,4260,2023-04-04,Cancelled
773,2112,2023-09-04,Delivered
774,1135,2023-10-06,Delivered
775,180,2023-11-19,Cancelled
776,4364,2023-06-18,Delivered
777,4546,2023-08-20,Shipped
778,1401,2023-11-14,Cancelled
779,4992,2023-10-16,Cancelled
780,3924,2023-02-23,Cancelled
781,3300,2023-07-14,Delivered
782,1969,2023-01-01,Processing
783,33,2023-04-02,Shipped
784,831,2023-05-16,Cancelled
785,2873,2023-02-12,Processing
786,1330,2023-03-17,Delivered
787,1553,2023-05-25,Cancelled
788,366,2023-08-28,Processing
789,2844,2023-12-17,Shipped
790,1114,2023-01-01,Processing
791,3191,2023-10-08,Shipped
792,4122,2023-09-28,Processing
793,3271,2023-12-24,Shipped
794,963,2023-11-08,Delivered
795,3213,2023-03-27,Delivered
796,3152,2023-08-01,Shipped
797,370,2023-09-30,Delivered
798,658,2023-01-02,Delivered
799,4188,2023-09-09,Delivered
800,1800,2023-09-14,Cancelled
801,309,2023-11-06,Cancelled
802,4048,2023-11-21,Processing
803,26,2023-09-19,Delivered
804,2697,2023-07-04,Cancelled
805,4279,2023-03-14,Processing
806,2494,2023-12-29,Cancelled
807,3425,2023-07-07,Shipped
808,3833,2023-01-06,Shipped
809,2172,2023-02-09,Cancelled
810,2430,2023-12-10,Shipped
811,1497,2023-07-27,Shipped
812,4063,2023-03-25,Delivered
813,2742,2023-01-30,Processing
814,468,2023-10-25,Shipped
815,2539,2023-12-17,Cancelled
816,2925,2023-11-12,Shipped
817,2879,2023-05-05,Delivered
818,1840,2023-06-15,Shipped
819,432,2023-04-13,Cancelled
820,849,2023-08-27,Processing
821,1744,2023-12-13,Processing
822,4537,2023-06-03,Delivered
823,1129,2023-02-23,Processing
824,1177,2023-01-16,Cancelled
825,4974,2023-02-26,Delivered
826,1357,2023-12-02,Delivered
827,113,2023-06-05,Cancelled
828,2597,2023-10-26,Processing
829,3717,2023-07-21,Processing
830,2847,2023-03-13,Cancelled
831,2312,2023-09-14,Delivered
832,4034,2023-11-07,Cancelled
833,2533,2023-08-30,Delivered
834,2234,2023-05-22,Cancelled
835,2658,2023-09-20,Processing
836,2266,2023-02-18,Shipped
837,4560,2023-06-15,Cancelled
838,1354,2023-03-12,Cancelled
839,459,2023-06-21,Delivered
840,1441,2023-11-14,Cancelled
841,815,2023-07-29,Shipped
842,657,2023-04-08,Delivered
843,2587,2023-11-18,Delivered
844,2422,2023-10-14,Delivered
845,3954,2023-05-28,Shipped
846,4396,2023-04-09,Shipped
847,4630,2023-01-17,Delivered
848,2102,2023-08-15,Cancelled
849,2839,2023-03-29,Shipped
850,4189,2023-06-21,Shipped
851,78,2023-01-12,Shipped
852,1003,2023-06-09,Delivered
853,1370,2023-03-30,Shipped
854,2905,2023-08-11,Shipped
855,2962,2023-06-19,Processing
856,3149,2023-08-20,Delivered
857,4598,2023-01-15,Cancelled
858,325,2023-11-29,Shipped
859,1339,2023-02-22,Cancelled
860,197,2023-10-01,Delivered
861,2780,2023-06-03,Shipped
862,1196,2023-12-20,Cancelled
863,414,2023-01-26,Shipped
864,3852,2023-08-31,Cancelled
865,3511,2023-11-30,Shipped
866,4923,2023-08-14,Delivered
867,1050,2023-09-16,Processing
868,4086,2023-04-14,Delivered
869,1139,2023-10-23,Shipped
870,1522,2023-02-17,Processing
871,88,2023-03-16,Cancelled
872,130,2023-03-31,Cancelled
873,1811,2023-04-01,Processing
874,2220,2023-12-11,Shipped
875,4761,2023-05-05,Processing
876,3871,2023-12-16,Delivered
877,358,2023-05-14,Processing
878,200,2023-02-18,Shipped
879,4723,2023-09-23,Shipped
880,2428,2023-02-20,Delivered
881,3976,2023-09-11,Shipped
882,3093,2023-11-11,Processing
883,2539,2023-01-05,Shipped
884,339,2023-05-24,Delivered
885,891,2023-06-13,Cancelled
886,4148,2023-10-23,Processing
887,2397,2023-07-23,Processing
888,3954,2023-04-14,Delivered
889,3729,2023-09-18,Shipped
890,1403,2023-07-02,Cancelled
891,961,2023-03-13,Processing
892,1884,2023-04-21,Delivered
893,1233,2023-09-09,Delivered
894,4623,2023-11-03,Cancelled
895,2150,2023-03-01,Cancelled
896,2206,2023-11-30,Processing
897,4616,2023-04-29,Shipped
898,1020,2023-09-07,Delivered
899,2127,2023-04-02,Delivered
900,205,2023-07-11,Cancelled
901,4063,2023-09-10,Delivered
902,3832,2023-02-27,Cancelled
903,4362,2023-05-30,Cancelled
904,1563,2023-06-20,Delivered
905,4542,2023-09-14,Cancelled
906,3422,2023-11-27,Delivered
907,2719,2023-07-16,Cancelled
908,146,2023-05-20,Shipped
909,3238,2023-12-16,Cancelled
910,2068,2023-08-15,Shipped
911,2095,2023-11-21,Shipped
912,3389,2023-03-07,Processing
913,2801,2023-12-19,Cancelled
914,3425,2023-05-18,Cancelled
915,1007,2023-02-18,Delivered
916,229,2023-10-13,Processing
917,2498,2023-09-18,Delivered
918,2946,2023-07-31,Processing
919,1388,2023-02-11,Shipped
920,1130,2023-01-11,Cancelled
921,385,2023-07-18,Processing
922,1451,2023-02-12,Shipped
923,1095,2023-03-10,Shipped
924,202,2023-08-09,Cancelled
925,3579,2023-10-05,Delivered
926,4174,2023-06-18,Delivered
927,582,2023-07-13,Processing
928,1554,2023-08-26,Processing
929,2834,2023-09-14,Cancelled
930,3358,2023-11-08,Cancelled
931,4952,2023-11-22,Processing
932,1245,2023-08-08,Shipped
933,2002,2023-04-16,Cancelled
934,2763,2023-09-26,Shipped
935,4895,2023-02-13,Processing
936,4739,2023-10-26,Shipped
937,2630,2023-05-06,Shipped
938,1987,2023-02-27,Delivered
939,3458,2023-12-11,Shipped
940,3866,2023-10-22,Shipped
941,2541,2023-06-04,Delivered
942,1921,2023-07-11,Cancelled
943,415,2023-10-12,Cancelled
944,4264,2023-04-07,Cancelled
945,1616,2023-03-01,Shipped
946,4089,2023-10-22,Shipped
947,3820,2023-06-01,Cancelled
948,4229,2023-11-19,Cancelled
949,3940,2023-03-21,Cancelled
950,900,2023-06-02,Delivered
951,2118,2023-04-14,Processing
952,4891,2023-12-06,Processing
953,4432,2023-01-06,Shipped
954,2429,2023-09-05,Cancelled
955,47,2023-02-06,Shipped
956,1624,2023-02-23,Delivered
957,284,2023-02-09,Cancelled
958,2384,2023-03-04,Cancelled
959,378,2023-02-17,Processing
960,2476,2023-02-25,Delivered
961,1590,2023-02-17,Delivered
962,4692,2023-01-04,Cancelled
963,308,2023-02-01,Shipped
964,499,2023-11-25,Shipped
965,3204,2023-12-04,Delivered
966,137,2023-12-14,Shipped
967,536,2023-12-22,Delivered
968,3335,2023-01-01,Shipped
969,2854,2023-06-10,Shipped
970,392,2023-11-27,Cancelled
971,1115,2023-06-18,Cancelled
972,3677,2023-01-17,Delivered
973,362,2023-08-11,Processing
974,899,2023-08-17,Processing
975,247,2023-09-27,Processing
976,3270,2023-11-13,Shipped
977,777,2023-03-19,Delivered
978,1512,2023-11-16,Shipped
979,3818,2023-11-09,Processing
980,3115,2023-11-16,Delivered
981,4117,2023-05-27,Cancelled
982,936,2023-09-26,Processing
983,405,2023-10-18,Processing
984,1975,2023-02-10,Delivered
985,2195,2023-07-22,Shipped
986,2962,2023-04-30,Delivered
987,1554,2023-01-12,Shipped
988,1275,2023-10-31,Cancelled
989,1789,2023-11-24,Delivered
990,2177,2023-02-20,Cancelled
991,4943,2023-05-22,Cancelled
992,4757,2023-01-03,Shipped
993,610,2023-12-01,Delivered
994,2842,2023-09-29,Shipped
995,347,2023-01-30,Processing
996,2037,2023-01-31,Cancelled
997,1971,2023-12-05,Delivered
998,4568,2023-11-10,Processing
999,1271,2023-07-31,Shipped
1000,4946,2023-10-01,Cancelled
1001,4716,2023-06-25,Processing
1002,2075,2023-02-24,Shipped
1003,3294,2023-04-19,Processing
1004,361,2023-01-02,Shipped
1005,3501,2023-06-24,Shipped
1006,4093,2023-11-07,Delivered
1007,1683,2023-03-30,Processing
1008,1812,2023-02-04,Cancelled
1009,1222,2023-02-01,Processing
1010,2185,2023-11-26,Shipped
1011,236,2023-04-09,Delivered
1012,800,2023-03-08,Processing
1013,1645,2023-10-31,Cancelled
1014,4006,2023-02-19,Cancelled
1015,4300,2023-06-04,Shipped
1016,1530,2023-08-18,Shipped
1017,4926,2023-03-14,Cancelled
1018,3482,2023-06-19,Shipped
1019,2885,2023-05-14,Cancelled
1020,2038,2023-11-30,Shipped
1021,484,2023-08-28,Shipped
1022,314,2023-09-23,Shipped
1023,3645,2023-12-26,Processing
1024,3438,2023-08-07,Delivered
1025,3040,2023-10-25,Delivered
1026,2621,2023-10-13,Delivered
1027,403,2023-01-10,Cancelled
1028,596,2023-12-30,Processing
1029,4685,2023-02-10,Processing
1030,2537,2023-09-23,Shipped
1031,402,2023-11-04,Processing
1032,1000,2023-03-09,Delivered
1033,2535,2023-06-02,Shipped
1034,3495,2023-09-20,Shipped
1035,3540,2023-01-12,Shipped
1036,677,2023-11-04,Processing
1037,2065,2023-02-24,Shipped
1038,3754,2023-09-04,Delivered
1039,1538,2023-11-23,Delivered
1040,2580,2023-12-17,Cancelled
1041,247,2023-06-02,Processing
1042,3615,2023-02-27,Cancelled
1043,2199,2023-05-12,Cancelled
1044,1577,2023-06-17,Shipped
1045,4381,2023-08-27,Processing
1046,2682,2023-10-23,Processing
1047,4922,2023-06-08,Shipped
1048,1080,2023-03-22,Processing
1049,1917,2023-01-28,Cancelled
1050,3123,2023-04-19,Processing
1051,739,2023-12-21,Shipped
1052,4507,2023-02-04,Shipped
1053,4714,2023-11-15,Processing
1054,3009,2023-09-04,Delivered
1055,2047,2023-05-27,Delivered
1056,1434,2023-09-22,Cancelled
1057,4856,2023-10-14,Processing
1058,1444,2023-12-14,Shipped
1059,3714,2023-04-21,Delivered
1060,3917,2023-07-20,Delivered
1061,1891,2023-10-05,Delivered
1062,1149,2023-07-29,Processing
1063,3436,2023-01-20,Cancelled
1064,2091,2023-09-19,Delivered
1065,673,2023-07-23,Delivered
1066,3746,2023-05-16,Shipped
1067,3922,2023-12-25,Cancelled
1068,4505,2023-07-09,Cancelled
1069,463,2023-09-26,Processing
1070,3185,2023-05-02,Processing
1071,2694,2023-12-04,Shipped
1072,2864,2023-10-27,Processing
1073,4127,2023-10-14,Delivered
1074,1133,2023-06-22,Cancelled
1075,1976,2023-05-11,Cancelled
1076,1146,2023-02-22,Shipped
1077,4573,2023-03-06,Processing
1078,1393,2023-01-14,Cancelled
1079,4995,2023-05-16,Shipped
1080,4624,2023-08-07,Processing
1081,1273,2023-12-30,Processing
1082,2964,2023-02-03,Delivered
1083,3128,2023-08-24,Shipped
1084,4389,2023-11-21,Delivered
1085,3044,2023-02-27,Cancelled
1086,4249,2023-02-26,Shipped
1087,2961,2023-04-28,Cancelled
1088,3769,2023-05-02,Processing
1089,4073,2023-05-29,Shipped
1090,1736,2023-10-12,Shipped
1091,1412,2023-08-03,Shipped
1092,3052,2023-01-18,Delivered
1093,4910,2023-01-07,Processing
1094,2983,2023-12-26,Processing
1095,2877,2023-02-06,Cancelled
1096,1143,2023-02-21,Cancelled
1097,4359,2023-08-13,Shipped
1098,3440,2023-07-25,Processing
1099,2702,2023-04-05,Processing
1100,1557,2023-09-15,Delivered
1101,1480,2023-04-17,Delivered
1102,1863,2023-01-22,Processing
1103,513,2023-03-13,Delivered
1104,4091,2023-09-16,Shipped
1105,4720,2023-10-24,Shipped
1106,2294,2023-02-24,Shipped
1107,35,2023-01-22,Shipped
1108,4596,2023-12-02,Processing
1109,3111,2023-01-13,Delivered
1110,829,2023-02-23,Shipped
1111,3207,2023-10-03,Delivered
1112,4867,2023-08-05,Cancelled
1113,3113,2023-11-20,Shipped
1114,1404,2023-11-03,Shipped
1115,528,2023-03-30,Cancelled
1116,581,2023-11-29,Cancelled
1117,2770,2023-05-08,Processing
1118,2000,2023-10-07,Cancelled
1119,1426,2023-09-14,Shipped
1120,230,2023-08-05,Processing
1121,1888,2023-10-20,Delivered
1122,2988,2023-08-06,Processing
1123,4887,2023-10-06,Shipped
1124,2833,2023-05-13,Delivered
1125,1559,2023-08-18,Processing
1126,3638,2023-07-14,Shipped
1127,401,2023-11-28,Cancelled
1128,4437,2023-03-13,Processing
1129,1423,2023-07-24,Delivered
1130,1990,2023-12-05,Delivered
1131,3156,2023-06-27,Delivered
1132,3209,2023-09-30,Delivered
1133,3191,2023-06-20,Processing
1134,1998,2023-12-10,Delivered
1135,1509,2023-02-08,Shipped
1136,911,2023-07-09,Processing
1137,2862,2023-12-31,Shipped
1138,4951,2023-05-07,Delivered
1139,4417,2023-03-15,Shipped
1140,2383,2023-08-17,Processing
1141,3903,2023-01-05,Shipped
1142,642,2023-05-08,Processing
1143,1145,2023-12-20,Delivered
1144,707,2023-10-01,Shipped
1145,1355,2023-01-11,Processing
1146,648,2023-11-14,Cancelled
1147,916,2023-12-16,Delivered
1148,133,2023-10-29,Delivered
1149,4722,2023-03-30,Cancelled
1150,2822,2023-12-26,Processing
1151,3755,2023-06-03,Delivered
1152,2045,2023-10-02,Processing
1153,3953,2023-12-17,Processing
1154,2553,2023-07-31,Delivered
1155,3089,2023-04-27,Cancelled
1156,4817,2023-05-30,Processing
1157,4812,2023-09-18,Delivered
1158,4789,2023-07-05,Processing
1159,1984,2023-01-30,Cancelled
1160,3934,2023-02-19,Shipped
1161,4999,2023-03-17,Delivered
1162,1921,2023-03-04,Shipped
1163,4010,2023-10-27,Cancelled
1164,3980,2023-10-25,Shipped
1165,1956,2023-09-22,Cancelled
1166,2542,2023-02-25,Shipped
1167,3599,2023-10-08,Cancelled
1168,741,2023-02-04,Cancelled
1169,3819,2023-10-05,Cancelled
1170,3523,2023-10-19,Processing
1171,3103,2023-07-28,Processing
1172,4749,2023-11-28,Delivered
1173,3814,2023-06-28,Cancelled
1174,3724,2023-04-18,Delivered
1175,3435,2023-07-11,Processing
1176,1348,2023-08-05,Cancelled
1177,2777,2023-10-09,Cancelled
1178,2494,2023-06-19,Shipped
1179,107,2023-08-29,Shipped
1180,4415,2023-11-10,Delivered
1181,1481,2023-03-02,Delivered
1182,4970,2023-07-22,Shipped
1183,4208,2023-11-18,Processing
1184,2771,2023-03-10,Shipped
1185,516,2023-09-14,Processing
1186,4644,2023-03-27,Cancelled
1187,4047,2023-07-15,Processing
1188,1798,2023-10-19,Cancelled
1189,2185,2023-06-11,Processing
1190,1571,2023-11-30,Processing
1191,3315,2023-12-24,Shipped
1192,1275,2023-06-21,Cancelled
1193,3069,2023-03-29,Delivered
1194,2945,2023-03-07,Cancelled
1195,2542,2023-06-09,Shipped
1196,1253,2023-08-11,Delivered
1197,2778,2023-05-15,Delivered
1198,4703,2023-04-12,Cancelled
1199,793,2023-09-05,Delivered
1200,2480,2023-10-12,Cancelled
1201,3617,2023-04-24,Cancelled
1202,351,2023-04-20,Cancelled
1203,4038,2023-12-02,Delivered
1204,1609,2023-01-09,Cancelled
1205,4376,2023-01-03,Cancelled
1206,1512,2023-04-20,Cancelled
1207,663,2023-01-09,Cancelled
1208,2272,2023-02-22,Cancelled
1209,1821,2023-05-24,Delivered
1210,1888,2023-06-20,Cancelled
1211,4377,2023-05-25,Processing
1212,4056,2023-06-09,Processing
1213,4462,2023-06-06,Shipped
1214,2083,2023-06-29,Processing
1215,3107,2023-12-12,Cancelled
1216,4738,2023-08-26,Shipped
1217,410,2023-12-23,Processing
1218,54,2023-03-06,Processing
1219,4925,2023-02-05,Cancelled
1220,2691,2023-12-18,Cancelled
1221,1288,2023-09-27,Delivered
1222,309,2023-04-11,Delivered
1223,742,2023-06-26,Cancelled
1224,74,2023-12-20,Delivered
1225,3778,2023-11-20,Processing
1226,4484,2023-12-13,Delivered
1227,3445,2023-10-27,Processing
1228,1018,2023-04-07,Delivered
1229,4507,2023-12-16,Processing
1230,451,2023-02-19,Processing
1231,3428,2023-01-13,Processing
1232,184,2023-04-03,Cancelled
1233,502,2023-07-02,Shipped
1234,4054,2023-01-27,Shipped
1235,4679,2023-01-27,Shipped
1236,2408,2023-08-01,Processing
1237,1514,2023-01-12,Shipped
1238,1810,2023-03-14,Delivered
1239,4626,2023-09-10,Shipped
1240,2389,2023-11-23,Shipped
1241,1335,2023-04-15,Shipped
1242,2775,2023-11-20,Shipped
1243,1105,2023-09-26,Cancelled
1244,3563,2023-03-26,Cancelled
1245,1279,2023-07-12,Processing
1246,1765,2023-08-15,Processing
1247,3541,2023-11-27,Shipped
1248,1073,2023-11-24,Shipped
1249,428,2023-04-25,Processing
1250,2412,2023-02-24,Cancelled
1251,635,2023-07-24,Shipped
1252,4955,2023-07-01,Cancelled
1253,3093,2023-04-30,Shipped
1254,1351,2023-03-23,Delivered
1255,3721,2023-03-02,Cancelled
1256,645,2023-11-10,Cancelled
1257,859,2023-07-23,Processing
1258,1224,2023-02-28,Cancelled
1259,1236,2023-09-16,Shipped
1260,1466,2023-07-03,Delivered
1261,781,2023-01-06,Shipped
1262,2942,2023-02-17,Processing
1263,3592,2023-04-25,Shipped
1264,1649,2023-01-07,Shipped
1265,4816,2023-10-21,Cancelled
1266,4051,2023-07-06,Cancelled
1267,4783,2023-07-13,Shipped
1268,1679,2023-10-28,Cancelled
1269,1452,2023-12-23,Shipped
1270,1279,2023-08-25,Processing
1271,3795,2023-01-04,Delivered
1272,825,2023-05-12,Cancelled
1273,4228,2023-10-30,Processing
1274,4486,2023-10-25,Cancelled
1275,4805,2023-06-16,Shipped
1276,1355,2023-12-06,Delivered
1277,126,2023-04-08,Delivered
1278,4684,2023-03-18,Processing
1279,2785,2023-09-06,Processing
1280,4765,2023-05-04,Delivered
1281,2858,2023-12-24,Delivered
1282,561,2023-09-18,Shipped
1283,1660,2023-01-05,Shipped
1284,4487,2023-10-12,Shipped
1285,2543,2023-10-23,Delivered
1286,1207,2023-11-03,Cancelled
1287,4632,2023-11-26,Cancelled
1288,1862,2023-12-06,Cancelled
1289,2021,2023-06-26,Cancelled
1290,416,2023-01-13,Cancelled
1291,4828,2023-12-22,Cancelled
1292,3633,2023-11-09,Shipped
1293,1053,2023-03-04,Shipped
1294,917,2023-07-09,Cancelled
1295,2776,2023-12-27,Processing
1296,3091,2023-05-15,Shipped
1297,1778,2023-08-14,Processing
1298,1014,2023-04-05,Cancelled
1299,4315,2023-09-23,Processing
1300,4168,2023-11-16,Processing
1301,2498,2023-11-28,Cancelled
1302,4678,2023-11-26,Delivered
1303,4735,2023-02-06,Shipped
1304,2803,2023-09-01,Shipped
1305,981,2023-03-09,Delivered
1306,3095,2023-02-20,Delivered
1307,2798,2023-05-15,Processing
1308,2580,2023-02-26,Shipped
1309,2640,2023-10-04,Delivered
1310,4742,2023-05-19,Delivered
1311,1655,2023-05-22,Processing
1312,805,2023-10-27,Cancelled
1313,20,2023-11-18,Processing
1314,859,2023-10-21,Processing
1315,3976,2023-01-13,Cancelled
1316,606,2023-04-07,Shipped
1317,1094,2023-07-18,Delivered
1318,4284,2023-10-29,Shipped
1319,194,2023-06-02,Delivered
1320,115,2023-07-01,Delivered
1321,229,2023-11-15,Processing
1322,4801,2023-12-19,Shipped
1323,3331,2023-04-02,Shipped
1324,4162,2023-07-01,Delivered
1325,715,2023-07-28,Cancelled
1326,4304,2023-09-09,Delivered
1327,967,2023-02-17,Delivered
1328,2352,2023-05-09,Shipped
1329,2004,2023-05-21,Shipped
1330,396,2023-12-01,Delivered
1331,535,2023-05-16,Shipped
1332,1296,2023-07-23,Cancelled
1333,941,2023-03-29,Delivered
1334,3807,2023-08-25,Processing
1335,1476,2023-05-29,Cancelled
1336,813,2023-01-06,Processing
1337,2697,2023-10-14,Cancelled
1338,1608,2023-08-02,Shipped
1339,3050,2023-12-04,Processing
1340,2746,2023-01-22,Cancelled
1341,677,2023-03-29,Delivered
1342,1135,2023-06-29,Processing
1343,4711,2023-12-11,Processing
1344,3333,2023-10-05,Delivered
1345,2288,2023-10-10,Shipped
1346,2514,2023-04-18,Processing
1347,1195,2023-11-01,Processing
1348,65,2023-01-19,Shipped
1349,606,2023-06-30,Shipped
1350,1402,2023-04-20,Cancelled
1351,1704,2023-10-15,Cancelled
1352,409,2023-07-02,Cancelled
1353,3296,2023-01-11,Cancelled
1354,849,2023-01-28,Shipped
1355,3099,2023-01-14,Shipped
1356,1625,2023-05-26,Processing
1357,1644,2023-03-27,Delivered
1358,4276,2023-08-19,Delivered
1359,4454,2023-11-05,Delivered
1360,3743,2023-04-19,Cancelled
1361,3495,2023-06-27,Processing
1362,3282,2023-05-28,Cancelled
1363,1038,2023-09-18,Delivered
1364,2977,2023-03-31,Delivered
1365,1088,2023-04-24,Shipped
1366,3321,2023-02-19,Shipped
1367,3472,2023-11-19,Delivered
1368,538,2023-06-25,Processing
1369,3678,2023-02-16,Shipped
1370,4648,2023-06-23,Processing
1371,2880,2023-11-26,Shipped
1372,3475,2023-09-09,Processing
1373,3268,2023-12-28,Delivered
1374,3850,2023-07-23,Cancelled
1375,1534,2023-06-30,Shipped
1376,1427,2023-11-25,Shipped
1377,729,2023-02-14,Delivered
1378,3086,2023-01-29,Shipped
1379,3889,2023-09-11,Cancelled
1380,1221,2023-06-30,Shipped
1381,2998,2023-12-15,Cancelled
1382,4440,2023-03-19,Cancelled
1383,290,2023-03-21,Delivered
1384,4375,2023-06-18,Cancelled
1385,488,2023-08-24,Delivered
1386,4573,2023-07-12,Shipped
1387,1735,2023-11-07,Delivered
1388,166,2023-01-21,Processing
1389,3986,2023-08-15,Delivered
1390,1420,2023-09-22,Delivered
1391,2736,2023-05-19,Cancelled
1392,3386,2023-05-15,Shipped
1393,1820,2023-05-30,Processing
1394,2081,2023-11-06,Delivered
1395,4629,2023-06-26,Shipped
1396,4930,2023-02-27,Delivered
1397,50,2023-09-16,Processing
1398,4838,2023-08-18,Delivered
1399,1548,2023-05-05,Cancelled
1400,4192,2023-08-20,Shipped
1401,3313,2023-10-29,Cancelled
1402,4177,2023-02-22,Cancelled
1403,3716,2023-08-16,Shipped
1404,3090,2023-10-10,Shipped
1405,4873,2023-03-23,Processing
1406,4449,2023-10-19,Shipped
1407,2130,2023-07-07,Processing
1408,3146,2023-06-17,Cancelled
1409,2557,2023-08-08,Cancelled
1410,936,2023-01-14,Shipped
1411,2658,2023-11-23,Cancelled
1412,3189,2023-09-30,Cancelled
1413,4912,2023-05-27,Shipped
1414,2719,2023-11-10,Cancelled
1415,3133,2023-12-14,Processing
1416,4341,2023-01-25,Cancelled
1417,3942,2023-11-15,Shipped
1418,752,2023-05-16,Cancelled
1419,700,2023-09-13,Cancelled
1420,3611,2023-04-03,Processing
1421,4066,2023-04-11,Shipped
1422,908,2023-04-16,Cancelled
1423,1932,2023-06-05,Shipped
1424,2310,2023-04-01,Cancelled
1425,1456,2023-02-17,Processing
1426,2146,2023-10-04,Delivered
1427,3684,2023-03-21,Shipped
1428,689,2023-02-01,Processing
1429,4803,2023-08-03,Processing
1430,3098,2023-10-23,Cancelled
1431,1779,2023-10-31,Shipped
1432,3624,2023-05-16,Processing
1433,664,2023-11-28,Cancelled
1434,4049,2023-04-29,Delivered
1435,1328,2023-01-29,Cancelled
1436,536,2023-07-21,Delivered
1437,1484,2023-03-27,Processing
1438,700,2023-04-09,Cancelled
1439,3916,2023-02-23,Processing
1440,2055,2023-03-28,Processing
1441,3932,2023-04-21,Delivered
1442,98,2023-05-27,Cancelled
1443,186,2023-11-26,Delivered
1444,3647,2023-08-27,Shipped
1445,2552,2023-03-27,Shipped
1446,1962,2023-09-28,Processing
1447,2424,2023-05-07,Cancelled
1448,890,2023-07-24,Shipped
1449,3306,2023-09-13,Cancelled
1450,3318,2023-01-03,Shipped
1451,4914,2023-07-16,Processing
1452,1782,2023-04-28,Processing
1453,48,2023-08-01,Shipped
1454,2456,2023-01-07,Delivered
1455,269,2023-05-26,Delivered
1456,98,2023-10-22,Delivered
1457,4715,2023-02-02,Cancelled
1458,1960,2023-02-25,Cancelled
1459,2887,2023-04-07,Delivered
1460,2813,2023-03-04,Cancelled
1461,1585,2023-08-01,Shipped
1462,2169,2023-01-05,Delivered
1463,467,2023-09-18,Cancelled
1464,2210,2023-08-14,Shipped
1465,2939,2023-06-13,Delivered
1466,1899,2023-12-06,Cancelled
1467,306,2023-05-06,Processing
1468,56,2023-05-23,Shipped
1469,4904,2023-06-19,Cancelled
1470,3848,2023-10-13,Cancelled
1471,826,2023-11-18,Cancelled
1472,2517,2023-03-13,Delivered
1473,1497,2023-03-10,Shipped
1474,3093,2023-07-08,Shipped
1475,4314,2023-04-19,Delivered
1476,4876,2023-06-22,Shipped
1477,2665,2023-01-16,Cancelled
1478,1566,2023-03-25,Shipped
1479,4209,2023-05-01,Shipped
1480,3758,2023-07-20,Shipped
1481,1247,2023-06-20,Shipped
1482,813,2023-12-01,Delivered
1483,1573,2023-04-25,Cancelled
1484,459,2023-09-19,Shipped
1485,4615,2023-06-01,Delivered
1486,722,2023-01-22,Shipped
1487,104,2023-08-22,Delivered
1488,2829,2023-04-19,Processing
1489,3246,2023-04-11,Delivered
1490,1211,2023-08-04,Delivered
1491,201,2023-06-13,Shipped
1492,4427,2023-03-09,Processing
1493,1945,2023-06-21,Delivered
1494,3456,2023-07-06,Cancelled
1495,3948,2023-01-30,Cancelled
1496,489,2023-08-26,Cancelled
1497,2299,2023-05-03,Shipped
1498,1264,2023-02-13,Shipped
1499,3531,2023-11-29,Delivered
1500,1528,2023-09-09,Shipped
1501,2089,2023-07-06,Shipped
1502,3092,2023-11-04,Cancelled
1503,3550,2023-08-30,Delivered
1504,2429,2023-05-03,Delivered
1505,136,2023-09-10,Cancelled
1506,3433,2023-11-06,Shipped
1507,784,2023-12-15,Cancelled
1508,2174,2023-05-28,Shipped
1509,44,2023-05-07,Processing
1510,731,2023-09-01,Shipped
1511,2519,2023-12-25,Delivered
1512,512,2023-07-06,Processing
1513,1614,2023-08-17,Delivered
1514,2108,2023-11-06,Cancelled
1515,2689,2023-07-16,Shipped
1516,2051,2023-07-25,Processing
1517,602,2023-02-17,Processing
1518,4539,2023-01-13,Shipped
1519,2524,2023-01-09,Processing
1520,2765,2023-07-16,Cancelled
1521,1088,2023-05-28,Shipped
1522,1612,2023-03-03,Processing
1523,3020,2023-11-11,Cancelled
1524,3338,2023-11-04,Shipped
1525,1420,2023-02-06,Processing
1526,4372,2023-10-02,Shipped
1527,3027,2023-11-18,Cancelled
1528,2976,2023-06-28,Cancelled
1529,4171,2023-02-24,Processing
1530,1513,2023-12-30,Processing
1531,234,2023-07-10,Shipped
1532,4537,2023-01-03,Delivered
1533,3890,2023-01-05,Processing
1534,3018,2023-11-05,Delivered
1535,640,2023-07-07,Cancelled
1536,4568,2023-07-23,Shipped
1537,4806,2023-06-27,Cancelled
1538,2045,2023-11-20,Cancelled
1539,2431,2023-01-11,Processing
1540,537,2023-09-19,Processing
1541,2068,2023-08-26,Processing
1542,4323,2023-10-28,Shipped
1543,3948,2023-04-12,Processing
1544,3855,2023-09-25,Cancelled
1545,3297,2023-07-28,Processing
1546,4139,2023-04-14,Delivered
1547,2554,2023-05-07,Delivered
1548,4267,2023-03-01,Cancelled
1549,1248,2023-08-27,Processing
1550,1,2023-01-16,Delivered
1551,1234,2023-01-24,Shipped
1552,1488,2023-10-26,Processing
1553,215,2023-04-28,Cancelled
1554,3754,2023-12-26,Delivered
1555,2828,2023-08-25,Delivered
1556,4792,2023-01-04,Processing
1557,4802,2023-02-24,Shipped
1558,4069,2023-02-08,Cancelled
1559,750,2023-02-06,Delivered
1560,858,2023-12-08,Delivered
1561,3871,2023-03-05,Shipped
1562,3388,2023-08-05,Delivered
1563,2940,2023-08-25,Cancelled
1564,2136,2023-04-24,Shipped
1565,3773,2023-10-09,Shipped
1566,3009,2023-12-02,Processing
1567,638,2023-02-26,Cancelled
1568,1399,2023-12-14,Processing
1569,567,2023-10-08,Cancelled
1570,3512,2023-10-01,Delivered
1571,1669,2023-06-11,Shipped
1572,1380,2023-12-04,Processing
1573,4767,2023-04-15,Shipped
1574,1409,2023-08-04,Cancelled
1575,4132,2023-01-08,Cancelled
1576,859,2023-12-09,Delivered
1577,2278,2023-07-19,Shipped
1578,293,2023-12-21,Cancelled
1579,1429,2023-05-26,Delivered
1580,884,2023-01-12,Shipped
1581,2730,2023-04-27,Shipped
1582,4424,2023-07-01,Processing
1583,1664,2023-11-24,Processing
1584,1522,2023-09-27,Cancelled
1585,895,2023-04-09,Processing
1586,2120,2023-09-04,Processing
1587,2329,2023-07-08,Processing
1588,4223,2023-04-29,Processing
1589,1379,2023-12-08,Shipped
1590,1240,2023-05-22,Shipped
1591,3581,2023-12-11,Processing
1592,167,2023-01-03,Delivered
1593,3397,2023-06-11,Processing
1594,4288,2023-08-12,Processing
1595,3561,2023-04-20,Shipped
1596,3478,2023-08-01,Processing
1597,4529,2023-06-15,Shipped
1598,4133,2023-05-21,Processing
1599,2206,2023-12-17,Cancelled
1600,3632,2023-12-31,Shipped
1601,53,2023-01-28,Cancelled
1602,4624,2023-04-22,Shipped
1603,3075,2023-10-20,Delivered
1604,4560,2023-09-21,Processing
1605,2078,2023-04-14,Processing
1606,2726,2023-09-18,Processing
1607,4431,2023-03-25,Shipped
1608,3440,2023-01-31,Delivered
1609,3176,2023-05-19,Delivered
1610,12,2023-11-24,Delivered
1611,4897,2023-06-07,Delivered
1612,4769,2023-08-06,Shipped
1613,4060,2023-08-15,Delivered
1614,134,2023-04-29,Processing
1615,3976,2023-12-29,Processing
1616,2834,2023-08-22,Delivered
1617,4876,2023-01-08,Shipped
1618,874,2023-08-01,Processing
1619,1392,2023-02-22,Cancelled
1620,3401,2023-12-19,Delivered
1621,2258,2023-02-15,Delivered
1622,419,2023-03-14,Processing
1623,214,2023-01-25,Processing
1624,1316,2023-12-09,Cancelled
1625,2454,2023-03-18,Shipped
1626,911,2023-03-07,Processing
1627,4294,2023-08-30,Shipped
1628,226,2023-09-25,Delivered
1629,2835,2023-12-07,Cancelled
1630,3421,2023-10-05,Cancelled
1631,1608,2023-06-30,Shipped
1632,4565,2023-08-02,Delivered
1633,2215,2023-12-30,Processing
1634,4937,2023-07-28,Cancelled
1635,62,2023-06-30,Shipped
1636,1028,2023-01-27,Cancelled
1637,3424,2023-02-05,Delivered
1638,1842,2023-10-11,Shipped
1639,3503,2023-02-25,Shipped
1640,4194,2023-07-10,Delivered
1641,4231,2023-10-02,Processing
1642,2990,2023-06-07,Delivered
1643,146,2023-12-10,Delivered
1644,1473,2023-09-05,Processing
1645,954,2023-11-08,Delivered
1646,1990,2023-12-20,Cancelled
1647,155,2023-07-07,Processing
1648,334,2023-08-17,Delivered
1649,1396,2023-03-11,Delivered
1650,1778,2023-05-29,Delivered
1651,1944,2023-01-13,Delivered
1652,4528,2023-03-15,Cancelled
1653,1566,2023-09-15,Cancelled
1654,2471,2023-05-10,Cancelled
1655,2452,2023-05-25,Processing
1656,2408,2023-08-19,Cancelled
1657,4098,2023-05-26,Shipped
1658,4355,2023-05-16,Shipped
1659,2347,2023-10-04,Shipped
1660,3837,2023-10-20,Processing
1661,1227,2023-07-01,Delivered
1662,2005,2023-07-23,Delivered
1663,4241,2023-03-28,Shipped
1664,1124,2023-05-13,Cancelled
1665,352,2023-02-07,Shipped
1666,26,2023-08-17,Shipped
1667,1494,2023-01-28,Cancelled
1668,1329,2023-11-06,Delivered
1669,3592,2023-09-22,Shipped
1670,3156,2023-06-14,Delivered
1671,4471,2023-01-27,Cancelled
1672,2519,2023-09-18,Delivered
1673,1755,2023-11-20,Delivered
1674,118,2023-03-14,Delivered
1675,362,2023-12-18,Processing
1676,1087,2023-06-18,Shipped
1677,1837,2023-09-27,Shipped
1678,1158,2023-02-12,Shipped
1679,1295,2023-06-04,Shipped
1680,1593,2023-05-09,Shipped
1681,1579,2023-05-17,Processing
1682,4123,2023-04-03,Processing
1683,1001,2023-09-02,Shipped
1684,2039,2023-02-09,Delivered
1685,2990,2023-04-06,Delivered
1686,2091,2023-12-02,Cancelled
1687,3749,2023-06-22,Delivered
1688,2830,2023-12-05,Cancelled
1689,3312,2023-07-02,Delivered
1690,3252,2023-10-26,Delivered
1691,3726,2023-06-01,Delivered
1692,1593,2023-05-27,Delivered
1693,3491,2023-09-15,Shipped
1694,1351,2023-08-07,Cancelled
1695,3175,2023-09-14,Cancelled
1696,4674,2023-06-12,Delivered
1697,2033,2023-07-13,Delivered
1698,3514,2023-03-24,Shipped
1699,3486,2023-10-14,Processing
1700,2642,2023-05-12,Processing
1701,3356,2023-12-01,Delivered
1702,4934,2023-05-02,Processing
1703,2117,2023-02-12,Cancelled
1704,4172,2023-05-09,Processing
1705,843,2023-12-01,Processing
1706,1836,2023-10-22,Delivered
1707,880,2023-09-16,Cancelled
1708,1715,2023-04-01,Shipped
1709,4177,2023-12-01,Processing
1710,847,2023-04-19,Processing
1711,3581,2023-09-13,Shipped
1712,2235,2023-11-26,Cancelled
1713,247,2023-11-10,Processing
1714,2178,2023-12-16,Delivered
1715,3,2023-10-18,Cancelled
1716,4857,2023-07-10,Delivered
1717,2762,2023-09-20,Shipped
1718,64,2023-10-28,Cancelled
1719,2401,2023-09-23,Delivered
1720,2103,2023-07-22,Delivered
1721,3199,2023-05-11,Shipped
1722,311,2023-01-06,Shipped
1723,2295,2023-08-25,Processing
1724,3829,2023-10-24,Delivered
1725,3930,2023-10-04,Shipped
1726,2418,2023-09-20,Delivered
1727,1414,2023-04-28,Shipped
1728,2544,2023-04-06,Delivered
1729,1482,2023-12-11,Cancelled
1730,2366,2023-05-16,Delivered
1731,2835,2023-09-07,Cancelled
1732,1266,2023-04-18,Processing
1733,4007,2023-09-02,Cancelled
1734,3328,2023-08-27,Shipped
1735,570,2023-11-24,Delivered
1736,4217,2023-03-07,Cancelled
1737,4036,2023-02-14,Shipped
1738,4576,2023-11-24,Processing
1739,2284,2023-03-03,Processing
1740,743,2023-11-27,Cancelled
1741,1855,2023-02-21,Cancelled
1742,3678,2023-07-29,Shipped
1743,3554,2023-01-08,Delivered
1744,782,2023-03-21,Cancelled
1745,1710,2023-04-06,Cancelled
1746,2184,2023-11-08,Delivered
1747,4066,2023-10-11,Processing
1748,4293,2023-02-14,Delivered
1749,4125,2023-02-07,Shipped
1750,2499,2023-12-24,Processing
1751,4589,2023-07-03,Processing
1752,3672,2023-02-28,Shipped
1753,1924,2023-02-20,Shipped
1754,1197,2023-02-10,Processing
1755,4961,2023-11-18,Shipped
1756,627,2023-12-22,Processing
1757,562,2023-10-31,Shipped
1758,4650,2023-01-04,Cancelled
1759,3673,2023-10-03,Processing
1760,312,2023-01-08,Delivered
1761,174,2023-10-21,Processing
1762,910,2023-05-02,Cancelled
1763,1606,2023-04-30,Processing
1764,3008,2023-01-04,Shipped
1765,3385,2023-09-23,Shipped
1766,749,2023-03-19,Delivered
1767,2108,2023-05-10,Cancelled
1768,3576,2023-03-08,Processing
1769,4870,2023-10-05,Processing
1770,867,2023-06-30,Shipped
1771,4153,2023-10-17,Shipped
1772,3045,2023-06-09,Delivered
1773,3137,2023-11-29,Cancelled
1774,913,2023-11-21,Cancelled
1775,3654,2023-07-09,Cancelled
1776,802,2023-11-23,Delivered
1777,1235,2023-04-26,Processing
1778,3175,2023-09-09,Processing
1779,3127,2023-03-21,Delivered
1780,2025,2023-05-19,Processing
1781,782,2023-03-15,Processing
1782,1892,2023-06-04,Cancelled
1783,4896,2023-01-05,Delivered
1784,957,2023-01-28,Processing
1785,1709,2023-06-26,Delivered
1786,3534,2023-06-07,Cancelled
1787,2575,2023-05-22,Delivered
1788,4744,2023-08-22,Delivered
1789,1867,2023-04-03,Shipped
1790,2104,2023-07-20,Shipped
1791,3040,2023-04-14,Delivered
1792,3298,2023-10-15,Processing
1793,2495,2023-11-18,Shipped
1794,463,2023-03-04,Shipped
1795,4703,2023-09-20,Processing
1796,4134,2023-09-29,Cancelled
1797,3948,2023-03-08,Cancelled
1798,960,2023-07-03,Cancelled
1799,3415,2023-02-07,Delivered
1800,2426,2023-08-29,Delivered
1801,3518,2023-06-15,Shipped
1802,1824,2023-06-07,Cancelled
1803,2828,2023-05-12,Delivered
1804,2955,2023-10-03,Processing
1805,929,2023-12-25,Delivered
1806,4663,2023-12-23,Delivered
1807,500,2023-04-01,Delivered
1808,3342,2023-08-24,Delivered
1809,2736,2023-09-30,Cancelled
1810,694,2023-11-18,Shipped
1811,1006,2023-10-30,Processing
1812,2011,2023-11-25,Processing
1813,231,2023-12-13,Processing
1814,4462,2023-10-12,Cancelled
1815,1508,2023-04-11,Processing
1816,395,2023-06-02,Processing
1817,431,2023-03-17,Cancelled
1818,4997,2023-05-25,Shipped
1819,1074,2023-06-03,Cancelled
1820,4009,2023-12-13,Delivered
1821,821,2023-01-16,Processing
1822,2426,2023-08-22,Processing
1823,1421,2023-01-24,Cancelled
1824,922,2023-01-31,Cancelled
1825,3646,2023-06-26,Shipped
1826,2109,2023-03-25,Shipped
1827,4416,2023-05-13,Shipped
1828,4887,2023-06-21,Cancelled
1829,280,2023-09-12,Shipped
1830,1534,2023-05-13,Processing
1831,4292,2023-10-01,Cancelled
1832,3694,2023-04-08,Delivered
1833,3281,2023-05-27,Shipped
1834,3343,2023-05-17,Delivered
1835,2817,2023-01-19,Cancelled
1836,3408,2023-12-07,Shipped
1837,3715,2023-09-13,Delivered
1838,3299,2023-10-28,Processing
1839,2831,2023-08-16,Cancelled
1840,2052,2023-07-02,Shipped
1841,2950,2023-10-28,Cancelled
1842,1724,2023-06-11,Shipped
1843,1038,2023-08-02,Cancelled
1844,314,2023-07-07,Delivered
1845,3751,2023-02-17,Processing
1846,591,2023-11-26,Processing
1847,3159,2023-08-22,Delivered
1848,3656,2023-01-28,Shipped
1849,1704,2023-01-08,Shipped
1850,2404,2023-07-21,Delivered
1851,310,2023-07-08,Shipped
1852,709,2023-03-28,Processing
1853,2788,2023-04-25,Processing
1854,2414,2023-10-06,Shipped
1855,3236,2023-07-12,Processing
1856,4462,2023-07-19,Delivered
1857,2829,2023-02-21,Shipped
1858,2650,2023-06-06,Delivered
1859,2107,2023-04-08,Cancelled
1860,271,2023-11-08,Delivered
1861,2045,2023-11-24,Delivered
1862,2142,2023-03-15,Cancelled
1863,1008,2023-03-15,Delivered
1864,2581,2023-05-03,Cancelled
1865,819,2023-03-16,Processing
1866,1247,2023-02-03,Shipped
1867,4980,2023-09-20,Delivered
1868,1897,2023-11-03,Delivered
1869,3856,2023-12-13,Delivered
1870,3858,2023-04-23,Shipped
1871,4241,2023-06-05,Shipped
1872,666,2023-06-02,Processing
1873,3548,2023-01-01,Shipped
1874,145,2023-12-20,Shipped
1875,829,2023-06-01,Delivered
1876,2253,2023-08-19,Delivered
1877,1987,2023-08-28,Shipped
1878,1725,2023-05-31,Delivered
1879,4202,2023-10-05,Delivered
1880,4152,2023-03-24,Cancelled
1881,79,2023-12-14,Shipped
1882,1832,2023-11-04,Shipped
1883,3324,2023-02-02,Shipped
1884,4313,2023-04-19,Delivered
1885,291,2023-03-21,Cancelled
1886,2307,2023-12-31,Cancelled
1887,3369,2023-12-04,Processing
1888,1228,2023-05-16,Shipped
1889,3528,2023-04-24,Shipped
1890,4640,2023-07-20,Cancelled
1891,32,2023-10-11,Shipped
1892,4397,2023-07-28,Cancelled
1893,1085,2023-07-20,Cancelled
1894,4406,2023-04-02,Cancelled
1895,1804,2023-12-19,Shipped
1896,3843,2023-05-20,Processing
1897,772,2023-04-03,Shipped
1898,2548,2023-02-25,Delivered
1899,534,2023-10-06,Shipped
1900,3241,2023-05-28,Shipped
1901,3590,2023-01-25,Cancelled
1902,3570,2023-05-21,Shipped
1903,488,2023-11-02,Delivered
1904,4724,2023-10-24,Processing
1905,4746,2023-04-22,Processing
1906,3786,2023-09-23,Shipped
1907,3752,2023-07-02,Delivered
1908,399,2023-03-05,Processing
1909,825,2023-09-06,Delivered
1910,3424,2023-12-10,Cancelled
1911,3381,2023-11-03,Shipped
1912,48,2023-09-28,Processing
1913,19,2023-09-18,Delivered
1914,739,2023-07-19,Delivered
1915,3498,2023-05-21,Cancelled
1916,730,2023-06-07,Delivered
1917,4208,2023-01-15,Cancelled
1918,914,2023-12-20,Shipped
1919,766,2023-07-06,Processing
1920,4720,2023-05-07,Cancelled
1921,950,2023-02-22,Cancelled
1922,2938,2023-01-06,Shipped
1923,714,2023-07-06,Cancelled
1924,3940,2023-02-09,Shipped
1925,4890,2023-01-07,Processing
1926,2044,2023-10-02,Shipped
1927,1157,2023-01-06,Processing
1928,4441,2023-07-09,Processing
1929,1927,2023-09-17,Processing
1930,2190,2023-05-26,Cancelled
1931,556,2023-03-14,Processing
1932,3161,2023-12-13,Shipped
1933,2605,2023-05-03,Cancelled
1934,4101,2023-12-29,Shipped
1935,2844,2023-02-12,Shipped
1936,4846,2023-03-29,Delivered
1937,3618,2023-02-15,Processing
1938,3207,2023-10-13,Shipped
1939,199,2023-07-07,Processing
1940,293,2023-12-26,Cancelled
1941,2960,2023-03-30,Cancelled
1942,532,2023-10-05,Shipped
1943,4513,2023-11-23,Delivered
1944,616,2023-01-09,Delivered
1945,2193,2023-04-07,Delivered
1946,3014,2023-08-24,Processing
1947,4756,2023-12-25,Cancelled
1948,2009,2023-10-02,Cancelled
1949,4434,2023-02-08,Cancelled
1950,1758,2023-03-26,Delivered
1951,2947,2023-07-05,Delivered
1952,948,2023-01-04,Processing
1953,3863,2023-04-12,Delivered
1954,2024,2023-02-02,Shipped
1955,735,2023-08-22,Cancelled
1956,3783,2023-09-30,Cancelled
1957,3893,2023-10-10,Cancelled
1958,4766,2023-07-10,Cancelled
1959,57,2023-07-20,Processing
1960,666,2023-01-07,Cancelled
1961,248,2023-06-17,Cancelled
1962,481,2023-09-17,Delivered
1963,2099,2023-07-10,Cancelled
1964,1586,2023-01-28,Processing
1965,2645,2023-06-10,Delivered
1966,1920,2023-11-04,Cancelled
1967,3257,2023-11-04,Cancelled
1968,2233,2023-06-12,Cancelled
1969,663,2023-03-17,Shipped
1970,3763,2023-11-29,Delivered
1971,1617,2023-08-06,Cancelled
1972,1581,2023-10-27,Cancelled
1973,1700,2023-11-26,Delivered
1974,4499,2023-02-05,Shipped
1975,3991,2023-07-17,Shipped
1976,3683,2023-09-22,Processing
1977,1408,2023-01-29,Cancelled
1978,2030,2023-08-05,Shipped
1979,4345,2023-11-23,Cancelled
1980,3102,2023-08-22,Cancelled
1981,4206,2023-12-15,Delivered
1982,2806,2023-01-25,Cancelled
1983,3993,2023-04-01,Shipped
1984,4430,2023-07-30,Processing
1985,3264,2023-01-24,Processing
1986,40,2023-11-14,Cancelled
1987,810,2023-09-29,Processing
1988,1204,2023-04-14,Shipped
1989,2231,2023-08-01,Processing
1990,179,2023-06-27,Processing
1991,1124,2023-09-10,Shipped
1992,4425,2023-08-27,Delivered
1993,4210,2023-04-09,Cancelled
1994,4077,2023-12-26,Processing
1995,2113,2023-02-24,Shipped
1996,3744,2023-12-01,Shipped
1997,4157,2023-04-06,Delivered
1998,279,2023-10-18,Processing
1999,3490,2023-03-23,Processing
2000,1737,2023-11-26,Delivered
2001,1114,2023-09-11,Processing
2002,3612,2023-01-22,Cancelled
2003,4570,2023-12-25,Delivered
2004,1795,2023-01-31,Cancelled
2005,4562,2023-04-11,Delivered
2006,4762,2023-12-24,Cancelled
2007,1037,2023-06-24,Shipped
2008,429,2023-10-24,Processing
2009,2213,2023-10-25,Shipped
2010,1683,2023-12-11,Processing
2011,2398,2023-07-09,Delivered
2012,2790,2023-03-18,Cancelled
2013,4774,2023-05-29,Delivered
2014,4131,2023-05-26,Delivered
2015,4087,2023-10-27,Processing
2016,320,2023-08-25,Cancelled
2017,1205,2023-08-21,Cancelled
2018,2084,2023-12-30,Processing
2019,4851,2023-09-20,Shipped
2020,1453,2023-01-06,Processing
2021,3566,2023-10-22,Shipped
2022,1789,2023-04-02,Delivered
2023,4242,2023-12-31,Processing
2024,2353,2023-06-05,Processing
2025,4342,2023-08-30,Delivered
2026,114,2023-09-30,Processing
2027,3468,2023-10-09,Shipped
2028,2670,2023-03-16,Cancelled
2029,3360,2023-05-26,Cancelled
2030,2328,2023-07-14,Cancelled
2031,1675,2023-09-04,Shipped
2032,2300,2023-09-16,Delivered
2033,2102,2023-10-28,Processing
2034,3230,2023-02-12,Shipped
2035,1779,2023-08-16,Shipped
2036,1674,2023-09-11,Processing
2037,1260,2023-04-04,Processing
2038,2734,2023-03-28,Cancelled
2039,4266,2023-08-15,Delivered
2040,4349,2023-12-19,Processing
2041,1089,2023-08-25,Processing
2042,843,2023-06-18,Cancelled
2043,4168,2023-04-04,Cancelled
2044,2477,2023-11-09,Delivered
2045,843,2023-04-19,Shipped
2046,1848,2023-10-29,Shipped
2047,3054,2023-12-04,Cancelled
2048,4274,2023-06-12,Delivered
2049,4456,2023-06-16,Delivered
2050,2282,2023-01-27,Shipped
2051,1094,2023-06-22,Delivered
2052,3514,2023-03-23,Cancelled
2053,4872,2023-09-20,Shipped
2054,424,2023-09-21,Cancelled
2055,2686,2023-12-31,Shipped
2056,3936,2023-08-26,Processing
2057,4928,2023-01-16,Cancelled
2058,2331,2023-10-10,Delivered
2059,3615,2023-01-29,Cancelled
2060,2821,2023-02-14,Shipped
2061,3318,2023-06-01,Processing
2062,4551,2023-11-16,Cancelled
2063,3024,2023-03-05,Shipped
2064,3332,2023-07-24,Shipped
2065,1990,2023-01-22,Processing
2066,2046,2023-02-01,Delivered
2067,3157,2023-06-07,Cancelled
2068,1209,2023-08-03,Shipped
2069,3027,2023-06-08,Processing
2070,1586,2023-08-11,Delivered
2071,3279,2023-09-20,Shipped
2072,2182,2023-05-18,Shipped
2073,2794,2023-01-27,Delivered
2074,4861,2023-09-19,Processing
2075,1977,2023-10-04,Delivered
2076,1410,2023-03-15,Shipped
2077,4648,2023-11-15,Shipped
2078,111,2023-08-19,Delivered
2079,436,2023-06-30,Processing
2080,4059,2023-06-10,Shipped
2081,951,2023-01-05,Processing
2082,1282,2023-09-17,Cancelled
2083,106,2023-10-15,Delivered
2084,940,2023-06-18,Shipped
2085,975,2023-12-18,Processing
2086,367,2023-06-18,Shipped
2087,4543,2023-10-24,Processing
2088,2771,2023-10-23,Shipped
2089,185,2023-09-03,Shipped
2090,3869,2023-11-01,Processing
2091,892,2023-06-05,Cancelled
2092,4115,2023-02-06,Processing
2093,3135,2023-06-06,Shipped
2094,2147,2023-01-28,Delivered
2095,4908,2023-06-11,Shipped
2096,2439,2023-12-09,Delivered
2097,726,2023-10-29,Delivered
2098,2581,2023-09-05,Shipped
2099,2960,2023-08-30,Delivered
2100,1767,2023-10-01,Cancelled
2101,4681,2023-03-24,Cancelled
2102,4933,2023-11-05,Shipped
2103,3673,2023-08-02,Processing
2104,82,2023-11-06,Delivered
2105,4205,2023-12-22,Shipped
2106,949,2023-11-17,Shipped
2107,1984,2023-11-25,Delivered
2108,140,2023-10-24,Processing
2109,3226,2023-06-19,Cancelled
2110,1469,2023-09-27,Processing
2111,2221,2023-10-09,Processing
2112,4557,2023-11-13,Processing
2113,692,2023-01-21,Cancelled
2114,4675,2023-11-03,Cancelled
2115,3815,2023-06-16,Delivered
2116,1637,2023-03-29,Delivered
2117,2199,2023-10-18,Delivered
2118,94,2023-05-16,Shipped
2119,4564,2023-06-17,Cancelled
2120,855,2023-01-25,Processing
2121,3724,2023-06-18,Processing
2122,519,2023-11-06,Processing
2123,4168,2023-02-18,Processing
2124,422,2023-11-20,Cancelled
2125,2365,2023-10-15,Delivered
2126,989,2023-08-21,Processing
2127,2733,2023-10-05,Shipped
2128,1237,2023-02-10,Cancelled
2129,4493,2023-01-20,Delivered
2130,646,2023-04-24,Shipped
2131,2336,2023-12-18,Delivered
2132,3726,2023-10-28,Shipped
2133,2855,2023-04-11,Processing
2134,2829,2023-07-26,Cancelled
2135,3218,2023-03-13,Shipped
2136,2639,2023-11-23,Delivered
2137,2891,2023-02-04,Cancelled
2138,1272,2023-10-11,Shipped
2139,1583,2023-12-11,Shipped
2140,2101,2023-12-09,Processing
2141,232,2023-10-07,Cancelled
2142,2988,2023-03-19,Shipped
2143,334,2023-08-28,Cancelled
2144,2210,2023-03-27,Delivered
2145,746,2023-05-08,Cancelled
2146,1104,2023-03-23,Processing
2147,4739,2023-01-16,Shipped
2148,3099,2023-08-14,Delivered
2149,2123,2023-02-01,Processing
2150,581,2023-06-08,Shipped
2151,2743,2023-05-18,Shipped
2152,3486,2023-09-02,Shipped
2153,2861,2023-10-05,Processing
2154,3022,2023-03-22,Cancelled
2155,2824,2023-06-05,Processing
2156,2536,2023-08-27,Cancelled
2157,2870,2023-08-23,Cancelled
2158,4460,2023-07-03,Delivered
2159,1038,2023-08-13,Cancelled
2160,4389,2023-04-15,Shipped
2161,542,2023-05-12,Delivered
2162,4185,2023-07-30,Processing
2163,63,2023-04-22,Processing
2164,4065,2023-07-04,Delivered
2165,4139,2023-03-20,Shipped
2166,1157,2023-05-12,Delivered
2167,3399,2023-05-04,Shipped
2168,795,2023-12-18,Processing
2169,1607,2023-10-22,Cancelled
2170,4620,2023-07-26,Cancelled
2171,1317,2023-08-11,Processing
2172,4247,2023-09-15,Delivered
2173,3073,2023-12-28,Processing
2174,1157,2023-10-14,Delivered
2175,445,2023-05-20,Processing
2176,2591,2023-01-31,Shipped
2177,2773,2023-06-23,Processing
2178,3193,2023-01-12,Processing
2179,2405,2023-02-23,Cancelled
2180,4842,2023-12-13,Processing
2181,1914,2023-06-28,Delivered
2182,718,2023-01-06,Processing
2183,898,2023-06-10,Delivered
2184,525,2023-10-05,Delivered
2185,2135,2023-01-11,Delivered
2186,3038,2023-06-14,Cancelled
2187,1993,2023-07-08,Processing
2188,4365,2023-03-31,Shipped
2189,1763,2023-04-21,Delivered
2190,4478,2023-07-25,Shipped
2191,2575,2023-08-22,Delivered
2192,2944,2023-06-08,Shipped
2193,1726,2023-08-26,Shipped
2194,1353,2023-11-15,Cancelled
2195,3757,2023-02-25,Cancelled
2196,1970,2023-10-03,Cancelled
2197,4163,2023-09-13,Cancelled
2198,1915,2023-12-28,Delivered
2199,3498,2023-01-30,Cancelled
2200,1059,2023-09-17,Shipped
2201,3240,2023-05-13,Cancelled
2202,235,2023-01-29,Processing
2203,3806,2023-08-21,Cancelled
2204,2809,2023-12-31,Cancelled
2205,3505,2023-05-30,Delivered
2206,4226,2023-01-22,Delivered
2207,4791,2023-06-09,Delivered
2208,317,2023-09-25,Cancelled
2209,1439,2023-08-04,Delivered
2210,4650,2023-11-10,Delivered
2211,2316,2023-08-09,Shipped
2212,2269,2023-09-04,Shipped
2213,2922,2023-12-22,Cancelled
2214,1608,2023-02-16,Delivered
2215,292,2023-02-18,Shipped
2216,249,2023-04-27,Processing
2217,2003,2023-11-27,Cancelled
2218,3370,2023-12-31,Delivered
2219,3421,2023-10-19,Processing
2220,3349,2023-09-04,Shipped
2221,3010,2023-01-03,Cancelled
2222,881,2023-06-10,Delivered
2223,3962,2023-04-13,Cancelled
2224,1384,2023-07-13,Delivered
2225,884,2023-02-19,Cancelled
2226,2070,2023-06-15,Cancelled
2227,1603,2023-04-17,Delivered
2228,4575,2023-10-05,Cancelled
2229,4297,2023-02-18,Shipped
2230,2604,2023-03-21,Delivered
2231,363,2023-09-11,Delivered
2232,1160,2023-07-24,Shipped
2233,539,2023-03-07,Delivered
2234,4946,2023-03-02,Cancelled
2235,2228,2023-01-20,Delivered
2236,3786,2023-05-10,Shipped
2237,368,2023-01-31,Shipped
2238,1931,2023-08-27,Cancelled
2239,3835,2023-06-18,Delivered
2240,1852,2023-09-08,Delivered
2241,820,2023-09-09,Delivered
2242,3419,2023-09-19,Delivered
2243,2620,2023-09-10,Delivered
2244,2194,2023-08-13,Processing
2245,3967,2023-08-13,Cancelled
2246,2000,2023-02-02,Delivered
2247,848,2023-08-24,Delivered
2248,2099,2023-07-25,Delivered
2249,1157,2023-08-27,Delivered
2250,2523,2023-03-27,Cancelled
2251,4537,2023-05-21,Processing
2252,1666,2023-05-30,Delivered
2253,2895,2023-03-29,Delivered
2254,2877,2023-05-25,Processing
2255,1428,2023-01-13,Processing
2256,489,2023-10-14,Shipped
2257,4524,2023-01-15,Shipped
2258,4579,2023-06-01,Processing
2259,1083,2023-02-28,Delivered
2260,569,2023-03-23,Delivered
2261,1389,2023-07-05,Cancelled
2262,2652,2023-02-13,Shipped
2263,3038,2023-02-05,Cancelled
2264,4008,2023-02-16,Delivered
2265,4426,2023-08-18,Shipped
2266,2311,2023-01-12,Delivered
2267,2325,2023-01-06,Delivered
2268,899,2023-07-25,Processing
2269,1196,2023-08-24,Processing
2270,3528,2023-05-19,Delivered
2271,2628,2023-08-11,Shipped
2272,1300,2023-01-16,Processing
2273,1355,2023-12-25,Cancelled
2274,2571,2023-09-06,Processing
2275,998,2023-10-02,Delivered
2276,2379,2023-06-10,Delivered
2277,4369,2023-09-13,Shipped
2278,1506,2023-09-01,Processing
2279,2279,2023-06-25,Cancelled
2280,1962,2023-07-20,Delivered
2281,3546,2023-07-04,Shipped
2282,1589,2023-02-10,Processing
2283,482,2023-07-21,Cancelled
2284,1420,2023-04-12,Processing
2285,2492,2023-03-31,Delivered
2286,190,2023-10-30,Delivered
2287,3240,2023-12-22,Processing
2288,4758,2023-02-15,Cancelled
2289,2422,2023-06-10,Cancelled
2290,173,2023-10-05,Processing
2291,838,2023-09-27,Cancelled
2292,2203,2023-07-23,Shipped
2293,4681,2023-10-18,Delivered
2294,2038,2023-04-13,Cancelled
2295,2948,2023-08-25,Cancelled
2296,1456,2023-08-01,Shipped
2297,2023,2023-12-02,Delivered
2298,1382,2023-10-19,Delivered
2299,1608,2023-12-14,Delivered
2300,4734,2023-11-22,Shipped
2301,2668,2023-05-20,Shipped
2302,4673,2023-01-12,Processing
2303,4306,2023-10-30,Delivered
2304,1242,2023-09-10,Processing
2305,982,2023-08-16,Processing
2306,3203,2023-03-04,Delivered
2307,1002,2023-04-19,Cancelled
2308,1382,2023-05-02,Cancelled
2309,1889,2023-09-22,Shipped
2310,3700,2023-10-18,Delivered
2311,3800,2023-04-24,Delivered
2312,2888,2023-09-14,Processing
2313,2855,2023-06-18,Shipped
2314,436,2023-03-08,Shipped
2315,1401,2023-08-16,Delivered
2316,2355,2023-04-25,Processing
2317,4747,2023-02-01,Shipped
2318,3690,2023-11-26,Cancelled
2319,2741,2023-05-07,Cancelled
2320,2265,2023-11-09,Shipped
2321,4680,2023-04-02,Delivered
2322,1548,2023-03-01,Shipped
2323,4845,2023-10-31,Shipped
2324,1519,2023-03-12,Cancelled
2325,4252,2023-04-17,Cancelled
2326,2934,2023-05-22,Cancelled
2327,1760,2023-01-31,Processing
2328,1855,2023-12-22,Delivered
2329,159,2023-08-20,Shipped
2330,4500,2023-04-12,Cancelled
2331,203,2023-06-05,Cancelled
2332,3886,2023-04-19,Shipped
2333,3635,2023-10-25,Processing
2334,4748,2023-12-16,Shipped
2335,466,2023-03-24,Shipped
2336,3532,2023-05-31,Delivered
2337,3257,2023-02-02,Delivered
2338,240,2023-03-06,Processing
2339,3790,2023-05-16,Delivered
2340,4850,2023-11-13,Shipped
2341,984,2023-02-11,Delivered
2342,490,2023-12-29,Delivered
2343,3433,2023-07-29,Cancelled
2344,1298,2023-02-09,Cancelled
2345,2751,2023-11-30,Processing
2346,4025,2023-12-06,Processing
2347,1360,2023-09-25,Cancelled
2348,3456,2023-02-26,Shipped
2349,2778,2023-03-23,Shipped
2350,4565,2023-12-08,Shipped
2351,2273,2023-11-26,Processing
2352,3773,2023-06-19,Shipped
2353,1162,2023-08-30,Processing
2354,2912,2023-04-20,Processing
2355,3528,2023-04-08,Processing
2356,4245,2023-01-21,Processing
2357,229,2023-08-30,Delivered
2358,2394,2023-01-16,Processing
2359,4700,2023-01-15,Shipped
2360,4697,2023-12-23,Delivered
2361,2528,2023-06-09,Delivered
2362,4433,2023-02-02,Processing
2363,1130,2023-08-08,Processing
2364,1065,2023-09-27,Delivered
2365,800,2023-03-28,Shipped
2366,2489,2023-07-11,Shipped
2367,2636,2023-04-01,Shipped
2368,2794,2023-01-07,Cancelled
2369,2508,2023-08-03,Processing
2370,1686,2023-09-23,Processing
2371,3638,2023-02-16,Cancelled
2372,1934,2023-09-24,Processing
2373,1177,2023-03-13,Cancelled
2374,1925,2023-03-10,Processing
2375,3119,2023-12-16,Processing
2376,1492,2023-10-27,Shipped
2377,2000,2023-09-17,Cancelled
2378,4928,2023-07-21,Cancelled
2379,1965,2023-10-26,Cancelled
2380,4338,2023-04-15,Processing
2381,2696,2023-12-30,Delivered
2382,1455,2023-05-25,Delivered
2383,3600,2023-05-24,Shipped
2384,391,2023-10-19,Shipped
2385,388,2023-04-19,Cancelled
2386,3496,2023-03-27,Delivered
2387,58,2023-02-08,Processing
2388,4668,2023-01-01,Processing
2389,3401,2023-03-31,Shipped
2390,4702,2023-11-19,Delivered
2391,723,2023-06-12,Cancelled
2392,878,2023-12-03,Delivered
2393,4298,2023-12-28,Cancelled
2394,1139,2023-05-08,Shipped
2395,486,2023-09-29,Delivered
2396,916,2023-10-31,Shipped
2397,2077,2023-01-23,Shipped
2398,388,2023-06-13,Delivered
2399,2966,2023-10-12,Shipped
2400,393,2023-06-27,Cancelled
2401,2092,2023-11-16,Processing
2402,2214,2023-04-12,Shipped
2403,4764,2023-08-31,Delivered
2404,2013,2023-12-04,Processing
2405,2614,2023-04-01,Processing
2406,2953,2023-07-01,Processing
2407,3621,2023-10-04,Shipped
2408,924,2023-12-12,Delivered
2409,428,2023-08-17,Shipped
2410,4942,2023-11-23,Processing
2411,1444,2023-04-06,Shipped
2412,140,2023-01-09,Cancelled
2413,3359,2023-04-08,Shipped
2414,4652,2023-11-24,Delivered
2415,2102,2023-01-31,Shipped
2416,2142,2023-11-10,Processing
2417,2054,2023-09-24,Shipped
2418,3019,2023-03-03,Cancelled
2419,1490,2023-06-04,Processing
2420,1093,2023-12-21,Shipped
2421,4459,2023-02-08,Cancelled
2422,1072,2023-03-17,Delivered
2423,249,2023-07-27,Delivered
2424,3642,2023-03-07,Cancelled
2425,181,2023-06-24,Processing
2426,4735,2023-01-29,Cancelled
2427,2788,2023-08-01,Cancelled
2428,3676,2023-12-25,Cancelled
2429,1196,2023-02-09,Cancelled
2430,81,2023-12-16,Shipped
2431,1041,2023-05-22,Processing
2432,2368,2023-04-25,Shipped
2433,3445,2023-03-25,Delivered
2434,3290,2023-05-04,Shipped
2435,1618,2023-01-06,Cancelled
2436,3848,2023-11-16,Processing
2437,37,2023-07-30,Processing
2438,3695,2023-11-24,Processing
2439,3604,2023-10-18,Processing
2440,3407,2023-06-09,Shipped
2441,909,2023-05-26,Processing
2442,2910,2023-04-05,Shipped
2443,1141,2023-07-17,Cancelled
2444,128,2023-06-20,Processing
2445,2437,2023-02-01,Shipped
2446,4269,2023-02-11,Processing
2447,436,2023-11-25,Shipped
2448,572,2023-03-25,Delivered
2449,4529,2023-11-10,Delivered
2450,425,2023-05-06,Shipped
2451,4766,2023-03-16,Shipped
2452,2513,2023-04-30,Cancelled
2453,3302,2023-10-29,Processing
2454,3922,2023-11-18,Shipped
2455,3785,2023-10-13,Delivered
2456,4798,2023-02-21,Shipped
2457,1622,2023-10-01,Cancelled
2458,3973,2023-02-08,Shipped
2459,3859,2023-02-12,Processing
2460,3937,2023-06-19,Processing
2461,4774,2023-01-01,Delivered
2462,4439,2023-04-30,Shipped
2463,3818,2023-12-24,Shipped
2464,1905,2023-11-27,Processing
2465,320,2023-06-09,Cancelled
2466,605,2023-04-30,Cancelled
2467,3318,2023-07-17,Cancelled
2468,495,2023-10-19,Processing
2469,2585,2023-04-22,Delivered
2470,1030,2023-05-20,Cancelled
2471,14,2023-03-05,Shipped
2472,2847,2023-12-06,Shipped
2473,1167,2023-08-12,Processing
2474,653,2023-12-27,Processing
2475,320,2023-12-08,Delivered
2476,3856,2023-02-28,Shipped
2477,948,2023-08-11,Cancelled
2478,392,2023-01-21,Shipped
2479,1132,2023-04-30,Delivered
2480,2352,2023-07-25,Shipped
2481,4254,2023-11-19,Shipped
2482,4186,2023-10-24,Cancelled
2483,4856,2023-07-26,Delivered
2484,2508,2023-08-06,Shipped
2485,905,2023-10-16,Delivered
2486,1911,2023-01-01,Processing
2487,4544,2023-03-02,Delivered
2488,1418,2023-03-24,Delivered
2489,4703,2023-12-20,Shipped
2490,3778,2023-11-14,Shipped
2491,2095,2023-04-15,Cancelled
2492,1803,2023-02-04,Shipped
2493,4612,2023-03-26,Cancelled
2494,3414,2023-05-12,Processing
2495,427,2023-11-21,Delivered
2496,4204,2023-09-09,Processing
2497,3044,2023-01-07,Processing
2498,4945,2023-02-13,Cancelled
2499,847,2023-02-04,Delivered
2500,772,2023-12-07,Cancelled
2501,1763,2023-08-07,Cancelled
2502,4931,2023-10-04,Processing
2503,1585,2023-01-03,Shipped
2504,2628,2023-10-20,Delivered
2505,2755,2023-04-19,Cancelled
2506,831,2023-10-02,Processing
2507,2339,2023-02-08,Processing
2508,3534,2023-04-06,Delivered
2509,2157,2023-12-17,Shipped
2510,2975,2023-05-23,Delivered
2511,3467,2023-03-09,Processing
2512,3206,2023-08-04,Cancelled
2513,149,2023-02-07,Shipped
2514,3954,2023-08-20,Shipped
2515,4101,2023-10-23,Shipped
2516,3191,2023-08-14,Shipped
2517,1735,2023-03-11,Processing
2518,2455,2023-02-13,Shipped
2519,4931,2023-10-25,Delivered
2520,3136,2023-03-31,Delivered
2521,63,2023-07-19,Shipped
2522,1689,2023-05-12,Delivered
2523,4161,2023-05-03,Shipped
2524,2343,2023-11-06,Delivered
2525,230,2023-10-21,Cancelled
2526,2137,2023-12-30,Delivered
2527,981,2023-04-17,Processing
2528,312,2023-10-22,Delivered
2529,4209,2023-10-12,Shipped
2530,782,2023-03-01,Delivered
2531,307,2023-11-28,Delivered
2532,2783,2023-03-20,Cancelled
2533,4624,2023-02-13,Shipped
2534,413,2023-09-12,Cancelled
2535,4696,2023-01-16,Processing
2536,2109,2023-01-21,Cancelled
2537,2780,2023-04-14,Delivered
2538,3314,2023-09-15,Shipped
2539,2525,2023-01-22,Processing
2540,2583,2023-11-30,Processing
2541,693,2023-12-27,Cancelled
2542,2887,2023-05-11,Shipped
2543,4179,2023-01-23,Shipped
2544,1640,2023-12-10,Delivered
2545,3431,2023-11-16,Cancelled
2546,4575,2023-01-07,Delivered
2547,2770,2023-05-24,Cancelled
2548,2768,2023-05-28,Processing
2549,3813,2023-06-24,Shipped
2550,152,2023-09-11,Shipped
2551,4172,2023-08-23,Delivered
2552,3102,2023-10-09,Delivered
2553,4992,2023-01-06,Cancelled
2554,2793,2023-06-08,Cancelled
2555,3711,2023-11-17,Delivered
2556,4581,2023-03-20,Cancelled
2557,3912,2023-07-20,Shipped
2558,359,2023-04-17,Cancelled
2559,4851,2023-07-29,Delivered
2560,3942,2023-04-23,Shipped
2561,1711,2023-12-11,Shipped
2562,3498,2023-06-30,Processing
2563,2178,2023-11-12,Cancelled
2564,675,2023-08-16,Processing
2565,4530,2023-12-17,Processing
2566,1855,2023-08-04,Shipped
2567,2512,2023-01-20,Processing
2568,3984,2023-07-17,Delivered
2569,976,2023-03-31,Shipped
2570,4159,2023-06-30,Delivered
2571,3077,2023-12-08,Shipped
2572,4909,2023-08-23,Shipped
2573,2132,2023-07-11,Cancelled
2574,4991,2023-09-08,Cancelled
2575,935,2023-05-07,Delivered
2576,1280,2023-07-28,Delivered
2577,1947,2023-01-08,Processing
2578,1842,2023-12-13,Shipped
2579,2123,2023-03-24,Delivered
2580,2059,2023-09-18,Cancelled
2581,3540,2023-02-18,Processing
2582,3870,2023-03-10,Cancelled
2583,903,2023-07-24,Shipped
2584,4628,2023-02-23,Shipped
2585,2711,2023-12-15,Cancelled
2586,815,2023-10-21,Processing
2587,4277,2023-10-13,Shipped
2588,476,2023-01-17,Delivered
2589,1768,2023-03-21,Delivered
2590,1086,2023-09-13,Processing
2591,1340,2023-12-01,Cancelled
2592,1154,2023-07-12,Shipped
2593,262,2023-03-30,Delivered
2594,1213,2023-04-16,Cancelled
2595,303,2023-07-17,Shipped
2596,4092,2023-10-14,Processing
2597,1210,2023-05-03,Shipped
2598,117,2023-11-06,Cancelled
2599,1888,2023-11-30,Cancelled
2600,1144,2023-06-03,Cancelled
2601,2492,2023-10-03,Delivered
2602,2431,2023-07-15,Shipped
2603,4879,2023-06-05,Shipped
2604,1274,2023-05-26,Processing
2605,2274,2023-06-24,Cancelled
2606,3248,2023-05-23,Cancelled
2607,3388,2023-03-12,Delivered
2608,3162,2023-10-24,Shipped
2609,4205,2023-01-14,Processing
2610,4242,2023-05-13,Shipped
2611,1255,2023-09-01,Delivered
2612,3455,2023-10-08,Delivered
2613,150,2023-08-08,Delivered
2614,4129,2023-01-31,Processing
2615,1894,2023-03-20,Processing
2616,3686,2023-09-10,Delivered
2617,679,2023-02-15,Delivered
2618,4332,2023-10-22,Shipped
2619,4763,2023-03-31,Delivered
2620,11,2023-01-15,Delivered
2621,3817,2023-06-25,Delivered
2622,4789,2023-10-19,Cancelled
2623,4129,2023-02-22,Processing
2624,1716,2023-10-20,Delivered
2625,3749,2023-09-04,Processing
2626,1858,2023-07-12,Processing
2627,1438,2023-10-22,Delivered
2628,853,2023-04-25,Processing
2629,2288,2023-04-27,Cancelled
2630,3168,2023-09-05,Cancelled
2631,2555,2023-04-27,Delivered
2632,4412,2023-09-10,Shipped
2633,2722,2023-09-19,Processing
2634,2145,2023-11-04,Cancelled
2635,953,2023-07-18,Shipped
2636,8,2023-07-19,Processing
2637,3755,2023-11-04,Processing
2638,1059,2023-06-08,Cancelled
2639,711,2023-01-08,Shipped
2640,4773,2023-12-06,Processing
2641,1781,2023-01-06,Processing
2642,2490,2023-12-29,Delivered
2643,4754,2023-07-18,Delivered
2644,3708,2023-10-23,Delivered
2645,1335,2023-11-29,Processing
2646,4064,2023-08-11,Shipped
2647,2898,2023-03-03,Cancelled
2648,1548,2023-08-21,Processing
2649,3668,2023-06-25,Processing
2650,3096,2023-11-12,Delivered
2651,3756,2023-12-29,Processing
2652,1031,2023-10-29,Cancelled
2653,1607,2023-03-13,Delivered
2654,113,2023-04-24,Cancelled
2655,1013,2023-06-03,Shipped
2656,3607,2023-07-12,Cancelled
2657,2617,2023-11-06,Delivered
2658,13,2023-01-21,Shipped
2659,4392,2023-10-25,Processing
2660,1717,2023-08-30,Processing
2661,690,2023-06-12,Cancelled
2662,3000,2023-07-01,Delivered
2663,544,2023-01-11,Processing
2664,2941,2023-02-28,Processing
2665,942,2023-03-22,Delivered
2666,2725,2023-02-09,Delivered
2667,1501,2023-10-29,Cancelled
2668,4585,2023-10-11,Cancelled
2669,4997,2023-01-31,Shipped
2670,1431,2023-05-24,Cancelled
2671,4646,2023-06-24,Processing
2672,2705,2023-12-31,Delivered
2673,4509,2023-01-17,Shipped
2674,3551,2023-06-08,Delivered
2675,2619,2023-09-18,Shipped
2676,2537,2023-01-12,Delivered
2677,3808,2023-05-23,Shipped
2678,3797,2023-11-01,Shipped
2679,213,2023-06-12,Delivered
2680,3809,2023-09-11,Cancelled
2681,1822,2023-09-08,Delivered
2682,4427,2023-07-14,Shipped
2683,1559,2023-09-07,Delivered
2684,2616,2023-07-11,Processing
2685,4604,2023-01-05,Cancelled
2686,1173,2023-01-12,Delivered
2687,1905,2023-01-13,Cancelled
2688,2175,2023-06-20,Delivered
2689,1694,2023-07-10,Delivered
2690,2551,2023-06-14,Cancelled
2691,4802,2023-03-05,Cancelled
2692,2127,2023-09-14,Shipped
2693,3038,2023-12-17,Processing
2694,4398,2023-12-05,Shipped
2695,2319,2023-04-02,Cancelled
2696,2574,2023-08-30,Processing
2697,4731,2023-03-11,Cancelled
2698,654,2023-04-25,Processing
2699,712,2023-10-21,Cancelled
2700,3620,2023-08-02,Processing
2701,2156,2023-02-24,Cancelled
2702,3522,2023-05-06,Cancelled
2703,4010,2023-12-06,Delivered
2704,2621,2023-08-28,Processing
2705,3100,2023-08-27,Processing
2706,3616,2023-11-30,Shipped
2707,2386,2023-06-06,Cancelled
2708,2949,2023-02-12,Delivered
2709,4987,2023-05-25,Cancelled
2710,1490,2023-03-26,Cancelled
2711,835,2023-02-27,Processing
2712,550,2023-08-28,Shipped
2713,4759,2023-10-02,Processing
2714,553,2023-09-02,Processing
2715,427,2023-09-01,Shipped
2716,330,2023-06-01,Delivered
2717,2207,2023-09-23,Cancelled
2718,4110,2023-03-03,Delivered
2719,871,2023-08-31,Processing
2720,1301,2023-07-02,Shipped
2721,946,2023-02-16,Delivered
2722,128,2023-11-17,Processing
2723,3285,2023-01-06,Cancelled
2724,155,2023-12-26,Shipped
2725,1450,2023-09-05,Processing
2726,1964,2023-03-27,Cancelled
2727,1009,2023-03-13,Processing
2728,4138,2023-07-02,Cancelled
2729,3006,2023-08-08,Delivered
2730,3753,2023-06-14,Cancelled
2731,1595,2023-01-07,Cancelled
2732,2096,2023-07-07,Delivered
2733,516,2023-03-09,Cancelled
2734,1051,2023-01-20,Delivered
2735,3689,2023-07-01,Cancelled
2736,2004,2023-08-03,Processing
2737,4882,2023-06-17,Shipped
2738,2954,2023-10-24,Shipped
2739,296,2023-09-15,Cancelled
2740,2745,2023-09-30,Processing
2741,166,2023-03-11,Delivered
2742,2107,2023-12-22,Cancelled
2743,1123,2023-08-26,Delivered
2744,795,2023-07-04,Processing
2745,4855,2023-11-16,Shipped
2746,4701,2023-03-21,Cancelled
2747,2223,2023-04-11,Processing
2748,3347,2023-02-08,Delivered
2749,4205,2023-09-17,Shipped
2750,4857,2023-09-02,Processing
2751,4756,2023-04-29,Cancelled
2752,684,2023-01-10,Cancelled
2753,3055,2023-08-20,Shipped
2754,3053,2023-12-04,Processing
2755,2955,2023-10-28,Shipped
2756,4472,2023-07-04,Shipped
2757,4620,2023-08-07,Processing
2758,4442,2023-01-02,Processing
2759,2127,2023-10-16,Delivered
2760,1991,2023-11-12,Processing
2761,1522,2023-08-28,Processing
2762,919,2023-12-13,Delivered
2763,468,2023-07-03,Processing
2764,3491,2023-01-15,Delivered
2765,1920,2023-11-04,Processing
2766,2006,2023-02-18,Shipped
2767,2489,2023-05-14,Cancelled
2768,1900,2023-03-31,Shipped
2769,1621,2023-06-19,Cancelled
2770,4530,2023-07-05,Shipped
2771,4286,2023-09-28,Shipped
2772,4332,2023-03-01,Processing
2773,1080,2023-11-20,Delivered
2774,553,2023-04-14,Processing
2775,2532,2023-05-30,Processing
2776,3034,2023-11-19,Processing
2777,2341,2023-01-29,Shipped
2778,1667,2023-05-16,Shipped
2779,1171,2023-06-14,Processing
2780,4443,2023-06-23,Delivered
2781,1251,2023-07-05,Shipped
2782,4812,2023-02-05,Delivered
2783,560,2023-05-26,Shipped
2784,2304,2023-09-26,Processing
2785,2521,2023-02-25,Cancelled
2786,2534,2023-06-10,Cancelled
2787,4327,2023-01-28,Processing
2788,1516,2023-10-05,Processing
2789,3236,2023-07-03,Delivered
2790,2444,2023-07-23,Shipped
2791,96,2023-12-06,Processing
2792,3815,2023-11-29,Delivered
2793,2780,2023-03-09,Cancelled
2794,3501,2023-06-30,Shipped
2795,4581,2023-01-27,Processing
2796,3787,2023-08-11,Delivered
2797,2627,2023-11-12,Shipped
2798,4541,2023-03-08,Cancelled
2799,387,2023-10-19,Delivered
2800,526,2023-11-01,Cancelled
2801,4927,2023-09-03,Shipped
2802,3504,2023-06-01,Cancelled
2803,4164,2023-06-15,Delivered
2804,1090,2023-05-07,Delivered
2805,2733,2023-12-28,Delivered
2806,1677,2023-02-05,Cancelled
2807,2658,2023-09-19,Cancelled
2808,853,2023-06-16,Processing
2809,3621,2023-03-04,Shipped
2810,2762,2023-08-06,Shipped
2811,1111,2023-03-16,Delivered
2812,2225,2023-01-05,Cancelled
2813,2951,2023-11-04,Shipped
2814,3151,2023-12-20,Shipped
2815,440,2023-10-31,Processing
2816,2594,2023-03-10,Shipped
2817,2222,2023-11-14,Cancelled
2818,2149,2023-06-12,Processing
2819,4462,2023-11-05,Cancelled
2820,4165,2023-12-09,Shipped
2821,1371,2023-02-21,Delivered
2822,1692,2023-02-13,Cancelled
2823,1025,2023-12-31,Cancelled
2824,4559,2023-03-19,Shipped
2825,1702,2023-02-23,Shipped
2826,4272,2023-02-08,Cancelled
2827,609,2023-09-21,Processing
2828,2498,2023-04-19,Shipped
2829,4920,2023-12-28,Delivered
2830,1549,2023-08-27,Delivered
2831,4062,2023-11-16,Shipped
2832,364,2023-03-17,Processing
2833,1679,2023-10-11,Delivered
2834,529,2023-01-09,Cancelled
2835,2791,2023-06-03,Delivered
2836,1010,2023-06-29,Delivered
2837,1475,2023-04-29,Shipped
2838,4161,2023-09-15,Cancelled
2839,3498,2023-02-18,Shipped
2840,4062,2023-11-05,Processing
2841,3385,2023-01-26,Shipped
2842,3846,2023-03-20,Shipped
2843,2414,2023-11-22,Processing
2844,974,2023-04-25,Processing
2845,2694,2023-10-22,Delivered
2846,295,2023-04-22,Shipped
2847,4079,2023-10-19,Cancelled
2848,2723,2023-03-20,Delivered
2849,4869,2023-01-05,Shipped
2850,1539,2023-11-16,Delivered
2851,1014,2023-05-10,Delivered
2852,427,2023-11-27,Cancelled
2853,2575,2023-04-15,Delivered
2854,487,2023-04-03,Cancelled
2855,4012,2023-07-29,Shipped
2856,3249,2023-10-28,Processing
2857,3935,2023-04-11,Delivered
2858,922,2023-02-01,Shipped
2859,3339,2023-05-27,Shipped
2860,2963,2023-08-07,Delivered
2861,3395,2023-04-14,Delivered
2862,1317,2023-09-09,Shipped
2863,388,2023-03-26,Processing
2864,487,2023-08-19,Delivered
2865,4557,2023-06-18,Cancelled
2866,3843,2023-02-13,Processing
2867,807,2023-06-25,Shipped
2868,2319,2023-08-06,Shipped
2869,326,2023-10-03,Processing
2870,1555,2023-04-25,Cancelled
2871,1576,2023-05-03,Delivered
2872,3569,2023-05-03,Cancelled
2873,2107,2023-03-02,Processing
2874,4480,2023-10-17,Shipped
2875,3233,2023-10-11,Cancelled
2876,4280,2023-05-18,Shipped
2877,4114,2023-09-07,Processing
2878,4598,2023-06-26,Processing
2879,785,2023-06-01,Delivered
2880,986,2023-07-30,Shipped
2881,938,2023-10-22,Cancelled
2882,1094,2023-03-28,Delivered
2883,4588,2023-08-03,Cancelled
2884,3219,2023-12-06,Shipped
2885,4483,2023-11-25,Delivered
2886,3744,2023-12-24,Shipped
2887,2079,2023-08-30,Processing
2888,3672,2023-10-13,Processing
2889,3394,2023-04-01,Cancelled
2890,4966,2023-01-22,Processing
2891,4684,2023-06-01,Delivered
2892,1697,2023-01-27,Shipped
2893,1038,2023-09-05,Cancelled
2894,3228,2023-10-25,Cancelled
2895,4804,2023-08-24,Cancelled
2896,3008,2023-12-15,Delivered
2897,388,2023-01-05,Delivered
2898,3759,2023-09-09,Processing
2899,3452,2023-11-22,Delivered
2900,1619,2023-08-23,Processing
2901,1662,2023-09-24,Delivered
2902,1362,2023-05-05,Processing
2903,3312,2023-08-28,Delivered
2904,2900,2023-12-07,Delivered
2905,508,2023-08-01,Processing
2906,465,2023-02-12,Delivered
2907,2478,2023-01-27,Cancelled
2908,4801,2023-11-23,Shipped
2909,320,2023-10-13,Processing
2910,3862,2023-11-14,Delivered
2911,1397,2023-06-23,Delivered
2912,4870,2023-12-29,Processing
2913,137,2023-04-11,Delivered
2914,1641,2023-06-11,Processing
2915,4561,2023-09-22,Cancelled
2916,3107,2023-10-08,Processing
2917,2601,2023-12-02,Shipped
2918,468,2023-11-22,Cancelled
2919,4337,2023-08-10,Delivered
2920,4821,2023-01-29,Delivered
2921,2723,2023-02-13,Cancelled
2922,3372,2023-02-23,Shipped
2923,3879,2023-06-29,Cancelled
2924,4748,2023-04-11,Cancelled
2925,1340,2023-11-25,Cancelled
2926,470,2023-04-24,Processing
2927,3793,2023-04-05,Delivered
2928,241,2023-07-25,Shipped
2929,4383,2023-01-03,Delivered
2930,4350,2023-01-31,Processing
2931,850,2023-01-05,Cancelled
2932,2182,2023-12-30,Shipped
2933,1930,2023-02-14,Delivered
2934,749,2023-05-24,Processing
2935,4932,2023-09-22,Processing
2936,1841,2023-06-28,Shipped
2937,4773,2023-12-28,Processing
2938,4316,2023-08-16,Delivered
2939,3336,2023-04-23,Delivered
2940,1775,2023-10-19,Cancelled
2941,3627,2023-08-18,Processing
2942,4021,2023-03-18,Cancelled
2943,2701,2023-07-05,Delivered
2944,3615,2023-01-10,Processing
2945,1274,2023-01-22,Cancelled
2946,2592,2023-09-16,Cancelled
2947,3350,2023-07-09,Cancelled
2948,347,2023-09-19,Processing
2949,2434,2023-05-18,Delivered
2950,4763,2023-07-29,Processing
2951,1599,2023-04-04,Processing
2952,1969,2023-02-12,Cancelled
2953,4703,2023-02-14,Delivered
2954,1849,2023-04-28,Cancelled
2955,4088,2023-06-18,Delivered
2956,4833,2023-04-24,Delivered
2957,3687,2023-12-31,Shipped
2958,485,2023-04-09,Shipped
2959,4155,2023-10-05,Cancelled
2960,622,2023-04-27,Cancelled
2961,3871,2023-03-12,Processing
2962,4581,2023-02-11,Cancelled
2963,4172,2023-03-29,Processing
2964,3567,2023-06-13,Delivered
2965,4877,2023-08-11,Delivered
2966,1312,2023-12-24,Delivered
2967,2236,2023-04-29,Cancelled
2968,2264,2023-03-07,Cancelled
2969,3504,2023-10-29,Cancelled
2970,1699,2023-02-23,Delivered
2971,936,2023-08-09,Processing
2972,938,2023-06-10,Cancelled
2973,2582,2023-05-02,Shipped
2974,3718,2023-01-01,Delivered
2975,3792,2023-04-16,Delivered
2976,3546,2023-01-10,Delivered
2977,13,2023-12-31,Processing
2978,341,2023-09-11,Shipped
2979,1672,2023-10-15,Shipped
2980,1227,2023-05-12,Cancelled
2981,3956,2023-02-21,Shipped
2982,482,2023-03-27,Shipped
2983,3626,2023-10-17,Processing
2984,4349,2023-02-01,Cancelled
2985,3271,2023-09-07,Delivered
2986,166,2023-12-03,Processing
2987,505,2023-02-24,Delivered
2988,2231,2023-05-22,Processing
2989,4846,2023-11-11,Shipped
2990,2283,2023-03-17,Delivered
2991,2189,2023-02-23,Shipped
2992,3271,2023-09-12,Shipped
2993,1353,2023-10-10,Delivered
2994,415,2023-12-11,Shipped
2995,1028,2023-05-12,Shipped
2996,59,2023-07-03,Processing
2997,3943,2023-03-19,Delivered
2998,4256,2023-04-24,Delivered
2999,3652,2023-05-28,Delivered
3000,2276,2023-02-05,Shipped
3001,3266,2023-08-17,Processing
3002,2629,2023-08-26,Delivered
3003,4911,2023-12-11,Delivered
3004,1185,2023-03-11,Cancelled
3005,4649,2023-10-01,Shipped
3006,3727,2023-03-12,Shipped
3007,4357,2023-06-17,Shipped
3008,1676,2023-12-03,Delivered
3009,2371,2023-10-26,Processing
3010,1714,2023-02-05,Delivered
3011,1263,2023-08-19,Shipped
3012,3340,2023-09-14,Delivered
3013,4780,2023-08-11,Delivered
3014,3519,2023-09-03,Shipped
3015,1727,2023-09-15,Shipped
3016,4022,2023-02-25,Processing
3017,3239,2023-03-13,Shipped
3018,4613,2023-09-24,Delivered
3019,1762,2023-09-27,Processing
3020,2498,2023-12-03,Shipped
3021,2196,2023-01-23,Cancelled
3022,2457,2023-12-19,Delivered
3023,1504,2023-11-23,Delivered
3024,3161,2023-01-13,Processing
3025,1175,2023-09-20,Delivered
3026,3104,2023-08-15,Cancelled
3027,1134,2023-03-23,Processing
3028,2520,2023-05-24,Cancelled
3029,498,2023-12-31,Delivered
3030,4500,2023-10-10,Delivered
3031,2658,2023-11-08,Cancelled
3032,4637,2023-07-25,Cancelled
3033,4655,2023-11-03,Processing
3034,22,2023-04-02,Shipped
3035,3501,2023-09-10,Shipped
3036,4388,2023-05-26,Processing
3037,223,2023-08-31,Delivered
3038,1220,2023-08-18,Cancelled
3039,4835,2023-07-05,Processing
3040,3648,2023-07-16,Processing
3041,2618,2023-04-09,Delivered
3042,1873,2023-12-02,Cancelled
3043,3720,2023-06-20,Processing
3044,4805,2023-06-26,Delivered
3045,846,2023-07-18,Cancelled
3046,2319,2023-06-29,Cancelled
3047,2111,2023-12-15,Processing
3048,3606,2023-06-24,Shipped
3049,2407,2023-02-13,Processing
3050,2790,2023-01-02,Shipped
3051,1436,2023-04-19,Processing
3052,1760,2023-03-04,Shipped
3053,1371,2023-12-14,Cancelled
3054,3003,2023-04-26,Processing
3055,630,2023-08-30,Cancelled
3056,309,2023-06-19,Processing
3057,45,2023-02-25,Cancelled
3058,371,2023-07-01,Delivered
3059,4064,2023-11-28,Shipped
3060,4671,2023-09-17,Delivered
3061,2611,2023-04-28,Shipped
3062,4721,2023-01-20,Delivered
3063,2730,2023-06-19,Delivered
3064,1541,2023-01-16,Cancelled
3065,2121,2023-04-23,Processing
3066,1488,2023-09-19,Shipped
3067,3582,2023-02-15,Delivered
3068,3749,2023-10-04,Delivered
3069,1702,2023-11-30,Shipped
3070,488,2023-09-17,Shipped
3071,1237,2023-04-14,Delivered
3072,482,2023-08-16,Delivered
3073,4144,2023-08-22,Cancelled
3074,3991,2023-11-16,Cancelled
3075,1437,2023-05-28,Delivered
3076,2142,2023-12-13,Delivered
3077,3465,2023-09-15,Processing
3078,1491,2023-03-29,Cancelled
3079,2204,2023-04-08,Shipped
3080,1108,2023-07-14,Cancelled
3081,1002,2023-07-15,Delivered
3082,3770,2023-08-24,Shipped
3083,3458,2023-06-11,Shipped
3084,4620,2023-12-03,Delivered
3085,1601,2023-08-14,Shipped
3086,4103,2023-05-18,Processing
3087,609,2023-10-04,Cancelled
3088,4139,2023-11-12,Delivered
3089,2031,2023-10-03,Cancelled
3090,2156,2023-12-31,Delivered
3091,3924,2023-10-21,Shipped
3092,111,2023-06-15,Delivered
3093,877,2023-03-25,Cancelled
3094,2878,2023-04-01,Cancelled
3095,3442,2023-09-28,Shipped
3096,507,2023-04-16,Cancelled
3097,4377,2023-06-12,Delivered
3098,3799,2023-09-16,Delivered
3099,1015,2023-06-12,Cancelled
3100,1830,2023-01-09,Cancelled
3101,4544,2023-02-09,Processing
3102,4168,2023-09-16,Shipped
3103,2327,2023-11-11,Processing
3104,4492,2023-06-04,Processing
3105,691,2023-04-15,Cancelled
3106,3629,2023-08-05,Cancelled
3107,3931,2023-10-16,Shipped
3108,269,2023-04-07,Cancelled
3109,3633,2023-08-19,Shipped
3110,1837,2023-12-29,Delivered
3111,2303,2023-05-05,Processing
3112,3184,2023-07-25,Delivered
3113,3569,2023-10-29,Shipped
3114,4971,2023-12-12,Shipped
3115,2,2023-09-21,Cancelled
3116,2931,2023-05-22,Processing
3117,2034,2023-10-30,Delivered
3118,4171,2023-11-03,Cancelled
3119,3777,2023-01-10,Delivered
3120,1906,2023-08-08,Cancelled
3121,1237,2023-02-02,Processing
3122,1831,2023-03-26,Processing
3123,2439,2023-06-12,Processing
3124,44,2023-01-05,Cancelled
3125,180,2023-08-23,Processing
3126,3814,2023-11-19,Processing
3127,2726,2023-07-14,Shipped
3128,3215,2023-05-27,Delivered
3129,3537,2023-08-06,Cancelled
3130,513,2023-02-17,Cancelled
3131,4759,2023-05-14,Cancelled
3132,1130,2023-12-24,Shipped
3133,4409,2023-04-16,Delivered
3134,4184,2023-06-23,Delivered
3135,1180,2023-06-23,Cancelled
3136,3392,2023-08-10,Delivered
3137,861,2023-01-07,Delivered
3138,1397,2023-11-09,Processing
3139,1265,2023-03-25,Cancelled
3140,2315,2023-08-02,Processing
3141,3527,2023-11-05,Delivered
3142,2523,2023-05-26,Cancelled
3143,1097,2023-10-07,Shipped
3144,4200,2023-06-21,Cancelled
3145,2514,2023-06-10,Cancelled
3146,4439,2023-11-26,Processing
3147,2554,2023-11-24,Shipped
3148,2222,2023-04-18,Processing
3149,1099,2023-03-08,Cancelled
3150,516,2023-07-16,Shipped
3151,450,2023-09-10,Delivered
3152,4176,2023-02-22,Cancelled
3153,1928,2023-01-19,Cancelled
3154,4740,2023-01-06,Processing
3155,45,2023-03-10,Processing
3156,4026,2023-01-25,Delivered
3157,4381,2023-06-25,Shipped
3158,1448,2023-01-14,Processing
3159,2929,2023-05-07,Processing
3160,3275,2023-09-09,Cancelled
3161,3990,2023-04-20,Shipped
3162,1335,2023-08-18,Processing
3163,844,2023-11-06,Delivered
3164,3338,2023-01-12,Shipped
3165,1748,2023-03-06,Processing
3166,3302,2023-05-06,Cancelled
3167,654,2023-07-23,Delivered
3168,1033,2023-08-30,Delivered
3169,620,2023-07-04,Delivered
3170,4278,2023-06-10,Processing
3171,1448,2023-07-07,Cancelled
3172,2441,2023-08-08,Shipped
3173,2454,2023-01-22,Cancelled
3174,2334,2023-04-29,Delivered
3175,3356,2023-03-31,Shipped
3176,807,2023-09-15,Cancelled
3177,388,2023-07-02,Delivered
3178,2582,2023-09-04,Cancelled
3179,229,2023-02-02,Processing
3180,4962,2023-06-05,Delivered
3181,2417,2023-05-19,Shipped
3182,4266,2023-12-12,Shipped
3183,1940,2023-09-15,Delivered
3184,3001,2023-01-16,Shipped
3185,1728,2023-04-14,Processing
3186,1540,2023-07-22,Delivered
3187,816,2023-05-14,Processing
3188,4636,2023-10-10,Processing
3189,4482,2023-01-03,Processing
3190,4430,2023-03-28,Delivered
3191,1179,2023-12-21,Cancelled
3192,1807,2023-11-02,Cancelled
3193,3536,2023-03-15,Delivered
3194,158,2023-12-02,Delivered
3195,1240,2023-01-15,Processing
3196,1956,2023-01-02,Processing
3197,2170,2023-02-07,Processing
3198,709,2023-05-28,Cancelled
3199,273,2023-04-29,Processing
3200,1426,2023-08-14,Delivered
3201,220,2023-02-02,Processing
3202,1822,2023-07-21,Processing
3203,1432,2023-11-30,Processing
3204,4782,2023-06-06,Shipped
3205,4235,2023-06-26,Cancelled
3206,1769,2023-07-23,Delivered
3207,3616,2023-02-28,Cancelled
3208,1324,2023-12-08,Cancelled
3209,4991,2023-05-02,Delivered
3210,1195,2023-12-01,Processing
3211,1031,2023-02-28,Processing
3212,3804,2023-10-21,Processing
3213,1538,2023-06-29,Cancelled
3214,4689,2023-08-09,Shipped
3215,2248,2023-08-09,Delivered
3216,1246,2023-12-29,Delivered
3217,400,2023-04-21,Shipped
3218,4317,2023-01-03,Delivered
3219,2063,2023-06-05,Shipped
3220,3091,2023-07-04,Delivered
3221,3645,2023-05-10,Delivered
3222,4287,2023-08-06,Shipped
3223,3040,2023-02-12,Processing
3224,3156,2023-05-05,Delivered
3225,2138,2023-11-06,Processing
3226,3090,2023-10-29,Processing
3227,3656,2023-11-21,Shipped
3228,2686,2023-07-22,Processing
3229,1115,2023-07-05,Shipped
3230,4331,2023-05-22,Shipped
3231,205,2023-07-07,Processing
3232,4914,2023-09-07,Processing
3233,3734,2023-04-05,Shipped
3234,964,2023-04-26,Delivered
3235,1666,2023-03-21,Shipped
3236,7,2023-02-07,Shipped
3237,1795,2023-08-22,Shipped
3238,4696,2023-09-12,Shipped
3239,240,2023-10-24,Processing
3240,4068,2023-03-14,Processing
3241,3697,2023-06-13,Cancelled
3242,4748,2023-08-20,Shipped
3243,2652,2023-11-09,Processing
3244,910,2023-03-30,Cancelled
3245,3224,2023-03-26,Processing
3246,4753,2023-03-28,Cancelled
3247,3721,2023-07-15,Cancelled
3248,1708,2023-12-31,Delivered
3249,284,2023-12-21,Cancelled
3250,2029,2023-09-01,Shipped
3251,3422,2023-06-03,Processing
3252,1175,2023-12-20,Processing
3253,1133,2023-05-21,Cancelled
3254,116,2023-11-23,Processing
3255,3926,2023-12-26,Delivered
3256,3699,2023-07-15,Delivered
3257,3793,2023-02-18,Cancelled
3258,457,2023-11-13,Cancelled
3259,1772,2023-05-29,Delivered
3260,3929,2023-06-10,Shipped
3261,1483,2023-07-20,Processing
3262,1145,2023-04-22,Shipped
3263,2298,2023-02-12,Cancelled
3264,2772,2023-07-01,Cancelled
3265,4615,2023-03-17,Cancelled
3266,1253,2023-10-21,Delivered
3267,2695,2023-11-04,Shipped
3268,1686,2023-08-04,Shipped
3269,3958,2023-09-23,Shipped
3270,2563,2023-04-23,Delivered
3271,3706,2023-03-11,Delivered
3272,3729,2023-11-17,Cancelled
3273,4162,2023-07-23,Shipped
3274,1763,2023-02-11,Processing
3275,3419,2023-10-31,Cancelled
3276,208,2023-08-17,Cancelled
3277,2241,2023-06-21,Shipped
3278,1600,2023-07-02,Delivered
3279,2664,2023-07-05,Shipped
3280,3466,2023-04-25,Delivered
3281,1129,2023-04-20,Delivered
3282,1270,2023-07-26,Delivered
3283,4559,2023-03-23,Processing
3284,3602,2023-04-13,Cancelled
3285,1341,2023-10-31,Cancelled
3286,3126,2023-09-21,Processing
3287,2009,2023-02-25,Delivered
3288,3508,2023-03-01,Delivered
3289,4902,2023-08-06,Cancelled
3290,1468,2023-12-09,Delivered
3291,209,2023-09-01,Shipped
3292,4006,2023-02-25,Processing
3293,1246,2023-09-26,Processing
3294,4056,2023-09-02,Cancelled
3295,485,2023-11-28,Delivered
3296,1812,2023-07-27,Processing
3297,1012,2023-03-27,Processing
3298,3797,2023-08-13,Delivered
3299,2568,2023-04-13,Cancelled
3300,187,2023-09-28,Processing
3301,3443,2023-12-08,Cancelled
3302,1607,2023-05-21,Processing
3303,522,2023-05-02,Cancelled
3304,1238,2023-04-18,Processing
3305,1806,2023-07-23,Cancelled
3306,370,2023-07-19,Shipped
3307,955,2023-09-13,Delivered
3308,1436,2023-05-06,Processing
3309,4201,2023-08-20,Processing
3310,458,2023-08-01,Delivered
3311,3030,2023-08-17,Shipped
3312,2362,2023-07-15,Processing
3313,3829,2023-02-18,Processing
3314,337,2023-06-29,Processing
3315,2354,2023-04-24,Delivered
3316,3955,2023-05-01,Processing
3317,4503,2023-10-17,Delivered
3318,3716,2023-06-19,Processing
3319,4830,2023-04-21,Cancelled
3320,636,2023-11-18,Processing
3321,73,2023-04-07,Cancelled
3322,1832,2023-05-29,Delivered
3323,798,2023-03-25,Cancelled
3324,3890,2023-04-25,Shipped
3325,242,2023-04-27,Processing
3326,156,2023-05-10,Shipped
3327,1709,2023-05-30,Cancelled
3328,2214,2023-10-03,Shipped
3329,2430,2023-11-26,Delivered
3330,1347,2023-03-11,Delivered
3331,4265,2023-10-14,Processing
3332,1189,2023-11-14,Delivered
3333,4779,2023-09-06,Delivered
3334,45,2023-04-04,Delivered
3335,4540,2023-04-10,Cancelled
3336,1498,2023-03-24,Delivered
3337,76,2023-01-24,Cancelled
3338,1240,2023-05-06,Processing
3339,2565,2023-06-20,Processing
3340,3395,2023-09-17,Shipped
3341,507,2023-08-13,Cancelled
3342,2522,2023-11-07,Shipped
3343,2947,2023-01-15,Shipped
3344,1975,2023-02-02,Delivered
3345,2108,2023-09-29,Shipped
3346,2684,2023-06-21,Delivered
3347,2431,2023-08-17,Shipped
3348,80,2023-07-01,Cancelled
3349,495,2023-12-09,Cancelled
3350,3462,2023-05-17,Delivered
3351,4508,2023-11-08,Delivered
3352,1299,2023-12-25,Shipped
3353,3499,2023-01-15,Cancelled
3354,1506,2023-09-03,Shipped
3355,1874,2023-09-26,Cancelled
3356,476,2023-04-02,Cancelled
3357,1286,2023-12-09,Shipped
3358,4576,2023-03-08,Delivered
3359,1108,2023-12-12,Shipped
3360,2788,2023-08-03,Cancelled
3361,1701,2023-04-26,Cancelled
3362,3045,2023-01-01,Cancelled
3363,1198,2023-11-01,Cancelled
3364,249,2023-08-12,Delivered
3365,657,2023-04-03,Delivered
3366,2682,2023-10-07,Shipped
3367,342,2023-06-23,Delivered
3368,744,2023-01-13,Shipped
3369,3581,2023-08-10,Shipped
3370,2954,2023-06-17,Shipped
3371,1798,2023-07-22,Shipped
3372,4125,2023-04-26,Processing
3373,2716,2023-06-15,Processing
3374,1361,2023-02-20,Cancelled
3375,912,2023-06-06,Delivered
3376,4811,2023-04-12,Cancelled
3377,218,2023-06-01,Shipped
3378,2098,2023-06-25,Delivered
3379,4401,2023-10-24,Processing
3380,4270,2023-10-27,Delivered
3381,3054,2023-01-28,Processing
3382,1969,2023-06-20,Delivered
3383,1995,2023-07-21,Processing
3384,2749,2023-02-04,Delivered
3385,1676,2023-10-03,Processing
3386,4958,2023-12-16,Processing
3387,2422,2023-10-28,Delivered
3388,2235,2023-01-12,Delivered
3389,1715,2023-05-30,Cancelled
3390,2775,2023-11-09,Shipped
3391,2908,2023-02-03,Processing
3392,4325,2023-08-08,Processing
3393,1326,2023-07-20,Processing
3394,4592,2023-09-12,Delivered
3395,2532,2023-06-15,Delivered
3396,674,2023-09-29,Delivered
3397,906,2023-02-15,Processing
3398,2509,2023-08-28,Delivered
3399,669,2023-04-20,Cancelled
3400,2900,2023-08-19,Processing
3401,3210,2023-10-03,Shipped
3402,2636,2023-09-26,Processing
3403,3765,2023-02-07,Delivered
3404,504,2023-01-02,Processing
3405,525,2023-05-04,Processing
3406,3343,2023-10-15,Processing
3407,227,2023-11-11,Cancelled
3408,3264,2023-03-08,Delivered
3409,232,2023-02-05,Processing
3410,2148,2023-05-16,Delivered
3411,471,2023-09-23,Shipped
3412,810,2023-02-01,Processing
3413,2890,2023-04-25,Shipped
3414,4083,2023-05-30,Shipped
3415,1041,2023-03-05,Processing
3416,2266,2023-12-30,Delivered
3417,2358,2023-01-06,Cancelled
3418,3342,2023-03-06,Processing
3419,4426,2023-03-10,Cancelled
3420,3451,2023-12-01,Processing
3421,17,2023-02-24,Shipped
3422,2731,2023-10-16,Processing
3423,975,2023-08-05,Cancelled
3424,1835,2023-07-28,Processing
3425,2497,2023-06-29,Cancelled
3426,2545,2023-10-21,Processing
3427,3610,2023-07-16,Delivered
3428,231,2023-12-29,Cancelled
3429,4886,2023-09-05,Cancelled
3430,1498,2023-02-27,Processing
3431,4605,2023-08-17,Shipped
3432,3034,2023-01-13,Processing
3433,1640,2023-08-07,Processing
3434,1833,2023-01-12,Shipped
3435,2454,2023-01-13,Cancelled
3436,3276,2023-02-13,Shipped
3437,2357,2023-07-03,Processing
3438,362,2023-07-14,Delivered
3439,2948,2023-01-15,Processing
3440,3264,2023-01-28,Delivered
3441,518,2023-03-15,Cancelled
3442,2265,2023-09-24,Cancelled
3443,713,2023-05-07,Processing
3444,2228,2023-08-31,Cancelled
3445,1987,2023-02-06,Processing
3446,777,2023-05-11,Processing
3447,3926,2023-07-18,Cancelled
3448,3060,2023-11-26,Cancelled
3449,4048,2023-02-01,Processing
3450,2613,2023-12-19,Shipped
3451,1342,2023-05-12,Processing
3452,2805,2023-03-20,Cancelled
3453,3970,2023-11-26,Shipped
3454,264,2023-08-23,Cancelled
3455,2115,2023-09-02,Cancelled
3456,354,2023-04-19,Delivered
3457,2666,2023-05-02,Delivered
3458,4896,2023-04-30,Processing
3459,2004,2023-09-14,Delivered
3460,3192,2023-01-17,Processing
3461,4026,2023-04-27,Delivered
3462,3283,2023-09-23,Delivered
3463,2539,2023-11-01,Delivered
3464,761,2023-12-19,Processing
3465,4861,2023-02-01,Shipped
3466,3416,2023-01-07,Cancelled
3467,1402,2023-03-07,Cancelled
3468,3887,2023-10-13,Cancelled
3469,2809,2023-03-29,Delivered
3470,13,2023-02-17,Delivered
3471,4543,2023-03-10,Delivered
3472,1896,2023-12-31,Shipped
3473,1648,2023-04-09,Delivered
3474,1440,2023-10-07,Cancelled
3475,740,2023-01-05,Cancelled
3476,3472,2023-09-11,Processing
3477,3990,2023-07-29,Cancelled
3478,64,2023-02-20,Shipped
3479,2016,2023-12-13,Delivered
3480,2187,2023-09-17,Delivered
3481,2456,2023-12-23,Cancelled
3482,1471,2023-09-13,Shipped
3483,205,2023-12-29,Shipped
3484,2959,2023-05-16,Delivered
3485,2863,2023-10-01,Shipped
3486,3379,2023-10-10,Delivered
3487,4711,2023-09-21,Processing
3488,1270,2023-05-04,Processing
3489,1348,2023-08-11,Delivered
3490,5000,2023-03-22,Processing
3491,3718,2023-12-24,Delivered
3492,686,2023-06-22,Processing
3493,3658,2023-07-30,Processing
3494,3523,2023-08-03,Cancelled
3495,1968,2023-10-10,Processing
3496,2410,2023-07-09,Shipped
3497,4058,2023-02-06,Processing
3498,1096,2023-02-14,Delivered
3499,1059,2023-08-07,Cancelled
3500,4571,2023-09-24,Shipped
3501,135,2023-02-05,Delivered
3502,2145,2023-02-04,Shipped
3503,4579,2023-11-14,Delivered
3504,4136,2023-12-30,Shipped
3505,1045,2023-08-31,Cancelled
3506,191,2023-06-15,Shipped
3507,3588,2023-10-30,Cancelled
3508,4246,2023-06-24,Processing
3509,4422,2023-03-02,Processing
3510,2235,2023-07-30,Shipped
3511,3930,2023-05-15,Delivered
3512,1419,2023-07-30,Cancelled
3513,2848,2023-09-01,Cancelled
3514,4029,2023-03-01,Delivered
3515,2003,2023-12-19,Shipped
3516,1089,2023-07-06,Delivered
3517,1249,2023-02-04,Processing
3518,3294,2023-10-03,Shipped
3519,75,2023-12-15,Cancelled
3520,1343,2023-11-15,Cancelled
3521,3242,2023-12-14,Shipped
3522,1146,2023-11-21,Shipped
3523,4571,2023-11-30,Cancelled
3524,3745,2023-02-16,Delivered
3525,3257,2023-03-04,Delivered
3526,4133,2023-04-26,Delivered
3527,1335,2023-05-20,Cancelled
3528,1202,2023-05-11,Processing
3529,3135,2023-02-24,Shipped
3530,200,2023-07-10,Delivered
3531,3114,2023-05-01,Shipped
3532,4865,2023-01-17,Processing
3533,3144,2023-08-10,Delivered
3534,1090,2023-08-22,Delivered
3535,3585,2023-11-06,Shipped
3536,2364,2023-01-08,Shipped
3537,2964,2023-01-08,Cancelled
3538,2154,2023-07-07,Processing
3539,1647,2023-01-26,Shipped
3540,3261,2023-05-18,Delivered
3541,4331,2023-10-20,Delivered
3542,2698,2023-08-30,Processing
3543,2898,2023-03-04,Cancelled
3544,2903,2023-12-17,Delivered
3545,2648,2023-02-25,Shipped
3546,3863,2023-02-09,Processing
3547,423,2023-04-18,Shipped
3548,425,2023-06-26,Shipped
3549,4725,2023-10-16,Cancelled
3550,2479,2023-09-17,Delivered
3551,402,2023-07-14,Delivered
3552,4712,2023-04-18,Delivered
3553,880,2023-07-14,Shipped
3554,2757,2023-11-20,Delivered
3555,110,2023-11-15,Processing
3556,3588,2023-12-24,Processing
3557,40,2023-02-16,Processing
3558,363,2023-11-09,Delivered
3559,154,2023-09-13,Processing
3560,4702,2023-08-14,Shipped
3561,2802,2023-07-25,Cancelled
3562,406,2023-04-29,Cancelled
3563,3660,2023-07-22,Delivered
3564,1953,2023-04-17,Processing
3565,4797,2023-08-19,Cancelled
3566,1171,2023-11-26,Shipped
3567,3224,2023-12-18,Delivered
3568,3697,2023-08-01,Delivered
3569,3539,2023-06-28,Processing
3570,550,2023-03-08,Processing
3571,3767,2023-02-07,Shipped
3572,1192,2023-11-19,Shipped
3573,2427,2023-05-10,Delivered
3574,4205,2023-11-11,Delivered
3575,4695,2023-03-07,Delivered
3576,3916,2023-11-15,Cancelled
3577,1469,2023-03-15,Delivered
3578,3351,2023-06-11,Shipped
3579,4612,2023-02-11,Shipped
3580,2101,2023-08-03,Delivered
3581,2892,2023-11-18,Delivered
3582,4223,2023-02-12,Processing
3583,1619,2023-07-20,Shipped
3584,2936,2023-08-17,Processing
3585,4433,2023-01-29,Cancelled
3586,4971,2023-09-09,Shipped
3587,1950,2023-02-19,Cancelled
3588,1304,2023-09-14,Cancelled
3589,3726,2023-03-27,Shipped
3590,1878,2023-06-28,Delivered
3591,943,2023-01-24,Shipped
3592,2672,2023-09-13,Shipped
3593,2914,2023-08-01,Shipped
3594,1209,2023-12-18,Processing
3595,3095,2023-01-17,Shipped
3596,4015,2023-11-06,Shipped
3597,250,2023-12-12,Delivered
3598,1402,2023-12-31,Delivered
3599,3865,2023-11-24,Shipped
3600,1059,2023-12-26,Delivered
3601,4216,2023-06-09,Delivered
3602,3836,2023-02-19,Processing
3603,4861,2023-12-13,Shipped
3604,1919,2023-11-08,Delivered
3605,3296,2023-11-25,Shipped
3606,1604,2023-01-08,Cancelled
3607,4724,2023-06-05,Processing
3608,4468,2023-07-30,Processing
3609,887,2023-03-18,Processing
3610,1557,2023-03-23,Processing
3611,2427,2023-05-06,Delivered
3612,995,2023-02-03,Delivered
3613,2803,2023-11-24,Processing
3614,3381,2023-01-21,Shipped
3615,91,2023-10-11,Shipped
3616,4855,2023-06-17,Cancelled
3617,3768,2023-08-21,Processing
3618,3365,2023-07-10,Delivered
3619,3042,2023-04-04,Processing
3620,3928,2023-07-07,Shipped
3621,1135,2023-08-28,Delivered
3622,2298,2023-01-30,Processing
3623,3501,2023-08-08,Shipped
3624,2546,2023-07-28,Delivered
3625,3390,2023-08-06,Processing
3626,3817,2023-01-09,Delivered
3627,2686,2023-11-13,Cancelled
3628,337,2023-01-04,Processing
3629,1158,2023-12-19,Cancelled
3630,2906,2023-02-13,Processing
3631,3864,2023-09-06,Delivered
3632,4581,2023-02-03,Shipped
3633,2251,2023-12-05,Delivered
3634,1989,2023-01-24,Shipped
3635,752,2023-01-19,Shipped
3636,2346,2023-10-24,Cancelled
3637,2038,2023-08-12,Cancelled
3638,893,2023-05-10,Shipped
3639,4537,2023-08-19,Shipped
3640,4123,2023-03-27,Cancelled
3641,4955,2023-11-26,Cancelled
3642,3830,2023-07-28,Delivered
3643,3998,2023-10-27,Shipped
3644,3054,2023-08-29,Cancelled
3645,1641,2023-10-26,Processing
3646,3845,2023-06-27,Cancelled
3647,3733,2023-11-05,Shipped
3648,3831,2023-11-15,Cancelled
3649,1207,2023-10-30,Delivered
3650,4077,2023-07-20,Processing
3651,1403,2023-06-30,Processing
3652,4376,2023-03-27,Shipped
3653,3494,2023-08-19,Shipped
3654,1384,2023-11-20,Processing
3655,665,2023-03-08,Processing
3656,857,2023-07-16,Processing
3657,4876,2023-06-15,Processing
3658,1416,2023-02-08,Delivered
3659,1712,2023-06-07,Delivered
3660,1716,2023-01-27,Shipped
3661,3547,2023-05-22,Delivered
3662,4389,2023-05-25,Processing
3663,4902,2023-07-03,Delivered
3664,4630,2023-08-30,Cancelled
3665,2675,2023-06-03,Cancelled
3666,3607,2023-07-23,Processing
3667,45,2023-08-05,Processing
3668,3251,2023-03-22,Cancelled
3669,1274,2023-05-07,Processing
3670,1271,2023-07-11,Cancelled
3671,1771,2023-05-12,Delivered
3672,104,2023-07-12,Processing
3673,2040,2023-04-13,Cancelled
3674,2161,2023-09-09,Delivered
3675,4249,2023-02-26,Cancelled
3676,1409,2023-06-02,Shipped
3677,4963,2023-06-23,Shipped
3678,4127,2023-01-22,Shipped
3679,4191,2023-04-11,Delivered
3680,4854,2023-11-28,Cancelled
3681,748,2023-08-18,Processing
3682,2298,2023-03-07,Processing
3683,2427,2023-06-26,Delivered
3684,4476,2023-07-07,Cancelled
3685,4331,2023-05-13,Processing
3686,280,2023-07-09,Processing
3687,1044,2023-06-12,Cancelled
3688,2538,2023-01-24,Processing
3689,2001,2023-08-25,Shipped
3690,1309,2023-01-17,Shipped
3691,1115,2023-01-08,Shipped
3692,568,2023-05-06,Shipped
3693,2812,2023-08-19,Cancelled
3694,4943,2023-11-03,Cancelled
3695,4623,2023-02-03,Delivered
3696,4205,2023-03-01,Delivered
3697,2406,2023-02-13,Processing
3698,1230,2023-03-25,Delivered
3699,4320,2023-08-23,Cancelled
3700,2993,2023-01-12,Processing
3701,4524,2023-10-31,Delivered
3702,2634,2023-02-23,Shipped
3703,3631,2023-09-03,Delivered
3704,3711,2023-08-14,Shipped
3705,2619,2023-06-02,Shipped
3706,232,2023-04-07,Cancelled
3707,3898,2023-07-28,Delivered
3708,3794,2023-04-08,Delivered
3709,1117,2023-02-10,Shipped
3710,4581,2023-12-27,Processing
3711,575,2023-09-15,Processing
3712,1363,2023-07-21,Cancelled
3713,3837,2023-07-10,Cancelled
3714,3489,2023-10-07,Processing
3715,3967,2023-07-02,Cancelled
3716,2052,2023-11-07,Delivered
3717,688,2023-10-05,Processing
3718,245,2023-09-20,Shipped
3719,4305,2023-09-12,Delivered
3720,382,2023-07-20,Shipped
3721,690,2023-12-16,Processing
3722,398,2023-10-08,Delivered
3723,2275,2023-09-16,Delivered
3724,695,2023-08-14,Shipped
3725,17,2023-03-23,Cancelled
3726,2078,2023-03-15,Delivered
3727,3246,2023-10-23,Shipped
3728,4315,2023-09-20,Delivered
3729,948,2023-03-09,Delivered
3730,2668,2023-02-20,Cancelled
3731,4148,2023-03-14,Shipped
3732,2051,2023-11-28,Cancelled
3733,3690,2023-03-14,Shipped
3734,859,2023-09-05,Shipped
3735,664,2023-05-21,Delivered
3736,2206,2023-09-14,Delivered
3737,4442,2023-05-18,Shipped
3738,126,2023-11-19,Cancelled
3739,960,2023-02-05,Delivered
3740,3651,2023-01-09,Shipped
3741,2921,2023-12-15,Processing
3742,1418,2023-03-14,Shipped
3743,514,2023-12-10,Delivered
3744,2329,2023-11-11,Delivered
3745,317,2023-11-05,Shipped
3746,3964,2023-03-31,Processing
3747,728,2023-03-30,Delivered
3748,3531,2023-02-15,Shipped
3749,2016,2023-02-17,Shipped
3750,2446,2023-07-05,Shipped
3751,2795,2023-02-16,Cancelled
3752,3708,2023-08-14,Delivered
3753,1181,2023-06-24,Processing
3754,2700,2023-12-10,Delivered
3755,2533,2023-01-15,Cancelled
3756,2255,2023-08-02,Delivered
3757,704,2023-04-13,Processing
3758,4274,2023-10-06,Shipped
3759,2187,2023-01-20,Shipped
3760,510,2023-12-14,Processing
3761,1648,2023-05-15,Processing
3762,3345,2023-06-30,Delivered
3763,255,2023-04-29,Cancelled
3764,2184,2023-08-22,Cancelled
3765,1019,2023-08-17,Shipped
3766,4366,2023-08-31,Shipped
3767,3553,2023-05-31,Cancelled
3768,495,2023-02-12,Delivered
3769,3508,2023-11-13,Delivered
3770,3037,2023-11-19,Cancelled
3771,3713,2023-07-06,Shipped
3772,2836,2023-07-07,Processing
3773,1001,2023-11-28,Processing
3774,1369,2023-06-27,Processing
3775,2419,2023-01-27,Delivered
3776,1047,2023-11-08,Processing
3777,3073,2023-11-26,Delivered
3778,2544,2023-03-23,Shipped
3779,3394,2023-12-08,Delivered
3780,345,2023-11-17,Cancelled
3781,4480,2023-02-21,Cancelled
3782,4553,2023-12-26,Processing
3783,1331,2023-09-24,Shipped
3784,1748,2023-05-29,Processing
3785,1730,2023-07-05,Cancelled
3786,716,2023-08-02,Shipped
3787,4472,2023-10-18,Cancelled
3788,3580,2023-03-13,Cancelled
3789,4341,2023-10-17,Cancelled
3790,4936,2023-04-04,Delivered
3791,2435,2023-09-24,Delivered
3792,4170,2023-04-30,Delivered
3793,4030,2023-07-27,Processing
3794,1418,2023-01-02,Shipped
3795,691,2023-03-29,Processing
3796,4473,2023-09-19,Delivered
3797,2916,2023-07-27,Shipped
3798,4315,2023-02-18,Cancelled
3799,3543,2023-04-16,Shipped
3800,4120,2023-07-08,Cancelled
3801,3928,2023-01-18,Processing
3802,3992,2023-01-16,Cancelled
3803,1041,2023-03-07,Processing
3804,436,2023-05-06,Cancelled
3805,3226,2023-07-22,Processing
3806,1819,2023-12-02,Cancelled
3807,1896,2023-06-16,Cancelled
3808,13,2023-11-04,Cancelled
3809,4785,2023-09-28,Shipped
3810,2324,2023-10-23,Cancelled
3811,2492,2023-08-18,Cancelled
3812,2143,2023-04-06,Shipped
3813,166,2023-09-13,Cancelled
3814,1076,2023-08-29,Delivered
3815,4027,2023-01-19,Cancelled
3816,3751,2023-10-04,Shipped
3817,708,2023-05-11,Delivered
3818,3886,2023-08-24,Shipped
3819,3618,2023-03-02,Shipped
3820,4748,2023-06-09,Shipped
3821,633,2023-10-10,Shipped
3822,4976,2023-07-11,Shipped
3823,4488,2023-08-09,Processing
3824,198,2023-09-02,Processing
3825,3541,2023-07-25,Processing
3826,4306,2023-05-18,Cancelled
3827,4837,2023-09-14,Cancelled
3828,678,2023-11-21,Cancelled
3829,670,2023-03-25,Processing
3830,3567,2023-05-06,Delivered
3831,4230,2023-01-08,Shipped
3832,2475,2023-07-05,Processing
3833,1843,2023-12-20,Processing
3834,4717,2023-11-02,Processing
3835,3542,2023-08-04,Cancelled
3836,1703,2023-11-10,Processing
3837,1510,2023-12-15,Delivered
3838,4880,2023-11-20,Shipped
3839,1772,2023-09-12,Cancelled
3840,3846,2023-07-25,Delivered
3841,3946,2023-04-21,Shipped
3842,3039,2023-10-10,Delivered
3843,847,2023-04-09,Delivered
3844,1570,2023-10-07,Cancelled
3845,2147,2023-03-04,Cancelled
3846,234,2023-10-29,Cancelled
3847,2988,2023-03-16,Shipped
3848,725,2023-05-21,Delivered
3849,130,2023-12-14,Shipped
3850,4281,2023-07-03,Cancelled
3851,3685,2023-02-04,Shipped
3852,1474,2023-05-31,Processing
3853,102,2023-05-30,Delivered
3854,2571,2023-07-26,Delivered
3855,807,2023-01-11,Processing
3856,3863,2023-05-14,Delivered
3857,2146,2023-02-01,Shipped
3858,2689,2023-05-05,Cancelled
3859,55,2023-08-15,Shipped
3860,2754,2023-02-11,Cancelled
3861,1617,2023-05-27,Processing
3862,3312,2023-04-07,Processing
3863,708,2023-10-20,Processing
3864,795,2023-11-06,Shipped
3865,1681,2023-01-19,Shipped
3866,2893,2023-01-28,Cancelled
3867,1723,2023-01-01,Shipped
3868,3522,2023-12-28,Delivered
3869,780,2023-06-27,Shipped
3870,1970,2023-03-20,Processing
3871,3775,2023-10-18,Cancelled
3872,4958,2023-11-01,Cancelled
3873,1331,2023-12-14,Delivered
3874,550,2023-05-19,Processing
3875,2501,2023-06-04,Processing
3876,1377,2023-01-15,Cancelled
3877,391,2023-11-14,Delivered
3878,1708,2023-08-17,Shipped
3879,3881,2023-12-23,Cancelled
3880,4981,2023-07-15,Cancelled
3881,562,2023-12-30,Processing
3882,1504,2023-11-19,Cancelled
3883,211,2023-11-08,Shipped
3884,4490,2023-09-14,Delivered
3885,1489,2023-09-11,Shipped
3886,1058,2023-07-27,Delivered
3887,474,2023-05-19,Shipped
3888,4399,2023-07-04,Cancelled
3889,476,2023-10-21,Shipped
3890,423,2023-12-06,Cancelled
3891,403,2023-05-06,Processing
3892,1164,2023-03-15,Delivered
3893,1785,2023-08-10,Delivered
3894,2371,2023-03-09,Shipped
3895,717,2023-07-09,Cancelled
3896,1066,2023-06-28,Delivered
3897,2848,2023-07-11,Shipped
3898,549,2023-02-25,Processing
3899,4558,2023-12-20,Delivered
3900,1718,2023-09-22,Cancelled
3901,4236,2023-07-26,Processing
3902,4823,2023-03-03,Delivered
3903,212,2023-04-18,Processing
3904,3990,2023-08-23,Processing
3905,3679,2023-01-10,Delivered
3906,3431,2023-01-17,Processing
3907,2559,2023-12-12,Delivered
3908,3598,2023-07-01,Processing
3909,1595,2023-12-28,Cancelled
3910,1607,2023-05-29,Shipped
3911,830,2023-05-18,Delivered
3912,481,2023-12-05,Processing
3913,2619,2023-11-20,Processing
3914,4705,2023-08-24,Processing
3915,1804,2023-01-02,Cancelled
3916,3179,2023-05-28,Cancelled
3917,3279,2023-04-03,Delivered
3918,569,2023-10-03,Cancelled
3919,2930,2023-12-27,Delivered
3920,1451,2023-03-23,Delivered
3921,202,2023-02-06,Delivered
3922,3388,2023-12-27,Shipped
3923,2916,2023-05-01,Cancelled
3924,771,2023-12-28,Shipped
3925,1584,2023-01-05,Processing
3926,1436,2023-06-16,Processing
3927,919,2023-07-15,Shipped
3928,3881,2023-06-25,Cancelled
3929,50,2023-05-07,Shipped
3930,965,2023-04-23,Processing
3931,4247,2023-08-15,Cancelled
3932,90,2023-03-12,Cancelled
3933,2148,2023-08-13,Cancelled
3934,1762,2023-03-31,Processing
3935,2405,2023-01-12,Delivered
3936,1704,2023-10-22,Delivered
3937,2490,2023-01-23,Cancelled
3938,3455,2023-10-21,Shipped
3939,4057,2023-05-10,Shipped
3940,4027,2023-12-17,Delivered
3941,2115,2023-08-14,Cancelled
3942,933,2023-08-16,Shipped
3943,1694,2023-03-30,Shipped
3944,2116,2023-11-16,Processing
3945,4996,2023-11-08,Processing
3946,3785,2023-01-06,Cancelled
3947,2008,2023-06-03,Cancelled
3948,223,2023-11-09,Shipped
3949,1898,2023-12-11,Processing
3950,2038,2023-04-02,Shipped
3951,417,2023-06-05,Cancelled
3952,4249,2023-12-31,Delivered
3953,2054,2023-07-24,Cancelled
3954,3788,2023-12-30,Delivered
3955,2204,2023-11-01,Cancelled
3956,2907,2023-07-17,Processing
3957,601,2023-11-15,Processing
3958,597,2023-08-07,Cancelled
3959,797,2023-11-21,Delivered
3960,391,2023-07-15,Cancelled
3961,2148,2023-01-29,Shipped
3962,2554,2023-04-27,Cancelled
3963,3460,2023-07-25,Delivered
3964,3189,2023-01-08,Processing
3965,3154,2023-12-31,Delivered
3966,292,2023-08-12,Processing
3967,503,2023-04-11,Processing
3968,255,2023-05-10,Processing
3969,1628,2023-03-10,Processing
3970,923,2023-12-11,Processing
3971,3990,2023-06-23,Delivered
3972,1124,2023-05-24,Delivered
3973,4440,2023-01-08,Processing
3974,1144,2023-12-17,Cancelled
3975,3063,2023-11-30,Delivered
3976,2348,2023-10-12,Shipped
3977,1360,2023-09-30,Cancelled
3978,3207,2023-03-27,Delivered
3979,2383,2023-02-28,Processing
3980,4588,2023-08-31,Processing
3981,863,2023-07-26,Cancelled
3982,1603,2023-11-11,Shipped
3983,3641,2023-11-01,Processing
3984,4251,2023-10-11,Cancelled
3985,2256,2023-10-02,Cancelled
3986,1615,2023-01-27,Processing
3987,2558,2023-11-20,Delivered
3988,3878,2023-10-21,Processing
3989,3829,2023-07-10,Shipped
3990,2802,2023-02-21,Delivered
3991,1998,2023-05-11,Delivered
3992,1221,2023-11-29,Shipped
3993,4699,2023-07-29,Processing
3994,2393,2023-12-07,Shipped
3995,2541,2023-10-01,Cancelled
3996,259,2023-03-05,Processing
3997,1562,2023-02-08,Cancelled
3998,4287,2023-04-08,Delivered
3999,3354,2023-09-27,Cancelled
4000,2960,2023-09-06,Cancelled
4001,1021,2023-11-04,Cancelled
4002,4022,2023-06-07,Shipped
4003,3179,2023-02-19,Processing
4004,2930,2023-07-18,Delivered
4005,3105,2023-03-15,Cancelled
4006,3257,2023-06-04,Processing
4007,4841,2023-08-18,Delivered
4008,3580,2023-11-19,Delivered
4009,4164,2023-01-27,Shipped
4010,2926,2023-01-23,Delivered
4011,2073,2023-10-23,Delivered
4012,3145,2023-02-21,Cancelled
4013,2400,2023-03-05,Processing
4014,1698,2023-01-12,Shipped
4015,3992,2023-05-07,Processing
4016,1107,2023-05-13,Shipped
4017,1268,2023-11-30,Cancelled
4018,2391,2023-10-24,Delivered
4019,854,2023-09-25,Cancelled
4020,666,2023-01-09,Shipped
4021,3917,2023-05-15,Processing
4022,1686,2023-04-17,Shipped
4023,3533,2023-12-13,Processing
4024,1736,2023-05-20,Shipped
4025,1990,2023-12-24,Processing
4026,2224,2023-08-16,Delivered
4027,2092,2023-01-30,Cancelled
4028,3953,2023-01-21,Shipped
4029,4600,2023-06-07,Processing
4030,2081,2023-06-05,Cancelled
4031,4637,2023-04-05,Delivered
4032,4984,2023-12-11,Processing
4033,1687,2023-11-29,Cancelled
4034,280,2023-09-11,Cancelled
4035,2861,2023-01-22,Shipped
4036,149,2023-03-06,Cancelled
4037,4937,2023-06-30,Cancelled
4038,2913,2023-05-07,Cancelled
4039,1093,2023-02-19,Cancelled
4040,1504,2023-03-20,Cancelled
4041,461,2023-10-11,Delivered
4042,3607,2023-05-24,Cancelled
4043,689,2023-10-27,Delivered
4044,4200,2023-08-09,Shipped
4045,3507,2023-02-19,Cancelled
4046,4101,2023-10-28,Cancelled
4047,1502,2023-09-25,Shipped
4048,2480,2023-03-21,Cancelled
4049,529,2023-09-02,Cancelled
4050,3345,2023-03-10,Cancelled
4051,990,2023-11-10,Delivered
4052,4301,2023-05-04,Delivered
4053,4009,2023-12-16,Delivered
4054,993,2023-03-07,Delivered
4055,4201,2023-01-17,Processing
4056,3399,2023-07-31,Delivered
4057,2760,2023-12-28,Delivered
4058,2835,2023-04-15,Processing
4059,3052,2023-11-04,Cancelled
4060,577,2023-07-15,Cancelled
4061,3632,2023-10-04,Shipped
4062,3841,2023-02-02,Shipped
4063,1362,2023-11-10,Processing
4064,4126,2023-02-17,Delivered
4065,491,2023-02-21,Shipped
4066,3088,2023-12-16,Delivered
4067,488,2023-08-05,Processing
4068,4946,2023-01-13,Shipped
4069,3028,2023-07-11,Shipped
4070,3351,2023-07-14,Processing
4071,3276,2023-05-03,Cancelled
4072,2707,2023-02-20,Shipped
4073,3339,2023-05-20,Delivered
4074,3246,2023-01-01,Processing
4075,4493,2023-09-01,Cancelled
4076,1261,2023-07-04,Delivered
4077,80,2023-07-21,Delivered
4078,384,2023-10-22,Shipped
4079,3093,2023-11-06,Delivered
4080,1489,2023-08-11,Delivered
4081,4027,2023-02-11,Delivered
4082,996,2023-11-13,Shipped
4083,4000,2023-12-18,Delivered
4084,4666,2023-05-25,Processing
4085,2255,2023-09-22,Cancelled
4086,3553,2023-03-24,Processing
4087,2700,2023-11-13,Delivered
4088,1562,2023-05-21,Delivered
4089,2182,2023-10-05,Shipped
4090,3829,2023-07-09,Shipped
4091,561,2023-06-26,Processing
4092,1377,2023-03-17,Processing
4093,2288,2023-05-16,Shipped
4094,4021,2023-02-06,Shipped
4095,1379,2023-04-09,Processing
4096,1646,2023-12-03,Processing
4097,1986,2023-07-15,Processing
4098,2535,2023-11-25,Delivered
4099,3655,2023-08-15,Shipped
4100,455,2023-01-07,Processing
4101,3286,2023-09-24,Cancelled
4102,4225,2023-03-16,Shipped
4103,4785,2023-06-13,Shipped
4104,1114,2023-03-14,Processing
4105,4766,2023-06-05,Cancelled
4106,2007,2023-08-18,Shipped
4107,1960,2023-04-21,Delivered
4108,4418,2023-12-03,Processing
4109,4336,2023-01-12,Processing
4110,3759,2023-11-16,Processing
4111,4017,2023-12-19,Shipped
4112,3600,2023-11-05,Delivered
4113,1197,2023-01-16,Processing
4114,28,2023-10-18,Delivered
4115,1724,2023-05-12,Delivered
4116,4924,2023-09-04,Shipped
4117,2751,2023-12-16,Shipped
4118,2862,2023-01-19,Cancelled
4119,100,2023-08-10,Cancelled
4120,1995,2023-04-07,Cancelled
4121,1554,2023-03-10,Cancelled
4122,130,2023-06-18,Delivered
4123,2351,2023-04-29,Processing
4124,1201,2023-08-13,Cancelled
4125,4441,2023-02-25,Delivered
4126,483,2023-10-15,Delivered
4127,4994,2023-10-07,Shipped
4128,4095,2023-12-09,Shipped
4129,877,2023-08-19,Delivered
4130,444,2023-02-11,Processing
4131,2437,2023-10-13,Shipped
4132,3929,2023-09-08,Cancelled
4133,3529,2023-06-28,Cancelled
4134,1081,2023-04-03,Processing
4135,3898,2023-12-28,Delivered
4136,1257,2023-07-13,Processing
4137,2083,2023-08-13,Cancelled
4138,967,2023-02-10,Processing
4139,4991,2023-09-26,Shipped
4140,583,2023-11-10,Delivered
4141,3231,2023-06-05,Shipped
4142,2790,2023-03-08,Processing
4143,2824,2023-01-19,Shipped
4144,4711,2023-02-15,Processing
4145,99,2023-04-30,Cancelled
4146,4931,2023-01-10,Processing
4147,2131,2023-03-09,Delivered
4148,218,2023-09-10,Processing
4149,759,2023-08-24,Delivered
4150,3260,2023-07-13,Shipped
4151,1573,2023-09-24,Shipped
4152,4531,2023-06-22,Shipped
4153,1299,2023-05-22,Delivered
4154,4307,2023-03-25,Delivered
4155,1892,2023-10-02,Cancelled
4156,1618,2023-03-21,Cancelled
4157,3907,2023-08-24,Cancelled
4158,2365,2023-12-06,Cancelled
4159,2495,2023-03-29,Processing
4160,2414,2023-12-14,Cancelled
4161,275,2023-06-03,Cancelled
4162,1826,2023-05-24,Processing
4163,4077,2023-03-09,Delivered
4164,3910,2023-09-19,Shipped
4165,3533,2023-11-09,Shipped
4166,1115,2023-02-03,Cancelled
4167,4971,2023-12-09,Cancelled
4168,1982,2023-09-08,Cancelled
4169,2131,2023-02-15,Shipped
4170,4510,2023-02-07,Shipped
4171,3628,2023-06-01,Cancelled
4172,4968,2023-08-24,Cancelled
4173,564,2023-08-28,Cancelled
4174,3728,2023-01-20,Shipped
4175,3407,2023-10-06,Delivered
4176,580,2023-02-17,Delivered
4177,3781,2023-12-17,Shipped
4178,3893,2023-01-05,Shipped
4179,349,2023-08-13,Cancelled
4180,3897,2023-07-16,Shipped
4181,4608,2023-07-03,Delivered
4182,4918,2023-08-03,Cancelled
4183,3745,2023-05-05,Processing
4184,1905,2023-07-07,Cancelled
4185,4026,2023-06-14,Shipped
4186,407,2023-10-28,Processing
4187,2299,2023-08-23,Cancelled
4188,2608,2023-09-30,Cancelled
4189,1981,2023-06-27,Processing
4190,3110,2023-03-07,Processing
4191,1172,2023-06-18,Shipped
4192,1865,2023-08-27,Delivered
4193,3496,2023-05-14,Shipped
4194,3636,2023-08-30,Delivered
4195,4536,2023-12-29,Cancelled
4196,3217,2023-03-14,Cancelled
4197,3635,2023-05-24,Delivered
4198,4923,2023-05-09,Shipped
4199,4534,2023-07-30,Shipped
4200,4853,2023-01-11,Delivered
4201,1313,2023-09-17,Delivered
4202,885,2023-01-01,Processing
4203,555,2023-04-09,Delivered
4204,1945,2023-11-27,Shipped
4205,2300,2023-05-30,Shipped
4206,4789,2023-07-26,Cancelled
4207,4034,2023-02-06,Cancelled
4208,4745,2023-01-15,Shipped
4209,4864,2023-03-14,Cancelled
4210,524,2023-12-20,Processing
4211,1059,2023-02-17,Cancelled
4212,2570,2023-03-12,Shipped
4213,3850,2023-12-18,Processing
4214,1756,2023-02-26,Shipped
4215,4912,2023-01-22,Shipped
4216,1706,2023-08-08,Shipped
4217,4727,2023-06-10,Processing
4218,3730,2023-09-24,Processing
4219,240,2023-07-03,Shipped
4220,2729,2023-10-17,Processing
4221,4814,2023-10-05,Cancelled
4222,2308,2023-04-09,Processing
4223,2567,2023-07-24,Shipped
4224,1303,2023-03-29,Delivered
4225,3728,2023-07-11,Shipped
4226,995,2023-05-06,Delivered
4227,2537,2023-08-30,Cancelled
4228,3169,2023-03-30,Processing
4229,254,2023-07-27,Cancelled
4230,2645,2023-08-04,Processing
4231,3511,2023-01-23,Delivered
4232,4998,2023-01-14,Shipped
4233,2940,2023-04-11,Processing
4234,773,2023-03-10,Cancelled
4235,4244,2023-01-13,Shipped
4236,4897,2023-04-23,Shipped
4237,241,2023-09-21,Processing
4238,3687,2023-10-04,Processing
4239,646,2023-04-09,Shipped
4240,2441,2023-11-20,Processing
4241,4060,2023-11-07,Shipped
4242,420,2023-07-24,Shipped
4243,218,2023-09-13,Cancelled
4244,3650,2023-02-02,Cancelled
4245,144,2023-02-21,Cancelled
4246,627,2023-04-03,Processing
4247,919,2023-01-28,Delivered
4248,531,2023-12-31,Shipped
4249,1713,2023-09-17,Delivered
4250,4515,2023-12-01,Cancelled
4251,3541,2023-11-17,Processing
4252,4542,2023-08-25,Cancelled
4253,1590,2023-08-05,Shipped
4254,3986,2023-08-20,Cancelled
4255,1584,2023-01-10,Processing
4256,4777,2023-11-30,Shipped
4257,4004,2023-01-12,Delivered
4258,3420,2023-02-27,Cancelled
4259,3357,2023-01-28,Processing
4260,94,2023-06-11,Cancelled
4261,4271,2023-05-11,Cancelled
4262,1318,2023-04-18,Shipped
4263,2477,2023-10-22,Processing
4264,374,2023-04-19,Processing
4265,4523,2023-11-04,Processing
4266,3847,2023-08-06,Delivered
4267,4298,2023-10-09,Processing
4268,4094,2023-05-18,Processing
4269,3317,2023-06-21,Shipped
4270,1531,2023-05-25,Shipped
4271,2713,2023-02-20,Processing
4272,4082,2023-10-26,Shipped
4273,3332,2023-06-18,Shipped
4274,2954,2023-07-04,Shipped
4275,792,2023-03-20,Delivered
4276,4211,2023-12-19,Cancelled
4277,539,2023-01-10,Delivered
4278,1683,2023-01-02,Delivered
4279,4165,2023-02-22,Processing
4280,2199,2023-03-19,Shipped
4281,4371,2023-04-02,Processing
4282,3174,2023-12-04,Cancelled
4283,3940,2023-03-11,Cancelled
4284,4843,2023-01-27,Delivered
4285,4546,2023-06-23,Delivered
4286,1080,2023-11-22,Shipped
4287,1900,2023-12-16,Cancelled
4288,4428,2023-10-18,Shipped
4289,2534,2023-09-07,Processing
4290,3882,2023-01-16,Delivered
4291,3265,2023-01-15,Processing
4292,3340,2023-07-24,Processing
4293,3959,2023-07-05,Cancelled
4294,2546,2023-04-06,Shipped
4295,1950,2023-06-15,Shipped
4296,1467,2023-10-02,Delivered
4297,3835,2023-11-29,Shipped
4298,3402,2023-03-07,Cancelled
4299,4601,2023-02-07,Delivered
4300,1532,2023-10-19,Processing
4301,3813,2023-02-07,Delivered
4302,3757,2023-04-28,Delivered
4303,2193,2023-09-21,Cancelled
4304,3040,2023-12-01,Cancelled
4305,2352,2023-09-30,Processing
4306,3731,2023-01-20,Processing
4307,677,2023-07-01,Shipped
4308,286,2023-11-07,Cancelled
4309,1781,2023-02-19,Shipped
4310,1136,2023-04-01,Delivered
4311,3848,2023-01-27,Cancelled
4312,2395,2023-02-16,Cancelled
4313,4506,2023-08-28,Cancelled
4314,1504,2023-10-18,Processing
4315,3656,2023-01-06,Cancelled
4316,3680,2023-06-22,Delivered
4317,447,2023-07-22,Cancelled
4318,1254,2023-08-04,Shipped
4319,3592,2023-01-11,Delivered
4320,3435,2023-11-01,Delivered
4321,53,2023-10-22,Cancelled
4322,3112,2023-06-18,Processing
4323,2760,2023-10-03,Cancelled
4324,2401,2023-05-24,Cancelled
4325,529,2023-11-19,Cancelled
4326,2705,2023-12-20,Delivered
4327,1119,2023-03-05,Shipped
4328,486,2023-11-25,Processing
4329,2447,2023-08-20,Delivered
4330,1240,2023-04-13,Cancelled
4331,3489,2023-11-17,Processing
4332,4030,2023-08-12,Processing
4333,1233,2023-12-31,Delivered
4334,3675,2023-10-21,Delivered
4335,2342,2023-06-18,Shipped
4336,722,2023-03-15,Cancelled
4337,4989,2023-01-13,Processing
4338,4941,2023-12-04,Delivered
4339,147,2023-04-17,Delivered
4340,4009,2023-07-06,Cancelled
4341,2125,2023-10-06,Processing
4342,624,2023-11-20,Delivered
4343,102,2023-01-25,Processing
4344,4194,2023-07-27,Processing
4345,4098,2023-10-29,Shipped
4346,1666,2023-10-16,Delivered
4347,1695,2023-10-20,Cancelled
4348,3162,2023-08-15,Delivered
4349,527,2023-03-23,Cancelled
4350,2948,2023-04-14,Delivered
4351,3215,2023-12-30,Processing
4352,1707,2023-11-13,Cancelled
4353,1969,2023-07-17,Shipped
4354,481,2023-03-26,Shipped
4355,2427,2023-12-30,Shipped
4356,4158,2023-10-07,Cancelled
4357,3737,2023-08-26,Shipped
4358,3450,2023-09-30,Delivered
4359,3129,2023-07-15,Processing
4360,883,2023-09-08,Processing
4361,4537,2023-07-13,Shipped
4362,295,2023-01-14,Delivered
4363,1236,2023-06-12,Processing
4364,2749,2023-01-04,Delivered
4365,4956,2023-02-07,Processing
4366,3926,2023-09-10,Cancelled
4367,2616,2023-09-06,Cancelled
4368,1450,2023-11-25,Cancelled
4369,2657,2023-04-27,Cancelled
4370,84,2023-11-14,Shipped
4371,4570,2023-08-01,Processing
4372,3249,2023-02-08,Shipped
4373,44,2023-06-28,Processing
4374,1736,2023-03-10,Delivered
4375,3107,2023-03-13,Shipped
4376,3922,2023-12-25,Delivered
4377,4866,2023-05-19,Cancelled
4378,1384,2023-01-03,Cancelled
4379,4159,2023-12-05,Processing
4380,136,2023-12-13,Processing
4381,1614,2023-01-27,Shipped
4382,1067,2023-08-16,Processing
4383,2600,2023-02-26,Delivered
4384,2123,2023-06-07,Processing
4385,3622,2023-03-05,Shipped
4386,984,2023-03-16,Cancelled
4387,1338,2023-05-01,Processing
4388,4111,2023-04-11,Delivered
4389,3450,2023-10-22,Shipped
4390,3398,2023-09-21,Cancelled
4391,1282,2023-05-01,Cancelled
4392,2898,2023-08-01,Cancelled
4393,873,2023-05-28,Shipped
4394,1720,2023-11-12,Processing
4395,1432,2023-07-12,Shipped
4396,1639,2023-09-30,Delivered
4397,554,2023-02-28,Delivered
4398,1036,2023-10-31,Shipped
4399,4973,2023-10-01,Cancelled
4400,4873,2023-08-18,Shipped
4401,3429,2023-11-09,Shipped
4402,242,2023-08-31,Shipped
4403,1900,2023-04-16,Processing
4404,3790,2023-05-14,Shipped
4405,4454,2023-05-06,Delivered
4406,3824,2023-07-11,Cancelled
4407,3164,2023-04-16,Delivered
4408,1270,2023-03-29,Delivered
4409,1457,2023-12-14,Shipped
4410,3499,2023-01-15,Delivered
4411,4772,2023-07-16,Processing
4412,4934,2023-06-09,Processing
4413,251,2023-02-11,Delivered
4414,3681,2023-03-15,Shipped
4415,4988,2023-12-22,Delivered
4416,1434,2023-04-09,Processing
4417,921,2023-11-05,Shipped
4418,1866,2023-06-06,Shipped
4419,1388,2023-02-12,Delivered
4420,1131,2023-12-04,Shipped
4421,579,2023-10-25,Delivered
4422,4564,2023-03-01,Processing
4423,762,2023-08-11,Shipped
4424,3286,2023-12-20,Delivered
4425,4712,2023-11-30,Processing
4426,4768,2023-06-07,Delivered
4427,4063,2023-05-05,Cancelled
4428,815,2023-04-29,Cancelled
4429,3361,2023-11-13,Processing
4430,235,2023-11-08,Delivered
4431,2425,2023-04-21,Shipped
4432,1374,2023-09-22,Processing
4433,961,2023-10-24,Delivered
4434,420,2023-04-20,Processing
4435,26,2023-10-07,Processing
4436,4669,2023-06-03,Shipped
4437,3724,2023-02-22,Delivered
4438,455,2023-01-23,Delivered
4439,1758,2023-11-26,Cancelled
4440,2928,2023-11-09,Shipped
4441,2167,2023-07-18,Processing
4442,1836,2023-05-24,Cancelled
4443,4615,2023-03-23,Shipped
4444,2198,2023-11-22,Delivered
4445,2133,2023-10-18,Delivered
4446,3609,2023-02-15,Shipped
4447,851,2023-05-09,Cancelled
4448,1607,2023-08-02,Shipped
4449,2855,2023-11-13,Processing
4450,2208,2023-05-30,Processing
4451,2007,2023-11-22,Cancelled
4452,2910,2023-05-23,Delivered
4453,4761,2023-01-21,Processing
4454,2518,2023-08-03,Cancelled
4455,4402,2023-05-18,Processing
4456,2680,2023-03-26,Shipped
4457,1340,2023-11-06,Delivered
4458,3836,2023-01-30,Shipped
4459,3248,2023-01-28,Delivered
4460,4735,2023-04-10,Cancelled
4461,4460,2023-02-23,Cancelled
4462,516,2023-06-29,Cancelled
4463,3801,2023-08-08,Delivered
4464,398,2023-04-15,Processing
4465,1915,2023-09-01,Delivered
4466,7,2023-06-26,Processing
4467,408,2023-07-26,Cancelled
4468,842,2023-04-23,Cancelled
4469,4179,2023-05-19,Shipped
4470,675,2023-11-16,Delivered
4471,1820,2023-07-14,Processing
4472,3977,2023-02-06,Delivered
4473,22,2023-12-20,Shipped
4474,1671,2023-02-24,Shipped
4475,2926,2023-06-24,Cancelled
4476,1555,2023-07-25,Processing
4477,1176,2023-05-03,Processing
4478,3816,2023-03-13,Cancelled
4479,4357,2023-10-27,Shipped
4480,964,2023-07-16,Delivered
4481,1045,2023-05-18,Shipped
4482,932,2023-09-30,Processing
4483,4760,2023-08-30,Cancelled
4484,1851,2023-01-13,Delivered
4485,4389,2023-03-29,Shipped
4486,33,2023-05-06,Processing
4487,3159,2023-10-29,Shipped
4488,298,2023-05-17,Processing
4489,365,2023-09-14,Cancelled
4490,3130,2023-07-04,Delivered
4491,2309,2023-01-25,Delivered
4492,2387,2023-12-29,Shipped
4493,3524,2023-07-09,Delivered
4494,2193,2023-07-30,Shipped
4495,2582,2023-12-13,Cancelled
4496,1727,2023-10-07,Processing
4497,2596,2023-07-08,Delivered
4498,1343,2023-04-04,Cancelled
4499,3084,2023-06-29,Processing
4500,1,2023-01-07,Cancelled
4501,194,2023-07-14,Delivered
4502,4833,2023-07-05,Delivered
4503,4369,2023-09-13,Cancelled
4504,3396,2023-03-30,Shipped
4505,4373,2023-03-09,Cancelled
4506,2576,2023-04-11,Delivered
4507,1091,2023-09-25,Cancelled
4508,3839,2023-06-26,Delivered
4509,4243,2023-03-13,Shipped
4510,2792,2023-11-18,Shipped
4511,348,2023-02-22,Processing
4512,450,2023-06-28,Delivered
4513,2453,2023-11-12,Delivered
4514,820,2023-02-24,Shipped
4515,3702,2023-12-27,Processing
4516,4924,2023-06-25,Cancelled
4517,1108,2023-03-14,Delivered
4518,3465,2023-07-31,Shipped
4519,112,2023-02-19,Cancelled
4520,1500,2023-06-30,Cancelled
4521,3180,2023-07-13,Processing
4522,1175,2023-10-06,Cancelled
4523,112,2023-07-18,Shipped
4524,2925,2023-10-19,Processing
4525,91,2023-03-21,Cancelled
4526,1357,2023-05-06,Shipped
4527,883,2023-03-05,Delivered
4528,2153,2023-10-14,Delivered
4529,2566,2023-07-16,Processing
4530,1836,2023-11-23,Delivered
4531,2423,2023-12-15,Processing
4532,1316,2023-09-03,Shipped
4533,2292,2023-04-24,Delivered
4534,2909,2023-08-25,Processing
4535,154,2023-12-29,Shipped
4536,3988,2023-03-12,Cancelled
4537,310,2023-05-24,Processing
4538,4117,2023-10-10,Processing
4539,2113,2023-09-11,Cancelled
4540,2026,2023-04-05,Processing
4541,751,2023-03-23,Cancelled
4542,4529,2023-03-30,Shipped
4543,4949,2023-01-05,Delivered
4544,709,2023-08-05,Processing
4545,3942,2023-12-16,Cancelled
4546,3120,2023-12-27,Delivered
4547,4702,2023-12-29,Shipped
4548,2147,2023-10-11,Cancelled
4549,1507,2023-10-21,Delivered
4550,3395,2023-12-02,Shipped
4551,1169,2023-01-18,Cancelled
4552,1510,2023-10-25,Shipped
4553,665,2023-06-25,Shipped
4554,3666,2023-01-14,Cancelled
4555,2418,2023-02-12,Cancelled
4556,1588,2023-01-29,Processing
4557,2151,2023-03-04,Delivered
4558,3147,2023-05-08,Delivered
4559,2046,2023-08-11,Shipped
4560,1806,2023-04-25,Cancelled
4561,1556,2023-04-03,Cancelled
4562,2448,2023-09-25,Cancelled
4563,4611,2023-03-15,Processing
4564,1654,2023-02-13,Delivered
4565,4576,2023-11-09,Processing
4566,4282,2023-06-13,Processing
4567,3911,2023-11-26,Cancelled
4568,4058,2023-08-20,Processing
4569,2870,2023-03-15,Delivered
4570,4317,2023-12-15,Delivered
4571,875,2023-05-29,Shipped
4572,3166,2023-11-21,Processing
4573,805,2023-02-19,Delivered
4574,874,2023-04-18,Shipped
4575,712,2023-03-18,Cancelled
4576,2604,2023-10-08,Processing
4577,4546,2023-03-20,Cancelled
4578,4409,2023-02-22,Shipped
4579,3048,2023-11-29,Processing
4580,1104,2023-11-04,Processing
4581,1300,2023-09-10,Processing
4582,3747,2023-08-27,Cancelled
4583,279,2023-02-07,Shipped
4584,725,2023-10-05,Cancelled
4585,3512,2023-12-24,Cancelled
4586,2517,2023-04-21,Processing
4587,919,2023-12-31,Delivered
4588,4941,2023-05-30,Cancelled
4589,3975,2023-05-03,Delivered
4590,396,2023-07-27,Processing
4591,3128,2023-08-03,Shipped
4592,3310,2023-09-16,Processing
4593,3241,2023-06-21,Processing
4594,814,2023-11-04,Delivered
4595,3882,2023-07-12,Processing
4596,2157,2023-12-20,Delivered
4597,1890,2023-10-25,Delivered
4598,3816,2023-10-25,Delivered
4599,1943,2023-10-23,Delivered
4600,1105,2023-10-11,Shipped
4601,4658,2023-09-29,Processing
4602,1614,2023-10-05,Delivered
4603,3682,2023-06-20,Shipped
4604,4694,2023-01-19,Processing
4605,1765,2023-12-01,Processing
4606,2318,2023-05-17,Shipped
4607,4390,2023-06-26,Processing
4608,3478,2023-12-23,Shipped
4609,3298,2023-04-08,Shipped
4610,4060,2023-03-29,Delivered
4611,691,2023-04-11,Processing
4612,4694,2023-11-02,Processing
4613,46,2023-11-14,Processing
4614,2811,2023-08-12,Delivered
4615,404,2023-04-01,Processing
4616,4009,2023-05-14,Cancelled
4617,3186,2023-12-23,Processing
4618,3392,2023-06-30,Cancelled
4619,2273,2023-04-29,Delivered
4620,3169,2023-07-24,Cancelled
4621,1553,2023-09-07,Cancelled
4622,4165,2023-12-05,Cancelled
4623,3548,2023-05-06,Delivered
4624,2929,2023-09-10,Processing
4625,4647,2023-02-04,Delivered
4626,3058,2023-02-22,Shipped
4627,4845,2023-09-23,Shipped
4628,2099,2023-03-05,Cancelled
4629,1888,2023-07-20,Delivered
4630,4659,2023-08-15,Processing
4631,4380,2023-08-23,Shipped
4632,574,2023-02-19,Processing
4633,363,2023-03-16,Cancelled
4634,3092,2023-03-25,Delivered
4635,3292,2023-06-18,Cancelled
4636,776,2023-02-04,Cancelled
4637,2844,2023-07-14,Processing
4638,3141,2023-03-11,Delivered
4639,3107,2023-01-24,Shipped
4640,4363,2023-05-28,Shipped
4641,4330,2023-11-18,Processing
4642,1027,2023-07-20,Delivered
4643,3553,2023-09-16,Cancelled
4644,3984,2023-07-18,Shipped
4645,4667,2023-10-03,Delivered
4646,2767,2023-11-26,Processing
4647,2694,2023-11-13,Shipped
4648,2466,2023-02-21,Processing
4649,2481,2023-03-28,Shipped
4650,267,2023-11-22,Processing
4651,4589,2023-09-09,Cancelled
4652,3123,2023-12-26,Shipped
4653,1422,2023-08-26,Cancelled
4654,1382,2023-12-09,Cancelled
4655,3296,2023-10-12,Delivered
4656,39,2023-10-29,Shipped
4657,3715,2023-12-14,Shipped
4658,3931,2023-09-28,Shipped
4659,2138,2023-06-23,Processing
4660,71,2023-07-28,Delivered
4661,634,2023-11-25,Shipped
4662,420,2023-01-20,Processing
4663,1222,2023-09-08,Shipped
4664,887,2023-09-26,Cancelled
4665,2436,2023-03-22,Shipped
4666,4018,2023-07-26,Delivered
4667,993,2023-03-02,Processing
4668,2252,2023-06-06,Shipped
4669,736,2023-02-24,Cancelled
4670,4684,2023-06-12,Cancelled
4671,401,2023-07-25,Cancelled
4672,3709,2023-02-19,Shipped
4673,982,2023-01-12,Processing
4674,716,2023-09-19,Shipped
4675,803,2023-07-03,Processing
4676,2979,2023-12-20,Cancelled
4677,2976,2023-12-09,Processing
4678,2809,2023-01-21,Processing
4679,841,2023-10-17,Shipped
4680,4470,2023-06-22,Delivered
4681,983,2023-09-30,Delivered
4682,3582,2023-09-30,Cancelled
4683,2111,2023-05-25,Delivered
4684,2603,2023-07-14,Processing
4685,1510,2023-12-17,Shipped
4686,4616,2023-01-15,Cancelled
4687,629,2023-04-04,Delivered
4688,3310,2023-03-14,Cancelled
4689,4688,2023-09-16,Delivered
4690,1997,2023-12-27,Shipped
4691,369,2023-09-03,Cancelled
4692,4363,2023-12-26,Processing
4693,4570,2023-05-23,Processing
4694,4710,2023-01-08,Shipped
4695,57,2023-12-17,Processing
4696,969,2023-01-09,Shipped
4697,2390,2023-12-23,Delivered
4698,3800,2023-10-12,Delivered
4699,2662,2023-12-13,Delivered
4700,1603,2023-02-07,Processing
4701,4228,2023-05-27,Cancelled
4702,3695,2023-12-25,Cancelled
4703,253,2023-05-09,Processing
4704,2960,2023-02-23,Processing
4705,4430,2023-05-03,Cancelled
4706,4004,2023-01-25,Shipped
4707,2255,2023-11-07,Cancelled
4708,307,2023-05-09,Delivered
4709,2211,2023-02-01,Delivered
4710,2046,2023-03-04,Delivered
4711,1213,2023-12-06,Processing
4712,2243,2023-09-18,Shipped
4713,964,2023-04-07,Shipped
4714,3990,2023-04-15,Shipped
4715,3480,2023-07-29,Shipped
4716,716,2023-05-30,Cancelled
4717,2203,2023-03-25,Shipped
4718,2513,2023-08-01,Cancelled
4719,2443,2023-11-10,Cancelled
4720,3919,2023-11-17,Processing
4721,4892,2023-12-19,Processing
4722,1181,2023-10-31,Cancelled
4723,4051,2023-08-09,Processing
4724,4100,2023-11-25,Delivered
4725,4598,2023-05-25,Cancelled
4726,4365,2023-04-27,Processing
4727,682,2023-05-16,Cancelled
4728,219,2023-01-14,Delivered
4729,4758,2023-01-12,Cancelled
4730,4739,2023-08-31,Delivered
4731,4585,2023-09-16,Shipped
4732,4481,2023-08-11,Shipped
4733,63,2023-05-26,Shipped
4734,485,2023-08-17,Shipped
4735,1203,2023-09-27,Cancelled
4736,4314,2023-02-21,Delivered
4737,3144,2023-09-20,Shipped
4738,1481,2023-09-14,Shipped
4739,1869,2023-10-22,Delivered
4740,4624,2023-10-26,Shipped
4741,988,2023-02-02,Delivered
4742,4800,2023-02-11,Delivered
4743,1821,2023-04-26,Cancelled
4744,4733,2023-08-21,Delivered
4745,145,2023-04-19,Shipped
4746,2185,2023-01-04,Delivered
4747,1809,2023-09-28,Shipped
4748,4951,2023-04-24,Cancelled
4749,122,2023-09-09,Delivered
4750,1046,2023-05-15,Delivered
4751,3252,2023-09-20,Cancelled
4752,3350,2023-08-13,Processing
4753,4073,2023-07-27,Processing
4754,4129,2023-10-28,Delivered
4755,1365,2023-11-01,Processing
4756,587,2023-09-20,Processing
4757,2131,2023-07-23,Delivered
4758,4724,2023-02-09,Cancelled
4759,1737,2023-10-19,Shipped
4760,773,2023-03-22,Delivered
4761,3101,2023-12-10,Shipped
4762,3489,2023-08-08,Shipped
4763,4626,2023-01-23,Cancelled
4764,1148,2023-07-20,Cancelled
4765,2546,2023-12-02,Shipped
4766,1742,2023-03-17,Shipped
4767,2526,2023-12-30,Delivered
4768,2105,2023-02-21,Cancelled
4769,809,2023-03-13,Cancelled
4770,2848,2023-02-14,Delivered
4771,1540,2023-12-25,Processing
4772,1863,2023-02-09,Shipped
4773,2899,2023-12-18,Shipped
4774,4131,2023-05-29,Delivered
4775,2536,2023-07-27,Processing
4776,3679,2023-01-11,Shipped
4777,2073,2023-09-27,Shipped
4778,1705,2023-03-08,Processing
4779,1664,2023-08-23,Processing
4780,3446,2023-10-24,Processing
4781,4627,2023-07-06,Cancelled
4782,4113,2023-07-19,Processing
4783,2438,2023-07-22,Delivered
4784,367,2023-07-14,Cancelled
4785,1685,2023-03-25,Processing
4786,3154,2023-06-14,Processing
4787,2284,2023-05-03,Cancelled
4788,2263,2023-04-17,Shipped
4789,4085,2023-10-02,Delivered
4790,953,2023-11-18,Cancelled
4791,4590,2023-09-28,Cancelled
4792,2183,2023-05-13,Cancelled
4793,4310,2023-08-15,Cancelled
4794,3533,2023-01-09,Shipped
4795,4188,2023-02-10,Shipped
4796,2147,2023-12-27,Processing
4797,2724,2023-05-01,Cancelled
4798,3582,2023-11-10,Delivered
4799,4234,2023-07-20,Shipped
4800,183,2023-06-27,Delivered
4801,4592,2023-09-15,Cancelled
4802,4071,2023-04-02,Delivered
4803,4829,2023-04-14,Cancelled
4804,4141,2023-04-05,Cancelled
4805,3362,2023-04-20,Processing
4806,1441,2023-06-04,Delivered
4807,1533,2023-01-17,Cancelled
4808,2189,2023-04-07,Cancelled
4809,2150,2023-08-16,Cancelled
4810,4593,2023-09-28,Cancelled
4811,2428,2023-06-01,Delivered
4812,331,2023-03-12,Delivered
4813,43,2023-02-15,Delivered
4814,423,2023-10-17,Processing
4815,2289,2023-11-25,Processing
4816,1735,2023-09-17,Processing
4817,1506,2023-02-03,Processing
4818,3752,2023-10-05,Delivered
4819,4214,2023-10-29,Shipped
4820,3286,2023-09-09,Shipped
4821,624,2023-02-28,Shipped
4822,1674,2023-11-15,Shipped
4823,3374,2023-10-09,Shipped
4824,4377,2023-01-18,Delivered
4825,4704,2023-02-07,Delivered
4826,1133,2023-10-22,Shipped
4827,2086,2023-01-07,Processing
4828,729,2023-05-13,Processing
4829,2292,2023-09-13,Cancelled
4830,3307,2023-04-03,Cancelled
4831,1804,2023-12-23,Processing
4832,3027,2023-08-22,Processing
4833,795,2023-03-26,Shipped
4834,260,2023-03-08,Processing
4835,3009,2023-10-10,Cancelled
4836,4082,2023-06-28,Processing
4837,929,2023-01-07,Processing
4838,1810,2023-12-22,Cancelled
4839,1729,2023-10-16,Cancelled
4840,3464,2023-09-29,Cancelled
4841,3126,2023-11-21,Cancelled
4842,3913,2023-01-19,Cancelled
4843,296,2023-12-27,Cancelled
4844,2966,2023-08-19,Cancelled
4845,514,2023-10-03,Processing
4846,1821,2023-12-23,Delivered
4847,1496,2023-10-14,Processing
4848,2897,2023-05-17,Delivered
4849,3707,2023-04-30,Shipped
4850,4852,2023-03-14,Cancelled
4851,2449,2023-12-30,Processing
4852,1533,2023-07-07,Cancelled
4853,3936,2023-05-18,Delivered
4854,1286,2023-09-09,Shipped
4855,285,2023-06-09,Processing
4856,1047,2023-01-23,Delivered
4857,3780,2023-04-08,Shipped
4858,4151,2023-05-10,Delivered
4859,1146,2023-02-15,Delivered
4860,4627,2023-05-23,Shipped
4861,1861,2023-12-24,Processing
4862,4590,2023-12-16,Cancelled
4863,3091,2023-04-24,Shipped
4864,2763,2023-11-18,Delivered
4865,4113,2023-06-15,Processing
4866,221,2023-03-25,Shipped
4867,2428,2023-07-21,Processing
4868,3006,2023-02-19,Delivered
4869,4807,2023-01-28,Shipped
4870,386,2023-02-28,Delivered
4871,2408,2023-04-22,Processing
4872,3796,2023-10-31,Processing
4873,3038,2023-11-16,Delivered
4874,4779,2023-05-17,Processing
4875,1008,2023-06-02,Processing
4876,2508,2023-04-06,Processing
4877,3914,2023-10-13,Delivered
4878,47,2023-09-29,Delivered
4879,1067,2023-11-19,Shipped
4880,2413,2023-07-19,Shipped
4881,1027,2023-06-18,Shipped
4882,4905,2023-03-11,Delivered
4883,2159,2023-10-02,Cancelled
4884,335,2023-01-03,Processing
4885,721,2023-08-20,Processing
4886,2076,2023-03-27,Shipped
4887,4960,2023-11-26,Delivered
4888,4716,2023-12-31,Shipped
4889,3211,2023-10-02,Delivered
4890,2119,2023-03-30,Delivered
4891,4265,2023-09-10,Delivered
4892,4838,2023-12-10,Cancelled
4893,818,2023-10-07,Processing
4894,4924,2023-07-26,Shipped
4895,2683,2023-10-18,Shipped
4896,957,2023-06-11,Shipped
4897,2544,2023-11-06,Processing
4898,3192,2023-03-29,Processing
4899,344,2023-05-19,Cancelled
4900,2347,2023-03-27,Shipped
4901,1492,2023-03-03,Shipped
4902,3236,2023-08-12,Processing
4903,4703,2023-01-18,Shipped
4904,1357,2023-07-31,Shipped
4905,906,2023-12-10,Cancelled
4906,4912,2023-07-29,Processing
4907,2598,2023-06-05,Processing
4908,3898,2023-03-19,Delivered
4909,3202,2023-07-25,Shipped
4910,1666,2023-01-07,Processing
4911,3728,2023-11-29,Cancelled
4912,2995,2023-11-06,Shipped
4913,2451,2023-03-15,Cancelled
4914,1022,2023-07-04,Shipped
4915,1583,2023-01-04,Cancelled
4916,4327,2023-01-02,Shipped
4917,1543,2023-04-19,Delivered
4918,3314,2023-12-21,Cancelled
4919,1210,2023-02-25,Delivered
4920,602,2023-12-03,Cancelled
4921,3715,2023-12-06,Delivered
4922,2667,2023-12-24,Delivered
4923,3234,2023-08-15,Delivered
4924,2784,2023-07-15,Cancelled
4925,4677,2023-06-10,Delivered
4926,1813,2023-11-29,Delivered
4927,779,2023-06-02,Cancelled
4928,92,2023-10-23,Shipped
4929,1421,2023-03-04,Delivered
4930,3544,2023-07-19,Delivered
4931,3472,2023-07-02,Processing
4932,273,2023-11-16,Shipped
4933,1585,2023-08-06,Shipped
4934,2639,2023-12-14,Cancelled
4935,4230,2023-09-08,Delivered
4936,3124,2023-03-02,Delivered
4937,738,2023-12-26,Processing
4938,4833,2023-12-02,Shipped
4939,1426,2023-05-27,Shipped
4940,1201,2023-05-13,Cancelled
4941,769,2023-09-23,Delivered
4942,670,2023-01-12,Processing
4943,1228,2023-10-21,Delivered
4944,1559,2023-08-27,Delivered
4945,27,2023-04-01,Processing
4946,239,2023-02-07,Cancelled
4947,1345,2023-06-12,Cancelled
4948,2524,2023-11-25,Processing
4949,4218,2023-11-19,Delivered
4950,3193,2023-02-18,Cancelled
4951,1032,2023-03-19,Shipped
4952,1699,2023-07-24,Cancelled
4953,447,2023-04-23,Delivered
4954,3657,2023-08-19,Cancelled
4955,1835,2023-02-22,Processing
4956,1466,2023-01-19,Delivered
4957,1107,2023-09-23,Processing
4958,3831,2023-08-03,Delivered
4959,2486,2023-05-07,Delivered
4960,571,2023-05-24,Delivered
4961,1633,2023-01-07,Processing
4962,2664,2023-12-07,Processing
4963,632,2023-12-03,Processing
4964,1131,2023-07-24,Cancelled
4965,1071,2023-08-07,Delivered
4966,4950,2023-05-05,Cancelled
4967,442,2023-01-17,Cancelled
4968,4625,2023-04-03,Shipped
4969,4338,2023-08-22,Delivered
4970,4654,2023-12-25,Processing
4971,3904,2023-04-11,Cancelled
4972,4764,2023-02-14,Processing
4973,720,2023-06-28,Processing
4974,334,2023-03-02,Shipped
4975,422,2023-07-18,Cancelled
4976,44,2023-07-24,Delivered
4977,4212,2023-10-22,Shipped
4978,1480,2023-09-30,Delivered
4979,587,2023-12-11,Delivered
4980,2225,2023-12-28,Shipped
4981,3751,2023-06-25,Shipped
4982,3988,2023-06-16,Cancelled
4983,2648,2023-11-06,Cancelled
4984,1306,2023-06-25,Processing
4985,3025,2023-07-09,Delivered
4986,3275,2023-04-01,Delivered
4987,3859,2023-07-09,Delivered
4988,1636,2023-10-26,Delivered
4989,4594,2023-11-25,Delivered
4990,2274,2023-09-15,Shipped
4991,2952,2023-09-13,Shipped
4992,1947,2023-06-02,Delivered
4993,2622,2023-06-15,Shipped
4994,1316,2023-01-17,Processing
4995,3680,2023-06-09,Shipped
4996,4361,2023-04-07,Processing
4997,3963,2023-04-02,Processing
4998,2191,2023-10-08,Processing
4999,2685,2023-08-15,Shipped
5000,112,2023-01-04,Delivered
