item_id,order_id,product_name,price
1,3487,Headset,195.16
2,4675,Chair,1121.28
3,3381,Monitor,331.25
4,1357,Mouse,231.73
5,3865,Desk,880.67
6,4301,Laptop,384.57
7,4418,Tablet,245.59
8,3374,Mouse,273.63
9,4963,Tablet,1130.13
10,61,Docking Station,458.0
11,4909,Chair,877.46
12,70,Webcam,210.35
13,1928,Desk,925.55
14,2102,Keyboard,1159.82
15,1229,Desk,1119.63
16,2767,Keyboard,1166.16
17,3625,Tablet,423.17
18,749,Mouse,1341.6
19,2146,Headset,267.98
20,1070,Keyboard,498.2
21,2469,Monitor,614.98
22,3672,Webcam,528.37
23,3076,Docking Station,625.35
24,4382,Tablet,1267.33
25,1719,Headset,837.47
26,4032,Laptop,446.54
27,3585,Chair,1162.61
28,3140,Webcam,1498.66
29,1515,Keyboard,279.87
30,4682,Chair,424.44
31,2813,Docking Station,1239.33
32,2741,Monitor,494.13
33,3035,Docking Station,650.12
34,4615,Tablet,311.08
35,3981,Laptop,386.06
36,1480,Docking Station,983.77
37,3203,Docking Station,1009.98
38,3939,Headset,1337.84
39,537,Tablet,1400.09
40,2103,Webcam,559.02
41,4932,Mouse,927.26
42,1942,Docking Station,144.01
43,545,Mouse,743.66
44,3672,Docking Station,1487.66
45,2800,Headset,424.86
46,4229,Laptop,726.02
47,3773,Keyboard,1365.19
48,828,Keyboard,125.16
49,4359,Desk,1235.35
50,990,Chair,465.76
51,904,Tablet,83.66
52,1175,Mouse,275.63
53,2222,Headset,433.78
54,3760,Headset,1001.11
55,4368,Headset,660.98
56,2435,Keyboard,1472.14
57,4002,Laptop,601.64
58,1431,Tablet,778.53
59,686,Keyboard,1004.08
60,4702,Docking Station,1087.87
61,4999,Monitor,1147.17
62,1273,Keyboard,156.34
63,4775,Docking Station,629.87
64,3060,Chair,1452.6
65,4986,Docking Station,1412.35
66,4552,Mouse,130.79
67,4261,Monitor,241.15
68,2565,Headset,1375.2
69,1328,Mouse,662.35
70,913,Tablet,1437.97
71,3194,Desk,1014.52
72,2180,Chair,289.96
73,709,Chair,356.92
74,3526,Webcam,985.14
75,1140,Chair,798.45
76,1822,Tablet,930.1
77,2916,Webcam,1182.85
78,1360,Chair,1110.39
79,1524,Docking Station,1188.07
80,2363,Webcam,123.19
81,3998,Chair,1338.74
82,156,Desk,340.53
83,2476,Monitor,357.76
84,4086,Monitor,1049.51
85,2619,Webcam,138.58
86,4056,Chair,319.35
87,1766,Headset,364.79
88,1503,Keyboard,1466.88
89,1689,Mouse,701.07
90,901,Desk,413.06
91,3588,Chair,701.22
92,1551,Chair,801.14
93,3815,Docking Station,1497.24
94,4422,Desk,384.51
95,3436,Chair,227.72
96,384,Laptop,1443.45
97,3112,Desk,67.84
98,439,Mouse,1303.47
99,772,Webcam,205.78
100,2204,Mouse,345.65
101,1095,Keyboard,1275.07
102,1365,Headset,896.12
103,3263,Headset,701.52
104,582,Headset,346.71
105,837,Chair,50.29
106,4239,Keyboard,1190.31
107,193,Webcam,819.07
108,3147,Webcam,301.03
109,2244,Chair,1440.68
110,2475,Keyboard,358.86
111,2994,Laptop,727.95
112,2820,Chair,473.26
113,1567,Headset,239.38
114,4568,Headset,356.66
115,1090,Tablet,743.59
116,2511,Chair,504.03
117,3324,Mouse,220.25
118,2515,Desk,1221.35
119,3031,Docking Station,1483.49
120,2722,Chair,1269.65
121,1552,Desk,137.14
122,2614,Desk,629.65
123,1610,Desk,1312.02
124,4875,Keyboard,103.7
125,3912,Mouse,561.0
126,3998,Chair,602.88
127,2323,Monitor,336.68
128,454,Docking Station,988.23
129,1729,Mouse,768.22
130,940,Webcam,1462.58
131,3136,Webcam,261.51
132,4615,Docking Station,347.29
133,1587,Docking Station,1130.83
134,4202,Monitor,854.57
135,3197,Keyboard,882.63
136,4935,Docking Station,431.91
137,3694,Webcam,1484.77
138,755,Monitor,438.36
139,2468,Headset,1469.17
140,4630,Keyboard,572.16
141,184,Laptop,196.06
142,1209,Mouse,736.34
143,4768,Laptop,1238.22
144,2737,Tablet,51.97
145,1594,Webcam,769.61
146,2217,Headset,1218.17
147,3651,Desk,1001.44
148,3389,Docking Station,536.2
149,759,Desk,182.48
150,1759,Tablet,1302.89
151,4650,Mouse,662.81
152,2187,Mouse,1122.25
153,474,Keyboard,1071.36
154,4606,Headset,520.61
155,3412,Chair,1328.44
156,2068,Desk,896.99
157,3206,Keyboard,1427.69
158,2942,Keyboard,523.68
159,989,Headset,1087.64
160,4457,Laptop,1405.35
161,2655,Webcam,250.72
162,2624,Mouse,181.73
163,1373,Tablet,278.92
164,2755,Keyboard,355.92
165,3850,Headset,388.24
166,4678,Keyboard,797.01
167,1239,Keyboard,1282.41
168,452,Keyboard,683.31
169,4131,Docking Station,35.78
170,752,Keyboard,1305.86
171,3120,Mouse,891.28
172,1492,Mouse,776.89
173,4675,Headset,1097.94
174,3763,Tablet,621.82
175,4305,Laptop,547.87
176,425,Laptop,570.92
177,3456,Chair,819.1
178,2852,Monitor,1259.39
179,3676,Desk,1028.62
180,3637,Laptop,985.04
181,934,Tablet,693.82
182,3680,Laptop,360.65
183,4455,Tablet,1486.06
184,4715,Chair,149.16
185,2570,Mouse,1260.25
186,4323,Monitor,836.43
187,4253,Docking Station,656.56
188,3023,Tablet,188.66
189,1638,Keyboard,658.53
190,4240,Docking Station,331.28
191,3992,Laptop,426.42
192,3740,Docking Station,435.8
193,391,Laptop,346.06
194,902,Monitor,112.56
195,2787,Monitor,316.0
196,1492,Chair,946.31
197,3945,Desk,457.07
198,4954,Chair,820.98
199,1640,Keyboard,101.02
200,4457,Mouse,664.21
201,2345,Desk,572.38
202,1592,Mouse,304.84
203,4894,Monitor,173.2
204,2375,Desk,214.33
205,1898,Headset,1274.8
206,3316,Keyboard,683.2
207,964,Tablet,1156.45
208,4533,Chair,1131.79
209,4380,Keyboard,706.48
210,2265,Webcam,1001.32
211,2022,Monitor,786.88
212,1790,Keyboard,1204.54
213,1894,Webcam,19.38
214,3169,Keyboard,504.11
215,658,Laptop,1401.29
216,3717,Keyboard,38.64
217,832,Mouse,912.83
218,1723,Desk,608.69
219,3282,Monitor,122.01
220,671,Keyboard,646.05
221,2442,Docking Station,438.75
222,601,Desk,1427.37
223,924,Keyboard,746.29
224,509,Docking Station,331.64
225,2152,Chair,1435.49
226,4423,Keyboard,1459.03
227,2459,Headset,648.64
228,3135,Webcam,138.02
229,307,Laptop,754.51
230,4677,Monitor,365.76
231,1709,Monitor,1276.55
232,1794,Webcam,47.53
233,3935,Desk,1423.78
234,719,Mouse,739.14
235,1079,Headset,588.6
236,1951,Keyboard,490.51
237,1574,Desk,884.7
238,4191,Chair,832.87
239,1906,Desk,1106.58
240,283,Mouse,162.13
241,4459,Monitor,797.8
242,2287,Laptop,176.12
243,2980,Tablet,1444.36
244,4262,Keyboard,1406.09
245,2031,Chair,373.64
246,4632,Tablet,259.54
247,4799,Headset,1035.61
248,3657,Headset,876.96
249,4942,Chair,1109.5
250,4191,Laptop,1314.67
251,4137,Keyboard,245.23
252,37,Monitor,100.48
253,2608,Chair,91.31
254,2512,Tablet,403.17
255,623,Keyboard,636.79
256,2776,Mouse,1247.9
257,2214,Monitor,998.42
258,2809,Webcam,108.06
259,3349,Chair,1473.32
260,476,Monitor,374.58
261,4263,Mouse,1448.54
262,3133,Mouse,1443.23
263,1527,Keyboard,1068.47
264,4526,Monitor,804.59
265,1651,Tablet,71.26
266,2967,Chair,434.34
267,2275,Webcam,1254.25
268,2978,Mouse,173.27
269,4607,Docking Station,113.06
270,4374,Headset,539.95
271,2398,Mouse,714.88
272,715,Mouse,755.23
273,3469,Keyboard,595.22
274,1934,Docking Station,1057.9
275,2012,Headset,669.72
276,1097,Monitor,194.06
277,2550,Tablet,242.81
278,4983,Monitor,1032.23
279,790,Chair,936.06
280,4023,Webcam,345.44
281,2276,Tablet,750.63
282,875,Mouse,384.62
283,2889,Docking Station,1033.17
284,3394,Headset,1199.14
285,3686,Tablet,916.47
286,1258,Laptop,1036.32
287,62,Webcam,688.61
288,4442,Monitor,15.89
289,139,Chair,746.14
290,3132,Tablet,913.36
291,1530,Headset,586.91
292,4062,Mouse,1259.31
293,4912,Tablet,1438.24
294,2026,Docking Station,909.79
295,4618,Docking Station,471.32
296,340,Desk,1482.53
297,601,Webcam,667.0
298,4907,Monitor,1378.83
299,1848,Mouse,273.12
300,1809,Desk,1244.52
301,657,Docking Station,1494.59
302,2827,Webcam,1073.14
303,2249,Laptop,821.58
304,2886,Webcam,927.54
305,3085,Docking Station,1124.66
306,325,Headset,211.02
307,1802,Webcam,324.03
308,2198,Mouse,920.24
309,719,Laptop,389.56
310,3645,Mouse,136.47
311,1953,Tablet,1292.93
312,1065,Monitor,1300.15
313,1064,Laptop,1288.2
314,4109,Docking Station,448.4
315,1181,Tablet,1388.62
316,1157,Laptop,776.01
317,3716,Chair,1154.02
318,1856,Mouse,1112.07
319,4036,Chair,1339.57
320,2146,Monitor,1378.41
321,2644,Laptop,1170.46
322,229,Laptop,524.94
323,3492,Webcam,270.51
324,527,Docking Station,814.93
325,4867,Tablet,1361.05
326,601,Chair,191.21
327,143,Laptop,899.92
328,562,Webcam,1446.64
329,4206,Monitor,939.76
330,1705,Laptop,975.33
331,3399,Tablet,1302.61
332,568,Keyboard,683.23
333,1463,Webcam,719.23
334,2127,Keyboard,340.45
335,700,Desk,487.49
336,1142,Monitor,495.98
337,3015,Desk,250.69
338,2457,Docking Station,1253.46
339,2367,Monitor,197.27
340,2575,Headset,361.01
341,1770,Laptop,609.62
342,4123,Chair,778.96
343,1459,Laptop,16.35
344,3402,Monitor,880.87
345,1333,Docking Station,305.76
346,2364,Keyboard,194.42
347,70,Tablet,597.43
348,3351,Laptop,1092.25
349,4559,Desk,439.73
350,1778,Tablet,1273.65
351,2203,Laptop,1327.31
352,3852,Chair,136.65
353,4796,Webcam,1358.72
354,4709,Keyboard,140.73
355,2315,Monitor,593.97
356,766,Docking Station,333.23
357,2660,Keyboard,649.96
358,1791,Webcam,1085.13
359,1783,Docking Station,877.13
360,3449,Mouse,648.79
361,858,Webcam,617.35
362,842,Keyboard,746.81
363,3723,Webcam,1104.92
364,132,Webcam,571.52
365,588,Chair,1239.6
366,551,Webcam,680.26
367,1604,Headset,149.87
368,1989,Mouse,261.86
369,1087,Webcam,512.13
370,1519,Webcam,29.14
371,598,Tablet,1346.96
372,4942,Webcam,268.17
373,3335,Docking Station,1031.63
374,3237,Monitor,1148.4
375,896,Headset,729.6
376,1258,Desk,1416.31
377,169,Monitor,1131.12
378,1921,Laptop,869.8
379,511,Mouse,1417.94
380,4988,Headset,632.69
381,2416,Desk,714.46
382,3401,Monitor,921.6
383,1141,Headset,1106.1
384,3207,Desk,1069.89
385,2568,Docking Station,1410.95
386,1087,Chair,1026.33
387,4947,Mouse,115.85
388,1295,Monitor,625.38
389,824,Webcam,384.38
390,2227,Keyboard,534.69
391,2267,Mouse,551.56
392,3208,Webcam,1290.96
393,1470,Docking Station,665.89
394,1810,Laptop,160.26
395,1919,Keyboard,396.58
396,1672,Keyboard,1410.06
397,2676,Mouse,709.69
398,2140,Keyboard,489.68
399,2105,Headset,41.91
400,4848,Monitor,78.77
401,3307,Headset,1352.08
402,4711,Webcam,1028.71
403,3964,Monitor,156.39
404,3651,Tablet,1427.36
405,37,Keyboard,571.95
406,2396,Docking Station,39.83
407,4708,Headset,1142.21
408,2246,Docking Station,505.85
409,1106,Headset,274.0
410,2282,Tablet,718.53
411,731,Webcam,1361.61
412,2905,Laptop,431.04
413,2988,Laptop,352.44
414,4997,Webcam,774.79
415,526,Headset,1302.96
416,3642,Keyboard,1357.31
417,4618,Docking Station,499.8
418,403,Mouse,1348.27
419,1727,Monitor,1346.46
420,2448,Keyboard,1077.78
421,4434,Tablet,186.03
422,3090,Desk,1098.06
423,4176,Monitor,866.2
424,3600,Webcam,1123.8
425,706,Desk,413.7
426,1799,Laptop,130.83
427,3899,Keyboard,834.28
428,2912,Mouse,1089.03
429,141,Webcam,1116.95
430,4646,Monitor,1412.74
431,4019,Headset,975.95
432,2558,Webcam,439.55
433,1631,Monitor,366.0
434,1853,Tablet,713.52
435,1194,Keyboard,615.8
436,4495,Webcam,644.55
437,2746,Mouse,175.14
438,434,Docking Station,1380.98
439,4687,Chair,359.34
440,692,Desk,466.73
441,2065,Mouse,558.98
442,2293,Tablet,137.67
443,3742,Keyboard,1202.05
444,2916,Chair,1302.09
445,1444,Chair,1187.64
446,3666,Headset,506.72
447,1052,Headset,425.26
448,3477,Webcam,227.23
449,701,Monitor,74.83
450,4020,Docking Station,580.19
451,665,Desk,385.61
452,4206,Desk,815.32
453,3914,Chair,1357.81
454,793,Mouse,1170.24
455,827,Webcam,810.15
456,737,Laptop,663.68
457,3106,Tablet,1489.41
458,4611,Desk,1183.33
459,3140,Keyboard,518.16
460,176,Tablet,796.28
461,1870,Keyboard,210.13
462,4900,Mouse,167.04
463,3166,Headset,1410.89
464,4216,Laptop,438.93
465,1846,Docking Station,570.29
466,4825,Monitor,982.3
467,205,Keyboard,1454.51
468,3761,Monitor,1118.68
469,2244,Chair,647.06
470,3573,Tablet,180.85
471,261,Webcam,636.76
472,651,Docking Station,1212.2
473,2416,Chair,116.27
474,3426,Desk,1016.3
475,1102,Desk,102.64
476,4019,Tablet,1452.88
477,2416,Tablet,771.49
478,3523,Docking Station,1456.26
479,1493,Docking Station,1329.42
480,4151,Mouse,1409.07
481,4733,Webcam,373.87
482,58,Tablet,409.83
483,4485,Desk,1155.19
484,832,Monitor,1497.79
485,2197,Tablet,784.18
486,1031,Docking Station,1128.48
487,474,Monitor,114.43
488,1864,Desk,1017.69
489,1124,Mouse,141.73
490,4415,Webcam,163.82
491,4271,Keyboard,411.68
492,2726,Monitor,756.15
493,2089,Desk,644.67
494,160,Docking Station,187.19
495,4486,Keyboard,1142.96
496,4067,Laptop,1050.29
497,1004,Monitor,1262.79
498,3367,Mouse,919.37
499,1524,Laptop,1023.06
500,711,Docking Station,1223.9
501,456,Monitor,317.56
502,1162,Headset,19.09
503,2933,Laptop,1170.37
504,4562,Laptop,23.61
505,2178,Tablet,542.24
506,3532,Webcam,1305.61
507,3344,Tablet,1376.71
508,512,Monitor,595.25
509,329,Chair,281.38
510,1190,Laptop,952.76
511,2823,Tablet,527.48
512,1937,Laptop,797.48
513,3779,Tablet,652.07
514,4340,Docking Station,806.65
515,4940,Laptop,294.94
516,561,Keyboard,239.91
517,4643,Desk,1340.68
518,2528,Keyboard,563.61
519,1669,Monitor,285.88
520,3790,Webcam,923.83
521,2962,Mouse,1260.23
522,1845,Desk,259.51
523,4203,Mouse,66.15
524,823,Desk,53.8
525,332,Docking Station,1362.2
526,3543,Desk,350.1
527,1799,Headset,417.79
528,4030,Webcam,506.72
529,687,Desk,1211.1
530,1892,Tablet,106.41
531,3895,Laptop,451.84
532,441,Desk,1127.87
533,1595,Desk,246.52
534,811,Docking Station,327.9
535,372,Monitor,18.99
536,728,Mouse,1335.15
537,4706,Headset,1335.98
538,2672,Laptop,253.46
539,2842,Desk,1020.02
540,3990,Keyboard,970.76
541,3666,Tablet,174.5
542,3450,Docking Station,1476.45
543,4158,Tablet,700.69
544,3849,Mouse,186.86
545,2553,Keyboard,1434.98
546,2187,Chair,420.7
547,4655,Tablet,886.54
548,1824,Tablet,647.57
549,2212,Chair,1321.07
550,463,Chair,593.64
551,3181,Tablet,311.42
552,1793,Docking Station,142.96
553,2542,Tablet,812.15
554,292,Headset,770.08
555,3155,Docking Station,282.6
556,4128,Mouse,518.69
557,3425,Headset,302.85
558,1166,Webcam,1327.28
559,3956,Docking Station,1224.13
560,3940,Tablet,367.58
561,793,Desk,903.02
562,4797,Docking Station,674.41
563,507,Webcam,1451.57
564,3013,Mouse,696.75
565,434,Laptop,1281.45
566,388,Desk,789.33
567,3756,Tablet,834.48
568,1951,Headset,407.23
569,2156,Headset,629.37
570,102,Desk,366.23
571,2102,Keyboard,608.6
572,1492,Monitor,53.76
573,4941,Laptop,1105.08
574,4742,Headset,314.11
575,3767,Desk,269.22
576,2303,Desk,911.58
577,3869,Tablet,535.54
578,2928,Webcam,921.34
579,4195,Laptop,1309.88
580,3991,Headset,1070.51
581,336,Desk,1136.38
582,3426,Headset,1208.66
583,3822,Mouse,579.14
584,4134,Webcam,1182.81
585,1597,Tablet,426.31
586,3091,Laptop,380.7
587,1495,Monitor,1189.17
588,3639,Mouse,1250.27
589,2557,Laptop,13.03
590,441,Keyboard,788.58
591,748,Desk,1429.91
592,3718,Docking Station,1386.52
593,1584,Monitor,868.08
594,3605,Docking Station,975.08
595,3017,Laptop,997.86
596,1905,Mouse,651.12
597,4623,Keyboard,700.56
598,2943,Docking Station,497.3
599,1261,Webcam,902.5
600,2245,Monitor,980.04
601,2320,Chair,1134.24
602,4336,Monitor,1405.8
603,2821,Desk,339.62
604,1306,Keyboard,858.36
605,4018,Headset,865.05
606,4184,Tablet,1399.51
607,4873,Mouse,198.7
608,3602,Webcam,386.83
609,3446,Laptop,83.01
610,2585,Chair,821.94
611,926,Monitor,821.04
612,23,Mouse,651.78
613,1358,Mouse,257.77
614,356,Laptop,1215.07
615,603,Monitor,1031.93
616,1468,Docking Station,134.89
617,4383,Mouse,1249.3
618,4437,Headset,1149.91
619,525,Laptop,330.05
620,2879,Chair,986.55
621,880,Keyboard,1306.24
622,3003,Chair,1388.09
623,3646,Laptop,1051.03
624,4783,Webcam,318.26
625,4464,Tablet,1113.98
626,728,Mouse,1306.82
627,4173,Tablet,1049.99
628,2050,Laptop,1190.9
629,3248,Chair,547.35
630,340,Headset,429.29
631,2698,Tablet,42.75
632,2016,Webcam,887.76
633,3919,Desk,1179.13
634,2270,Mouse,1071.67
635,3253,Headset,853.89
636,4713,Docking Station,1462.61
637,4832,Monitor,1381.74
638,1272,Webcam,102.54
639,4978,Desk,1430.31
640,1188,Headset,299.66
641,124,Chair,528.08
642,2462,Chair,570.68
643,3035,Laptop,192.0
644,1743,Chair,85.75
645,2527,Monitor,1053.51
646,487,Docking Station,812.93
647,1711,Laptop,413.42
648,4463,Tablet,327.04
649,1431,Tablet,1119.87
650,1713,Webcam,746.77
651,75,Tablet,526.73
652,4730,Desk,1380.28
653,2364,Desk,1172.2
654,4766,Monitor,950.06
655,3760,Webcam,843.53
656,489,Chair,280.2
657,4857,Docking Station,620.44
658,430,Desk,93.69
659,2585,Chair,612.65
660,1907,Tablet,317.98
661,2327,Laptop,573.02
662,2087,Tablet,121.84
663,1170,Keyboard,66.49
664,3442,Docking Station,736.8
665,4244,Mouse,466.04
666,3816,Headset,1014.54
667,4987,Webcam,732.86
668,3186,Desk,594.1
669,3640,Mouse,1225.94
670,666,Chair,556.45
671,4758,Desk,1457.56
672,869,Monitor,260.8
673,1890,Mouse,678.6
674,4447,Monitor,672.53
675,949,Docking Station,1000.58
676,3181,Laptop,985.74
677,1205,Webcam,282.95
678,1475,Monitor,1116.7
679,504,Webcam,1389.06
680,2180,Docking Station,767.45
681,868,Chair,1459.82
682,2495,Desk,966.83
683,3638,Laptop,300.84
684,1850,Tablet,1219.33
685,491,Webcam,1455.5
686,926,Laptop,1101.73
687,4723,Keyboard,844.62
688,941,Keyboard,90.03
689,3072,Headset,742.74
690,1300,Monitor,1271.94
691,1452,Webcam,1453.8
692,955,Laptop,1229.14
693,1278,Mouse,459.08
694,523,Monitor,990.75
695,2352,Laptop,379.58
696,4803,Docking Station,245.26
697,3427,Chair,1314.57
698,3263,Chair,536.56
699,3982,Monitor,847.75
700,831,Laptop,121.18
701,2828,Keyboard,1331.89
702,4033,Monitor,184.68
703,484,Webcam,562.71
704,3268,Laptop,959.59
705,2126,Chair,580.4
706,2154,Mouse,851.22
707,3647,Tablet,849.61
708,154,Webcam,1127.66
709,4987,Keyboard,108.81
710,3523,Keyboard,27.06
711,4824,Headset,1423.86
712,388,Webcam,399.14
713,2931,Laptop,839.21
714,3884,Headset,631.09
715,4021,Docking Station,621.75
716,1369,Tablet,1358.95
717,4692,Mouse,883.12
718,2656,Desk,248.01
719,4938,Webcam,745.45
720,4597,Webcam,167.3
721,862,Webcam,147.44
722,1355,Headset,715.85
723,4149,Keyboard,1001.81
724,3552,Webcam,16.88
725,3570,Keyboard,1148.25
726,2996,Mouse,1414.82
727,3799,Desk,1115.47
728,3053,Chair,326.41
729,3169,Mouse,1022.01
730,4769,Docking Station,401.52
731,951,Headset,1040.1
732,221,Headset,1481.33
733,2359,Webcam,912.55
734,857,Mouse,1440.5
735,4309,Keyboard,771.92
736,4585,Laptop,1062.21
737,4742,Headset,1049.74
738,4159,Mouse,298.65
739,615,Desk,1094.0
740,3136,Docking Station,308.1
741,356,Docking Station,1212.36
742,2399,Laptop,1280.2
743,672,Chair,931.93
744,4033,Mouse,1374.82
745,1419,Webcam,668.7
746,642,Webcam,805.57
747,4614,Desk,754.94
748,3246,Desk,919.59
749,344,Webcam,618.67
750,490,Webcam,722.51
751,1236,Tablet,408.21
752,1515,Docking Station,1459.29
753,3292,Webcam,969.55
754,3892,Headset,1177.78
755,2003,Monitor,254.85
756,439,Mouse,457.57
757,1352,Mouse,199.46
758,3072,Chair,335.45
759,1053,Keyboard,937.37
760,377,Monitor,648.46
761,2416,Tablet,603.38
762,1138,Chair,937.21
763,2687,Desk,531.18
764,3812,Chair,363.19
765,1248,Headset,1486.7
766,973,Laptop,729.2
767,364,Monitor,923.16
768,2131,Docking Station,534.44
769,3774,Docking Station,58.65
770,1457,Docking Station,328.51
771,3777,Docking Station,1382.66
772,3526,Desk,433.02
773,4808,Headset,369.01
774,4131,Webcam,431.06
775,3591,Keyboard,912.65
776,1958,Desk,820.14
777,3460,Tablet,1047.06
778,3006,Tablet,1287.97
779,3151,Mouse,1170.28
780,353,Desk,147.87
781,858,Laptop,1019.05
782,489,Tablet,703.04
783,2652,Webcam,412.86
784,696,Chair,1498.51
785,3086,Chair,723.88
786,4659,Chair,1204.83
787,3982,Headset,1071.36
788,1518,Monitor,1458.57
789,3174,Tablet,90.57
790,758,Headset,835.89
791,4009,Headset,468.54
792,3562,Headset,925.39
793,2002,Mouse,119.27
794,756,Keyboard,524.8
795,3795,Chair,281.01
796,4129,Mouse,496.52
797,766,Tablet,247.06
798,4442,Laptop,51.42
799,18,Docking Station,613.35
800,9,Headset,901.76
801,3162,Monitor,556.94
802,1452,Headset,227.87
803,4532,Desk,1268.65
804,3430,Desk,116.42
805,373,Laptop,98.04
806,1937,Docking Station,502.73
807,539,Monitor,1427.41
808,2295,Monitor,47.53
809,2609,Headset,1417.58
810,4913,Desk,1025.43
811,4480,Headset,372.67
812,192,Webcam,967.16
813,3490,Chair,915.98
814,1292,Desk,1412.88
815,3741,Chair,42.47
816,3034,Docking Station,979.3
817,2339,Keyboard,1174.02
818,3814,Docking Station,616.43
819,3324,Keyboard,744.79
820,4003,Keyboard,548.91
821,3705,Mouse,258.63
822,4455,Monitor,346.89
823,4556,Desk,157.26
824,108,Mouse,527.82
825,1970,Webcam,1110.79
826,3221,Docking Station,191.52
827,2785,Headset,374.23
828,3511,Tablet,1380.79
829,4004,Headset,1470.71
830,2345,Tablet,274.99
831,872,Laptop,909.01
832,2471,Webcam,308.28
833,4481,Mouse,418.51
834,2067,Laptop,1437.04
835,4335,Headset,1325.66
836,3155,Laptop,1250.79
837,48,Monitor,700.35
838,1223,Keyboard,696.46
839,185,Chair,19.6
840,1923,Chair,1355.84
841,4675,Monitor,1455.61
842,2915,Laptop,190.69
843,4328,Tablet,712.11
844,292,Keyboard,584.98
845,4699,Laptop,252.44
846,362,Chair,319.18
847,2258,Mouse,830.93
848,1838,Docking Station,1493.9
849,4241,Laptop,920.62
850,1903,Docking Station,677.71
851,3622,Tablet,482.87
852,764,Chair,1225.19
853,522,Keyboard,143.01
854,3098,Laptop,1343.56
855,1047,Tablet,1422.92
856,1943,Webcam,772.28
857,2379,Chair,1095.65
858,2491,Docking Station,1391.36
859,658,Webcam,1109.5
860,1311,Mouse,1339.97
861,1622,Desk,723.08
862,1877,Mouse,1090.6
863,4114,Tablet,1339.16
864,808,Chair,144.58
865,3217,Keyboard,269.28
866,4834,Chair,1381.69
867,1032,Webcam,1230.03
868,1136,Tablet,831.05
869,1715,Tablet,924.46
870,1090,Laptop,206.11
871,202,Keyboard,894.75
872,3486,Tablet,849.9
873,3468,Mouse,899.35
874,1392,Docking Station,973.85
875,3576,Chair,69.34
876,3482,Monitor,801.54
877,2847,Keyboard,1116.7
878,608,Laptop,535.22
879,1696,Tablet,634.74
880,4524,Headset,137.57
881,1139,Monitor,541.4
882,3422,Laptop,407.17
883,832,Laptop,99.6
884,2225,Headset,92.34
885,69,Keyboard,1229.16
886,3766,Chair,1011.01
887,4667,Headset,1366.16
888,3905,Mouse,49.16
889,3627,Desk,1472.59
890,956,Desk,782.9
891,4658,Mouse,997.89
892,928,Docking Station,498.63
893,4405,Headset,331.94
894,340,Desk,1487.29
895,1712,Keyboard,265.35
896,1729,Headset,169.29
897,4676,Tablet,271.24
898,2611,Headset,270.16
899,4302,Laptop,87.42
900,4053,Monitor,1312.36
901,1393,Webcam,896.7
902,3844,Keyboard,752.64
903,2952,Desk,467.97
904,2771,Webcam,473.64
905,2871,Tablet,970.99
906,4732,Docking Station,891.64
907,3204,Headset,21.43
908,3691,Docking Station,955.47
909,3206,Desk,270.71
910,1298,Keyboard,1096.3
911,380,Mouse,702.08
912,1980,Webcam,612.98
913,4671,Laptop,871.7
914,4375,Chair,272.68
915,179,Chair,966.5
916,1156,Monitor,1213.79
917,100,Desk,794.02
918,4094,Desk,770.4
919,1433,Monitor,209.22
920,2214,Chair,248.04
921,2067,Monitor,1101.55
922,1216,Docking Station,278.48
923,3297,Tablet,1071.01
924,4340,Keyboard,1328.81
925,3602,Chair,193.86
926,392,Docking Station,1061.98
927,274,Headset,922.28
928,1673,Keyboard,62.48
929,4277,Chair,931.79
930,4095,Chair,477.11
931,3865,Desk,415.73
932,1341,Docking Station,761.63
933,4382,Desk,110.25
934,1863,Mouse,979.58
935,3559,Monitor,32.23
936,87,Keyboard,1432.82
937,1321,Tablet,160.5
938,1066,Chair,936.04
939,3335,Laptop,739.19
940,1611,Headset,1053.58
941,378,Headset,681.65
942,1702,Docking Station,349.18
943,1693,Webcam,572.03
944,2242,Monitor,21.09
945,1551,Webcam,311.47
946,1195,Laptop,489.96
947,4667,Mouse,287.41
948,3170,Monitor,107.15
949,136,Headset,862.06
950,2210,Keyboard,1326.09
951,4358,Mouse,1468.86
952,3453,Desk,973.11
953,2273,Keyboard,575.28
954,101,Docking Station,1067.67
955,4019,Chair,1452.97
956,4343,Desk,945.57
957,4356,Chair,516.47
958,140,Keyboard,296.47
959,4550,Tablet,1315.75
960,3830,Monitor,1497.26
961,117,Webcam,1134.82
962,2955,Desk,1319.13
963,3157,Chair,637.64
964,1201,Laptop,538.56
965,1206,Headset,715.97
966,4441,Monitor,1144.41
967,3901,Desk,1007.11
968,1170,Keyboard,1283.52
969,1160,Mouse,331.33
970,884,Tablet,1025.67
971,2743,Mouse,212.31
972,2887,Headset,1436.68
973,1552,Webcam,1288.28
974,917,Headset,1006.86
975,4091,Headset,539.91
976,4262,Headset,392.38
977,5,Keyboard,798.91
978,4189,Desk,1284.3
979,53,Mouse,463.63
980,407,Headset,1326.77
981,1931,Tablet,206.43
982,1576,Monitor,800.89
983,236,Webcam,636.67
984,4489,Mouse,401.13
985,4946,Mouse,92.44
986,1011,Headset,41.9
987,3184,Mouse,304.19
988,4282,Tablet,647.9
989,2411,Webcam,1282.79
990,3142,Desk,1204.22
991,2220,Laptop,1486.93
992,3369,Headset,450.77
993,1687,Chair,224.77
994,3245,Laptop,1458.55
995,1052,Headset,877.57
996,2030,Desk,351.95
997,552,Chair,401.26
998,2738,Tablet,1193.25
999,1809,Keyboard,399.2
1000,1598,Monitor,668.98
1001,671,Monitor,406.54
1002,1719,Chair,189.18
1003,1432,Mouse,1381.52
1004,2243,Desk,59.25
1005,2817,Keyboard,643.27
1006,4886,Desk,309.45
1007,3841,Laptop,1012.01
1008,2955,Desk,876.24
1009,2455,Docking Station,913.87
1010,2920,Laptop,895.63
1011,4066,Chair,869.88
1012,811,Monitor,1223.23
1013,1200,Chair,671.51
1014,4296,Laptop,327.72
1015,4780,Monitor,555.0
1016,3419,Headset,1211.36
1017,1565,Docking Station,509.64
1018,2599,Docking Station,923.99
1019,1431,Tablet,230.49
1020,1051,Webcam,860.66
1021,3236,Chair,1031.15
1022,1123,Docking Station,942.53
1023,2659,Headset,1306.95
1024,832,Webcam,562.62
1025,1486,Mouse,778.9
1026,4035,Monitor,1198.54
1027,4591,Keyboard,1379.33
1028,3393,Laptop,671.27
1029,3340,Headset,192.04
1030,1431,Keyboard,250.41
1031,688,Docking Station,1008.87
1032,1481,Mouse,431.86
1033,4553,Mouse,959.53
1034,1166,Headset,830.02
1035,4802,Mouse,544.21
1036,4285,Headset,542.26
1037,2718,Docking Station,999.94
1038,4188,Mouse,635.7
1039,1086,Webcam,1431.96
1040,1373,Keyboard,847.59
1041,1237,Headset,708.72
1042,2876,Webcam,694.61
1043,65,Webcam,82.61
1044,321,Mouse,576.86
1045,940,Monitor,794.74
1046,3215,Headset,777.13
1047,958,Docking Station,1316.33
1048,107,Mouse,1020.46
1049,3222,Laptop,213.16
1050,2715,Headset,183.3
1051,4396,Laptop,479.44
1052,3418,Docking Station,1096.9
1053,2423,Webcam,1012.9
1054,2625,Chair,677.46
1055,1493,Webcam,1021.62
1056,1158,Desk,435.79
1057,4345,Webcam,628.94
1058,3601,Monitor,212.45
1059,4884,Docking Station,1122.05
1060,2226,Headset,1445.21
1061,1519,Headset,1232.89
1062,1860,Headset,1194.03
1063,3458,Monitor,1444.54
1064,1735,Tablet,75.92
1065,4401,Chair,1367.13
1066,512,Headset,559.21
1067,4663,Tablet,28.81
1068,994,Keyboard,882.72
1069,684,Desk,462.53
1070,1619,Mouse,481.0
1071,3511,Webcam,265.6
1072,4353,Mouse,1040.05
1073,2662,Tablet,132.15
1074,372,Keyboard,1332.48
1075,1191,Laptop,1277.75
1076,4734,Docking Station,1356.61
1077,4851,Monitor,935.37
1078,486,Keyboard,36.38
1079,3817,Mouse,1355.31
1080,528,Webcam,941.52
1081,3674,Webcam,1232.97
1082,2525,Docking Station,730.87
1083,1452,Headset,99.76
1084,4474,Tablet,43.73
1085,3175,Chair,1174.15
1086,1850,Webcam,1144.74
1087,160,Laptop,283.2
1088,533,Monitor,180.5
1089,1109,Mouse,659.68
1090,4278,Mouse,712.13
1091,678,Monitor,898.86
1092,2370,Tablet,1440.36
1093,1559,Docking Station,890.71
1094,535,Monitor,827.68
1095,1519,Headset,740.64
1096,3272,Mouse,19.36
1097,4664,Headset,1223.96
1098,2944,Webcam,213.98
1099,4583,Keyboard,986.99
1100,1216,Headset,210.2
1101,3386,Docking Station,130.74
1102,2329,Mouse,288.11
1103,2261,Monitor,246.52
1104,213,Monitor,1216.89
1105,2756,Keyboard,1363.95
1106,2269,Desk,1128.03
1107,2977,Docking Station,748.05
1108,2423,Mouse,415.25
1109,3053,Laptop,556.05
1110,3934,Docking Station,1399.96
1111,1465,Chair,1386.76
1112,2813,Tablet,678.65
1113,3439,Desk,204.42
1114,1208,Chair,143.62
1115,95,Desk,1211.23
1116,1024,Laptop,304.76
1117,3898,Chair,248.07
1118,4663,Chair,43.25
1119,2300,Headset,1421.44
1120,4124,Keyboard,469.54
1121,4863,Mouse,1296.4
1122,2797,Tablet,13.32
1123,2437,Headset,1012.59
1124,3240,Tablet,1094.52
1125,1488,Keyboard,1036.96
1126,4701,Mouse,1155.43
1127,179,Webcam,843.07
1128,2708,Monitor,388.89
1129,4495,Desk,324.64
1130,3516,Desk,254.03
1131,4918,Webcam,1178.46
1132,1793,Monitor,939.81
1133,2654,Desk,894.86
1134,378,Webcam,938.01
1135,2933,Laptop,814.41
1136,1281,Mouse,610.41
1137,11,Laptop,1203.8
1138,4989,Chair,1095.37
1139,304,Chair,1180.73
1140,403,Laptop,623.1
1141,1953,Laptop,78.73
1142,1052,Chair,448.62
1143,4591,Tablet,1453.02
1144,3844,Webcam,1259.88
1145,4942,Monitor,1368.27
1146,1186,Docking Station,838.53
1147,4648,Tablet,920.06
1148,4777,Laptop,332.75
1149,1438,Docking Station,645.45
1150,2056,Chair,1282.79
1151,2545,Mouse,1142.06
1152,2712,Headset,141.33
1153,3905,Headset,720.21
1154,4829,Chair,1337.8
1155,983,Keyboard,643.15
1156,893,Mouse,296.02
1157,4165,Tablet,921.05
1158,4714,Keyboard,1297.21
1159,2282,Laptop,1327.01
1160,4444,Keyboard,267.05
1161,2860,Docking Station,1215.82
1162,4863,Docking Station,1414.11
1163,3937,Headset,317.04
1164,4240,Laptop,362.0
1165,4894,Headset,1062.08
1166,1654,Chair,679.37
1167,743,Webcam,1098.76
1168,95,Keyboard,381.91
1169,548,Docking Station,889.1
1170,4958,Monitor,569.66
1171,4886,Webcam,1468.69
1172,2757,Monitor,1204.67
1173,1871,Mouse,740.24
1174,4784,Desk,740.7
1175,4358,Webcam,1111.58
1176,3748,Docking Station,1353.67
1177,3903,Monitor,1173.77
1178,4118,Laptop,410.24
1179,2931,Monitor,1220.45
1180,126,Headset,1171.25
1181,4555,Keyboard,715.26
1182,4076,Chair,1410.32
1183,2885,Chair,1431.37
1184,1524,Headset,672.8
1185,1924,Mouse,1295.79
1186,3678,Mouse,799.83
1187,4698,Tablet,322.96
1188,4251,Desk,625.55
1189,2832,Mouse,857.85
1190,3595,Chair,191.37
1191,2484,Desk,1331.16
1192,303,Monitor,1353.86
1193,353,Desk,1241.22
1194,1421,Chair,856.89
1195,3666,Mouse,250.79
1196,2285,Chair,247.87
1197,1649,Desk,1242.39
1198,4509,Docking Station,780.63
1199,4152,Desk,552.45
1200,3045,Chair,1466.14
1201,2846,Docking Station,518.62
1202,830,Headset,298.56
1203,4583,Keyboard,1458.64
1204,671,Laptop,235.73
1205,3312,Mouse,1138.49
1206,1654,Desk,1198.65
1207,2591,Tablet,713.19
1208,663,Keyboard,834.2
1209,3,Laptop,688.49
1210,1600,Chair,43.45
1211,92,Webcam,1026.91
1212,278,Chair,753.35
1213,416,Monitor,649.75
1214,1321,Chair,1460.77
1215,2940,Keyboard,1123.19
1216,1873,Desk,52.07
1217,4170,Monitor,1166.16
1218,577,Headset,586.37
1219,1542,Mouse,1317.4
1220,4387,Monitor,1269.85
1221,4081,Docking Station,1293.91
1222,114,Desk,208.32
1223,1689,Monitor,937.19
1224,914,Headset,831.1
1225,3659,Chair,609.93
1226,465,Chair,988.91
1227,4008,Webcam,1210.98
1228,3634,Headset,133.0
1229,3463,Tablet,695.24
1230,543,Keyboard,661.53
1231,209,Keyboard,755.27
1232,4470,Monitor,1004.46
1233,3147,Headset,1223.42
1234,1397,Mouse,1291.56
1235,788,Chair,962.83
1236,3469,Docking Station,498.37
1237,666,Monitor,347.89
1238,2679,Webcam,566.43
1239,2812,Laptop,1174.1
1240,1781,Chair,341.19
1241,281,Desk,459.3
1242,4996,Desk,43.93
1243,2249,Webcam,576.82
1244,3068,Desk,300.98
1245,903,Webcam,845.97
1246,4464,Desk,165.09
1247,1784,Desk,211.05
1248,4999,Webcam,1117.73
1249,774,Monitor,1479.45
1250,1118,Keyboard,1175.65
1251,1549,Headset,1366.8
1252,4840,Docking Station,270.35
1253,1417,Webcam,779.18
1254,2890,Docking Station,1477.59
1255,1345,Chair,587.54
1256,3347,Chair,1321.72
1257,549,Monitor,421.45
1258,4322,Tablet,302.28
1259,3852,Mouse,822.01
1260,2083,Mouse,1250.88
1261,1784,Mouse,972.89
1262,1997,Chair,783.46
1263,433,Webcam,285.21
1264,3685,Laptop,762.74
1265,4287,Webcam,1171.36
1266,651,Mouse,337.02
1267,4767,Webcam,1413.27
1268,1996,Tablet,117.13
1269,2877,Webcam,125.48
1270,409,Monitor,472.34
1271,828,Webcam,1318.79
1272,4212,Monitor,998.99
1273,705,Webcam,182.62
1274,2425,Chair,325.32
1275,1183,Keyboard,106.13
1276,2463,Chair,892.59
1277,1128,Keyboard,1057.66
1278,3864,Mouse,1261.71
1279,651,Monitor,1253.03
1280,2458,Tablet,1072.1
1281,1141,Chair,876.37
1282,4299,Chair,501.91
1283,486,Docking Station,1074.13
1284,457,Laptop,908.02
1285,2302,Monitor,701.46
1286,1012,Mouse,1007.19
1287,194,Webcam,694.07
1288,1447,Laptop,644.18
1289,1021,Desk,848.8
1290,663,Keyboard,984.58
1291,2269,Monitor,197.53
1292,613,Desk,1006.87
1293,4735,Docking Station,337.0
1294,4734,Webcam,159.69
1295,411,Webcam,173.6
1296,1941,Chair,965.0
1297,3291,Headset,1415.04
1298,1014,Headset,892.33
1299,3875,Laptop,924.14
1300,1710,Laptop,1134.3
1301,3283,Docking Station,105.86
1302,4834,Tablet,94.32
1303,3385,Chair,1370.27
1304,2868,Chair,986.03
1305,467,Desk,1163.74
1306,3738,Monitor,880.23
1307,3209,Docking Station,278.24
1308,3515,Monitor,151.39
1309,29,Tablet,1113.98
1310,3694,Webcam,1431.54
1311,1520,Chair,1086.03
1312,1100,Docking Station,57.52
1313,4470,Keyboard,609.01
1314,4279,Keyboard,184.01
1315,1411,Monitor,441.84
1316,3667,Tablet,44.43
1317,1288,Chair,1219.81
1318,1742,Monitor,1368.77
1319,1639,Chair,1033.51
1320,3546,Mouse,1056.86
1321,4619,Headset,563.08
1322,847,Webcam,240.72
1323,1601,Tablet,346.09
1324,1748,Monitor,928.81
1325,94,Keyboard,200.09
1326,1481,Mouse,766.58
1327,1253,Chair,1241.76
1328,853,Desk,821.63
1329,4918,Laptop,1186.48
1330,798,Desk,1466.92
1331,2995,Mouse,865.97
1332,2068,Docking Station,878.25
1333,4219,Tablet,694.8
1334,4048,Mouse,392.38
1335,2513,Keyboard,130.4
1336,1241,Desk,1111.27
1337,1426,Monitor,677.6
1338,493,Desk,84.16
1339,1154,Laptop,464.8
1340,510,Chair,1055.28
1341,2651,Headset,1164.89
1342,1230,Monitor,166.95
1343,999,Chair,219.99
1344,94,Keyboard,475.75
1345,955,Mouse,188.28
1346,2404,Keyboard,1121.55
1347,3400,Docking Station,530.27
1348,3410,Webcam,1342.61
1349,390,Keyboard,277.06
1350,3630,Desk,975.56
1351,2304,Webcam,779.23
1352,4051,Mouse,347.99
1353,677,Tablet,337.38
1354,2111,Docking Station,824.02
1355,1787,Docking Station,783.4
1356,2220,Headset,249.6
1357,3391,Keyboard,1390.59
1358,4345,Headset,731.33
1359,3210,Mouse,828.59
1360,512,Monitor,1102.32
1361,359,Mouse,1334.35
1362,2261,Mouse,1427.47
1363,4847,Monitor,289.12
1364,2423,Monitor,1296.97
1365,3149,Headset,711.18
1366,1678,Monitor,752.22
1367,1983,Keyboard,1314.26
1368,4385,Docking Station,347.81
1369,4889,Headset,640.75
1370,486,Webcam,644.45
1371,1121,Laptop,634.32
1372,375,Keyboard,1148.46
1373,3412,Keyboard,424.47
1374,623,Monitor,388.6
1375,4583,Webcam,813.14
1376,1844,Laptop,617.46
1377,248,Headset,268.32
1378,4534,Headset,764.95
1379,4714,Webcam,1082.46
1380,2330,Mouse,1245.48
1381,2039,Headset,66.11
1382,1768,Docking Station,240.36
1383,2335,Desk,460.64
1384,3059,Keyboard,365.47
1385,1678,Docking Station,252.86
1386,159,Mouse,1315.93
1387,4873,Desk,389.23
1388,1673,Chair,248.58
1389,2135,Monitor,1386.9
1390,1957,Webcam,1462.45
1391,3786,Chair,1451.34
1392,1915,Desk,959.4
1393,3343,Docking Station,945.01
1394,2846,Chair,1454.44
1395,340,Chair,968.93
1396,4120,Docking Station,1355.49
1397,132,Tablet,516.53
1398,4493,Monitor,551.93
1399,4488,Mouse,1182.59
1400,125,Monitor,185.16
1401,4570,Keyboard,1008.58
1402,115,Tablet,215.77
1403,2333,Chair,401.96
1404,176,Headset,232.18
1405,1944,Laptop,1123.25
1406,1404,Monitor,41.9
1407,2718,Monitor,1222.1
1408,1484,Keyboard,475.71
1409,2379,Headset,1229.85
1410,1390,Headset,1008.22
1411,3152,Headset,644.23
1412,990,Desk,1314.25
1413,2046,Mouse,43.29
1414,2490,Laptop,124.03
1415,2042,Docking Station,135.74
1416,4301,Tablet,623.31
1417,1936,Desk,248.15
1418,2014,Mouse,1129.66
1419,2249,Tablet,1141.3
1420,2992,Laptop,218.38
1421,3488,Chair,1498.2
1422,817,Keyboard,1341.04
1423,4007,Keyboard,1495.3
1424,4810,Monitor,477.18
1425,1201,Webcam,254.85
1426,1851,Docking Station,83.42
1427,4634,Tablet,1063.59
1428,648,Webcam,266.63
1429,4348,Headset,129.72
1430,2801,Mouse,475.13
1431,2304,Laptop,666.52
1432,1603,Webcam,713.72
1433,3424,Monitor,1079.55
1434,3919,Headset,1036.25
1435,4325,Mouse,1043.1
1436,3867,Laptop,730.61
1437,1147,Headset,680.43
1438,3318,Docking Station,329.71
1439,1034,Desk,875.4
1440,3960,Webcam,774.22
1441,3963,Laptop,592.18
1442,4334,Docking Station,358.34
1443,1957,Mouse,231.24
1444,3731,Docking Station,1391.29
1445,1186,Docking Station,525.13
1446,3708,Headset,611.0
1447,4177,Mouse,1025.8
1448,3528,Headset,174.36
1449,4546,Chair,1213.55
1450,2127,Webcam,507.84
1451,4495,Laptop,538.47
1452,1137,Keyboard,571.71
1453,1242,Monitor,735.97
1454,3972,Headset,1046.44
1455,4044,Chair,830.54
1456,1794,Tablet,1260.69
1457,3206,Keyboard,993.54
1458,698,Headset,921.27
1459,4831,Mouse,926.69
1460,461,Webcam,758.71
1461,281,Headset,516.31
1462,901,Docking Station,993.71
1463,618,Tablet,1478.57
1464,3020,Tablet,704.58
1465,209,Monitor,1089.49
1466,4907,Headset,1210.71
1467,1415,Docking Station,840.25
1468,4517,Keyboard,1351.1
1469,650,Tablet,380.51
1470,756,Webcam,1203.89
1471,3643,Webcam,1004.49
1472,1602,Keyboard,1219.12
1473,770,Monitor,1289.23
1474,1361,Headset,204.73
1475,4674,Tablet,968.56
1476,2714,Keyboard,930.87
1477,3422,Chair,1485.07
1478,293,Laptop,65.32
1479,4123,Keyboard,551.5
1480,3610,Monitor,1457.37
1481,1564,Monitor,932.81
1482,3495,Monitor,887.37
1483,335,Monitor,1394.87
1484,2311,Webcam,885.73
1485,2557,Desk,1364.66
1486,2797,Mouse,1155.39
1487,556,Tablet,139.12
1488,3522,Webcam,199.69
1489,4809,Keyboard,80.04
1490,2061,Docking Station,557.24
1491,3146,Monitor,420.19
1492,2694,Keyboard,1357.32
1493,3798,Mouse,286.52
1494,844,Headset,174.97
1495,1281,Laptop,1119.02
1496,477,Headset,126.33
1497,1311,Tablet,995.32
1498,3366,Docking Station,869.0
1499,3948,Laptop,42.76
1500,1195,Monitor,994.43
1501,3697,Monitor,385.14
1502,1812,Headset,890.09
1503,3343,Chair,559.03
1504,1467,Docking Station,757.69
1505,767,Webcam,177.01
1506,1985,Tablet,823.31
1507,613,Mouse,1205.93
1508,2166,Mouse,327.28
1509,2993,Desk,1437.14
1510,3145,Mouse,1131.79
1511,2939,Webcam,1035.15
1512,2475,Headset,1449.81
1513,4205,Tablet,16.78
1514,447,Docking Station,561.04
1515,4544,Keyboard,1131.3
1516,4252,Headset,1105.08
1517,3638,Keyboard,607.5
1518,2313,Tablet,204.84
1519,3729,Keyboard,856.29
1520,3608,Laptop,1026.08
1521,4762,Mouse,1084.9
1522,3999,Desk,1288.51
1523,1779,Headset,877.53
1524,2313,Monitor,1374.86
1525,2903,Monitor,1474.71
1526,426,Tablet,465.41
1527,1462,Docking Station,1493.36
1528,3103,Tablet,372.65
1529,4665,Monitor,277.24
1530,1988,Mouse,857.89
1531,4176,Mouse,145.64
1532,1689,Tablet,224.55
1533,325,Chair,896.79
1534,2916,Monitor,1383.78
1535,416,Chair,126.08
1536,2193,Chair,1001.37
1537,4206,Headset,1376.79
1538,999,Headset,1184.83
1539,3533,Keyboard,1060.68
1540,3439,Tablet,349.84
1541,825,Monitor,1231.06
1542,170,Laptop,724.55
1543,4169,Mouse,928.02
1544,491,Laptop,709.31
1545,3523,Chair,1375.11
1546,973,Desk,557.39
1547,4581,Keyboard,1424.6
1548,54,Monitor,974.38
1549,261,Chair,398.29
1550,4854,Laptop,121.1
1551,3034,Tablet,536.8
1552,1124,Docking Station,981.98
1553,3793,Laptop,201.74
1554,1141,Mouse,1148.57
1555,3560,Mouse,848.45
1556,2272,Laptop,718.02
1557,2420,Keyboard,596.96
1558,2481,Keyboard,514.95
1559,4028,Laptop,49.56
1560,1526,Keyboard,161.73
1561,3041,Docking Station,776.99
1562,4892,Desk,930.01
1563,4431,Keyboard,393.48
1564,742,Laptop,93.97
1565,3872,Tablet,729.36
1566,821,Webcam,479.88
1567,1078,Headset,1383.67
1568,3306,Headset,499.11
1569,1350,Keyboard,265.75
1570,925,Mouse,1074.73
1571,4514,Webcam,1309.0
1572,2854,Docking Station,490.79
1573,980,Desk,610.02
1574,298,Headset,733.42
1575,4490,Desk,659.75
1576,2552,Chair,1069.14
1577,3960,Monitor,764.36
1578,2264,Headset,900.83
1579,3549,Chair,887.59
1580,2987,Monitor,778.31
1581,960,Desk,1369.24
1582,4869,Tablet,324.02
1583,2201,Keyboard,1300.14
1584,4381,Monitor,1248.66
1585,2328,Webcam,493.03
1586,4800,Monitor,584.75
1587,4902,Docking Station,685.01
1588,1303,Webcam,1184.79
1589,3020,Monitor,1441.87
1590,2005,Docking Station,249.01
1591,3068,Laptop,1475.08
1592,3728,Desk,1174.24
1593,1266,Laptop,857.78
1594,4688,Keyboard,588.71
1595,4134,Webcam,407.53
1596,3720,Keyboard,1230.46
1597,1712,Tablet,378.74
1598,3031,Laptop,84.12
1599,976,Mouse,1264.85
1600,1972,Keyboard,943.94
1601,3931,Laptop,89.13
1602,3901,Headset,297.27
1603,292,Mouse,47.57
1604,3568,Mouse,233.02
1605,2541,Laptop,1343.19
1606,1836,Keyboard,387.31
1607,3494,Docking Station,1417.44
1608,2270,Mouse,204.71
1609,2087,Webcam,1267.15
1610,4136,Laptop,1111.01
1611,106,Keyboard,312.85
1612,1368,Webcam,641.35
1613,2562,Webcam,1379.21
1614,4579,Mouse,1248.09
1615,3989,Keyboard,632.66
1616,1302,Desk,1311.61
1617,172,Mouse,574.59
1618,3448,Tablet,1196.03
1619,2382,Tablet,1301.02
1620,1688,Webcam,634.37
1621,717,Docking Station,342.46
1622,204,Webcam,432.96
1623,348,Monitor,398.38
1624,2516,Tablet,53.07
1625,2781,Headset,968.28
1626,4989,Laptop,153.29
1627,3679,Webcam,1412.29
1628,1358,Desk,1430.02
1629,1732,Headset,1376.69
1630,1782,Headset,449.82
1631,3741,Webcam,785.26
1632,3650,Laptop,636.45
1633,1872,Desk,659.93
1634,2202,Webcam,348.76
1635,2014,Tablet,1283.73
1636,1704,Mouse,53.03
1637,411,Mouse,167.99
1638,1046,Mouse,586.92
1639,2283,Keyboard,1030.93
1640,326,Monitor,1290.76
1641,798,Laptop,1182.29
1642,3029,Mouse,556.22
1643,3606,Headset,282.83
1644,1880,Tablet,576.87
1645,4822,Mouse,1019.27
1646,2193,Chair,428.14
1647,3903,Chair,1291.34
1648,977,Laptop,1356.55
1649,4995,Tablet,1272.09
1650,1941,Docking Station,644.54
1651,2875,Tablet,325.59
1652,4312,Webcam,402.17
1653,2143,Monitor,540.84
1654,4885,Desk,578.9
1655,4279,Laptop,87.52
1656,2452,Keyboard,19.98
1657,2849,Chair,312.85
1658,396,Tablet,789.12
1659,3279,Tablet,22.97
1660,419,Mouse,289.64
1661,4915,Headset,48.39
1662,3125,Mouse,644.14
1663,131,Tablet,941.88
1664,3113,Webcam,1481.96
1665,745,Monitor,1221.92
1666,2458,Webcam,1259.49
1667,4275,Headset,998.11
1668,3000,Webcam,889.47
1669,4018,Keyboard,78.75
1670,3129,Webcam,1088.26
1671,777,Monitor,1114.3
1672,3358,Webcam,853.92
1673,2907,Desk,548.08
1674,887,Laptop,1097.15
1675,280,Webcam,843.24
1676,1494,Keyboard,610.3
1677,1818,Laptop,1002.18
1678,448,Desk,1309.79
1679,1092,Tablet,660.89
1680,3899,Headset,267.88
1681,2996,Keyboard,499.21
1682,428,Docking Station,866.85
1683,3689,Headset,323.89
1684,18,Desk,333.51
1685,857,Laptop,418.13
1686,1382,Tablet,768.6
1687,2775,Desk,1333.04
1688,2988,Docking Station,1324.81
1689,2221,Headset,423.24
1690,4913,Chair,335.53
1691,4885,Docking Station,1239.54
1692,4914,Tablet,931.36
1693,2597,Docking Station,422.42
1694,3273,Monitor,533.83
1695,2692,Webcam,48.42
1696,1801,Headset,1304.67
1697,401,Monitor,281.29
1698,764,Webcam,1166.64
1699,4369,Desk,155.21
1700,1452,Tablet,879.42
1701,1232,Keyboard,489.0
1702,1018,Monitor,918.93
1703,4996,Mouse,497.47
1704,3671,Headset,791.29
1705,3857,Mouse,731.07
1706,2199,Docking Station,756.64
1707,159,Chair,1265.13
1708,3432,Mouse,1270.43
1709,623,Laptop,145.54
1710,3878,Chair,354.55
1711,3189,Desk,1117.73
1712,116,Docking Station,518.55
1713,170,Desk,235.08
1714,2965,Mouse,1370.98
1715,4102,Docking Station,1127.31
1716,2504,Monitor,405.4
1717,1865,Tablet,712.36
1718,3138,Docking Station,416.76
1719,2220,Laptop,1280.12
1720,2423,Docking Station,935.78
1721,3156,Monitor,1421.36
1722,425,Webcam,900.52
1723,787,Webcam,422.96
1724,4891,Keyboard,767.87
1725,3101,Mouse,267.88
1726,4790,Headset,1031.84
1727,1982,Mouse,815.35
1728,3489,Monitor,1234.4
1729,4689,Chair,572.67
1730,2565,Webcam,473.85
1731,2165,Monitor,618.77
1732,4175,Keyboard,1320.77
1733,976,Laptop,1158.07
1734,1616,Headset,1134.04
1735,2483,Tablet,903.18
1736,1258,Desk,1251.76
1737,3555,Desk,485.14
1738,1787,Desk,53.45
1739,1379,Laptop,1044.11
1740,747,Headset,1291.37
1741,2166,Laptop,1139.37
1742,2345,Keyboard,316.85
1743,1257,Docking Station,752.31
1744,3016,Chair,1106.85
1745,1029,Headset,1025.61
1746,1772,Headset,244.35
1747,1686,Tablet,1102.17
1748,3939,Keyboard,475.17
1749,3962,Headset,398.19
1750,948,Desk,694.37
1751,4120,Mouse,1300.01
1752,3489,Chair,127.5
1753,2476,Webcam,873.97
1754,3409,Desk,232.89
1755,1190,Webcam,1072.29
1756,4417,Desk,588.99
1757,15,Monitor,874.02
1758,2876,Headset,447.32
1759,2540,Webcam,1407.09
1760,2820,Docking Station,129.1
1761,2086,Monitor,682.02
1762,397,Headset,1268.88
1763,4834,Monitor,1396.74
1764,2953,Keyboard,1264.84
1765,4041,Laptop,1050.18
1766,1221,Monitor,119.9
1767,3729,Keyboard,688.69
1768,987,Keyboard,226.73
1769,2185,Monitor,628.96
1770,1147,Desk,814.43
1771,1682,Mouse,52.83
1772,4098,Webcam,369.94
1773,1184,Monitor,964.95
1774,4115,Chair,56.38
1775,666,Docking Station,503.82
1776,3434,Keyboard,351.94
1777,3001,Webcam,1140.83
1778,3056,Docking Station,218.86
1779,4017,Webcam,1480.2
1780,1950,Mouse,998.63
1781,4232,Webcam,615.9
1782,2827,Webcam,395.95
1783,2215,Keyboard,508.22
1784,1324,Chair,105.25
1785,3262,Docking Station,609.65
1786,4510,Keyboard,247.31
1787,335,Monitor,276.46
1788,2566,Docking Station,1157.01
1789,2713,Headset,1284.18
1790,4858,Desk,104.34
1791,4160,Chair,885.17
1792,4755,Laptop,1021.3
1793,2687,Keyboard,273.01
1794,1631,Chair,162.68
1795,2611,Docking Station,1167.06
1796,3432,Docking Station,152.77
1797,1225,Webcam,58.26
1798,2154,Tablet,1181.52
1799,2035,Mouse,1355.85
1800,1578,Monitor,331.75
1801,4978,Keyboard,211.53
1802,4807,Keyboard,1256.62
1803,1449,Chair,1405.33
1804,4094,Keyboard,1253.18
1805,2796,Headset,1282.83
1806,4331,Desk,409.67
1807,3638,Tablet,680.92
1808,1500,Laptop,88.15
1809,844,Laptop,396.46
1810,3185,Desk,447.79
1811,3476,Laptop,1122.34
1812,2823,Desk,479.28
1813,4540,Chair,807.17
1814,633,Mouse,953.22
1815,867,Headset,624.01
1816,1900,Headset,559.31
1817,12,Laptop,672.71
1818,4004,Keyboard,70.87
1819,2475,Chair,703.78
1820,1640,Chair,1244.58
1821,2384,Webcam,1289.78
1822,1705,Desk,1082.94
1823,732,Tablet,1039.22
1824,3913,Headset,203.48
1825,4464,Docking Station,85.49
1826,3576,Tablet,553.36
1827,2119,Docking Station,634.24
1828,1073,Desk,1063.07
1829,1270,Monitor,643.73
1830,2836,Headset,825.16
1831,1145,Docking Station,944.16
1832,4211,Chair,636.3
1833,515,Monitor,798.6
1834,4668,Headset,1084.53
1835,4199,Tablet,1444.8
1836,1915,Keyboard,472.96
1837,1586,Mouse,240.47
1838,4465,Tablet,1146.04
1839,4550,Desk,1193.8
1840,4443,Laptop,276.75
1841,3593,Keyboard,929.76
1842,2698,Monitor,107.59
1843,2232,Laptop,1027.96
1844,2596,Webcam,1340.78
1845,3667,Webcam,602.26
1846,528,Webcam,80.41
1847,1873,Laptop,762.35
1848,375,Tablet,247.85
1849,1653,Webcam,1118.94
1850,25,Desk,515.51
1851,612,Laptop,1083.36
1852,324,Chair,577.1
1853,4284,Headset,1302.83
1854,4720,Docking Station,236.58
1855,668,Headset,984.31
1856,565,Webcam,46.77
1857,2969,Laptop,835.57
1858,2765,Webcam,727.82
1859,2106,Chair,1014.58
1860,4641,Mouse,27.03
1861,934,Tablet,266.11
1862,3239,Chair,1044.09
1863,738,Headset,122.57
1864,3988,Webcam,878.53
1865,3179,Chair,151.03
1866,213,Chair,714.85
1867,3905,Docking Station,816.51
1868,1667,Chair,1382.9
1869,44,Desk,979.12
1870,3199,Laptop,416.92
1871,3655,Desk,400.87
1872,1837,Mouse,951.01
1873,3182,Headset,630.3
1874,1032,Chair,645.77
1875,814,Monitor,467.28
1876,239,Docking Station,1324.7
1877,2131,Webcam,1159.03
1878,2828,Tablet,854.7
1879,3403,Desk,1458.77
1880,1542,Desk,1236.55
1881,133,Mouse,824.93
1882,2358,Tablet,1341.58
1883,4802,Monitor,610.55
1884,2797,Desk,1193.48
1885,3247,Desk,487.8
1886,2602,Desk,874.8
1887,3746,Mouse,1197.67
1888,854,Docking Station,1389.21
1889,2643,Chair,750.61
1890,950,Chair,927.21
1891,4141,Chair,312.64
1892,3337,Headset,867.73
1893,1855,Mouse,592.21
1894,1005,Chair,809.0
1895,1249,Chair,885.35
1896,4315,Monitor,576.05
1897,3566,Headset,52.26
1898,1107,Chair,1452.76
1899,4504,Keyboard,1073.02
1900,3947,Headset,1007.02
1901,3828,Keyboard,181.35
1902,3626,Monitor,354.73
1903,3887,Tablet,738.49
1904,3791,Docking Station,669.42
1905,3896,Headset,1341.19
1906,2069,Tablet,523.64
1907,3670,Chair,1210.49
1908,4862,Monitor,1228.12
1909,3077,Tablet,803.62
1910,1970,Chair,245.75
1911,3229,Keyboard,591.13
1912,4382,Mouse,981.09
1913,3369,Chair,305.12
1914,1569,Chair,180.39
1915,264,Monitor,1335.33
1916,2276,Laptop,907.5
1917,2630,Tablet,1181.09
1918,1453,Monitor,254.09
1919,2596,Desk,1266.84
1920,405,Laptop,948.15
1921,4429,Headset,1009.97
1922,4315,Tablet,520.0
1923,2587,Keyboard,29.94
1924,4873,Desk,787.96
1925,4205,Webcam,332.51
1926,254,Desk,248.53
1927,4648,Monitor,1102.77
1928,428,Desk,1309.47
1929,4137,Monitor,918.09
1930,1883,Mouse,329.52
1931,3883,Mouse,290.64
1932,3851,Headset,527.8
1933,4098,Desk,279.64
1934,4349,Keyboard,1108.96
1935,165,Webcam,1274.59
1936,4871,Desk,1182.63
1937,2635,Mouse,1166.17
1938,3407,Chair,1295.57
1939,2345,Chair,1085.86
1940,707,Webcam,1054.44
1941,3943,Laptop,80.18
1942,3885,Desk,384.67
1943,696,Tablet,530.71
1944,1764,Keyboard,294.41
1945,3461,Docking Station,508.7
1946,1648,Headset,29.83
1947,3231,Monitor,151.61
1948,2097,Webcam,942.5
1949,3635,Keyboard,251.6
1950,2753,Keyboard,605.19
1951,1153,Tablet,987.05
1952,55,Webcam,150.09
1953,2908,Docking Station,566.11
1954,552,Monitor,1114.82
1955,3259,Desk,1027.65
1956,37,Desk,1266.44
1957,49,Desk,259.74
1958,4321,Keyboard,1430.4
1959,1742,Webcam,764.24
1960,3615,Mouse,651.09
1961,3829,Monitor,492.38
1962,4228,Laptop,404.47
1963,1223,Laptop,1026.27
1964,1656,Mouse,415.94
1965,1104,Tablet,1255.25
1966,746,Docking Station,478.09
1967,2634,Docking Station,639.84
1968,4440,Chair,930.4
1969,661,Headset,1349.42
1970,4417,Chair,851.02
1971,3082,Monitor,239.85
1972,1531,Webcam,809.67
1973,3253,Headset,675.45
1974,2752,Chair,469.96
1975,1744,Monitor,564.95
1976,4542,Laptop,1007.19
1977,1489,Laptop,1410.45
1978,932,Monitor,954.76
1979,4576,Keyboard,1449.2
1980,3444,Webcam,1495.29
1981,480,Webcam,604.56
1982,3571,Headset,809.82
1983,4686,Keyboard,1109.08
1984,4269,Keyboard,490.47
1985,4414,Headset,969.79
1986,4708,Laptop,1057.15
1987,3030,Docking Station,1447.04
1988,2643,Headset,723.06
1989,2046,Monitor,287.24
1990,4294,Laptop,643.17
1991,429,Laptop,69.05
1992,1905,Desk,1198.95
1993,63,Desk,1299.43
1994,3207,Mouse,458.02
1995,4404,Webcam,401.71
1996,3928,Chair,975.18
1997,3544,Monitor,200.53
1998,3211,Tablet,1478.62
1999,2824,Webcam,1479.07
2000,1565,Monitor,1131.95
2001,729,Monitor,151.62
2002,3341,Headset,1416.2
2003,1823,Mouse,677.77
2004,4329,Mouse,1398.07
2005,3001,Keyboard,91.54
2006,4367,Headset,584.9
2007,625,Mouse,836.22
2008,4115,Chair,1218.56
2009,4566,Docking Station,1338.72
2010,1273,Mouse,1002.27
2011,3014,Mouse,281.45
2012,2485,Tablet,1447.55
2013,3765,Chair,193.82
2014,1602,Laptop,1210.36
2015,2225,Docking Station,1241.75
2016,4956,Laptop,1418.67
2017,2952,Webcam,571.26
2018,2737,Monitor,1157.78
2019,4780,Docking Station,195.66
2020,3830,Mouse,583.98
2021,960,Mouse,135.46
2022,1694,Desk,1278.93
2023,1931,Mouse,1314.71
2024,3438,Desk,1390.07
2025,2023,Chair,102.71
2026,2402,Laptop,327.06
2027,3930,Headset,430.1
2028,4081,Laptop,589.13
2029,4412,Tablet,634.25
2030,1735,Headset,1186.82
2031,3532,Webcam,1380.27
2032,565,Desk,119.16
2033,3991,Monitor,950.73
2034,1899,Headset,620.41
2035,2889,Headset,440.52
2036,3947,Docking Station,943.45
2037,1202,Chair,510.87
2038,3154,Docking Station,234.79
2039,3273,Docking Station,1291.22
2040,4629,Chair,1251.14
2041,4353,Headset,1063.58
2042,1795,Keyboard,1389.86
2043,1569,Webcam,851.58
2044,2505,Mouse,66.35
2045,4483,Laptop,946.21
2046,4949,Docking Station,838.88
2047,1194,Docking Station,765.41
2048,3277,Mouse,235.91
2049,4764,Chair,820.63
2050,2069,Keyboard,778.91
2051,4895,Chair,708.51
2052,3614,Keyboard,1026.0
2053,172,Keyboard,714.59
2054,2075,Laptop,810.6
2055,1235,Headset,13.07
2056,1028,Desk,792.7
2057,1534,Tablet,1061.59
2058,438,Webcam,388.42
2059,1741,Docking Station,1100.33
2060,1364,Monitor,1400.56
2061,398,Chair,1007.3
2062,881,Laptop,617.21
2063,997,Monitor,820.47
2064,809,Mouse,997.17
2065,2597,Tablet,866.25
2066,2479,Laptop,922.23
2067,2247,Docking Station,74.2
2068,2540,Chair,198.15
2069,3779,Tablet,1264.04
2070,2717,Mouse,1189.76
2071,1639,Webcam,1300.29
2072,3427,Webcam,1366.75
2073,42,Desk,930.97
2074,1118,Desk,127.38
2075,2078,Monitor,283.57
2076,277,Mouse,912.22
2077,602,Tablet,917.04
2078,2962,Monitor,1166.73
2079,4646,Chair,568.06
2080,2205,Keyboard,255.8
2081,2431,Desk,422.75
2082,3601,Desk,235.19
2083,294,Docking Station,703.34
2084,3548,Desk,111.92
2085,1349,Headset,71.96
2086,2820,Mouse,1390.35
2087,2313,Mouse,601.76
2088,1176,Monitor,808.18
2089,6,Docking Station,705.77
2090,3162,Monitor,690.02
2091,4609,Desk,1162.65
2092,5000,Monitor,198.61
2093,4195,Webcam,1442.81
2094,2690,Keyboard,110.73
2095,2989,Docking Station,881.55
2096,1629,Mouse,1385.08
2097,1615,Mouse,183.46
2098,1269,Webcam,1321.71
2099,4492,Docking Station,364.3
2100,4285,Keyboard,1486.64
2101,2026,Desk,679.61
2102,3445,Desk,1388.0
2103,1739,Desk,112.32
2104,413,Docking Station,636.86
2105,1061,Headset,539.28
2106,3927,Desk,1067.62
2107,3093,Desk,904.8
2108,2950,Laptop,199.2
2109,4924,Webcam,497.21
2110,2,Laptop,1041.28
2111,287,Headset,1199.49
2112,761,Tablet,441.92
2113,1751,Desk,988.89
2114,2255,Keyboard,118.71
2115,1315,Tablet,312.89
2116,1604,Desk,113.8
2117,1826,Laptop,662.28
2118,2191,Chair,1072.35
2119,1644,Webcam,1194.05
2120,3900,Tablet,1211.82
2121,508,Mouse,529.41
2122,4626,Webcam,1432.76
2123,1573,Mouse,1318.57
2124,2463,Webcam,186.13
2125,3758,Webcam,1054.3
2126,2070,Mouse,982.55
2127,2771,Laptop,387.68
2128,1718,Webcam,1496.75
2129,1076,Chair,611.62
2130,309,Docking Station,803.74
2131,1794,Keyboard,1356.82
2132,1851,Tablet,723.46
2133,3969,Laptop,712.83
2134,2013,Laptop,1109.85
2135,4510,Monitor,642.84
2136,1074,Chair,1420.28
2137,328,Headset,1210.15
2138,1941,Laptop,638.18
2139,4540,Chair,438.98
2140,1884,Laptop,326.5
2141,3940,Tablet,321.27
2142,1619,Chair,530.65
2143,322,Headset,1117.36
2144,1195,Keyboard,1166.82
2145,2629,Docking Station,1113.68
2146,4551,Desk,491.95
2147,1734,Headset,1349.3
2148,1276,Laptop,113.3
2149,4809,Keyboard,953.84
2150,414,Keyboard,391.23
2151,1761,Keyboard,196.76
2152,3118,Monitor,800.18
2153,12,Keyboard,421.95
2154,1053,Headset,424.55
2155,1728,Laptop,734.26
2156,1974,Desk,658.61
2157,4504,Monitor,125.63
2158,4222,Keyboard,1002.29
2159,1448,Mouse,873.06
2160,359,Chair,609.14
2161,4128,Monitor,1323.11
2162,1853,Headset,587.22
2163,3077,Headset,858.36
2164,1546,Laptop,911.02
2165,3443,Desk,1119.18
2166,3511,Webcam,1075.55
2167,2723,Chair,939.74
2168,2776,Keyboard,781.06
2169,426,Headset,1113.78
2170,3094,Laptop,553.34
2171,2233,Mouse,739.39
2172,4883,Webcam,695.88
2173,1557,Tablet,384.65
2174,2825,Headset,38.46
2175,622,Keyboard,768.84
2176,4061,Laptop,866.61
2177,3525,Laptop,33.13
2178,2317,Webcam,1163.07
2179,2073,Headset,1353.08
2180,1985,Headset,336.81
2181,4680,Desk,1039.97
2182,243,Laptop,771.77
2183,3907,Docking Station,725.15
2184,526,Keyboard,1232.61
2185,1632,Desk,1214.15
2186,4649,Laptop,1471.4
2187,766,Tablet,433.01
2188,3712,Docking Station,830.04
2189,1033,Tablet,689.43
2190,2340,Mouse,43.22
2191,3759,Keyboard,1310.11
2192,3249,Monitor,1019.49
2193,3097,Docking Station,1156.65
2194,2358,Tablet,472.47
2195,3517,Webcam,696.95
2196,1943,Mouse,1122.46
2197,170,Monitor,1086.33
2198,823,Tablet,52.63
2199,1009,Chair,447.95
2200,4365,Desk,594.22
2201,2500,Docking Station,201.74
2202,1631,Keyboard,1244.58
2203,4867,Tablet,517.18
2204,4190,Desk,1350.79
2205,3701,Desk,117.19
2206,307,Mouse,905.06
2207,1410,Keyboard,1306.74
2208,3282,Keyboard,1290.33
2209,818,Mouse,556.43
2210,773,Monitor,489.52
2211,2198,Mouse,357.5
2212,3816,Chair,140.24
2213,340,Chair,930.63
2214,4647,Docking Station,1353.26
2215,3363,Desk,289.11
2216,4473,Webcam,1236.88
2217,2158,Laptop,1364.08
2218,2209,Monitor,1193.02
2219,419,Laptop,472.35
2220,3489,Tablet,1233.51
2221,914,Tablet,1177.78
2222,3465,Laptop,1027.66
2223,3053,Webcam,1358.76
2224,4671,Tablet,472.11
2225,1357,Headset,376.77
2226,4075,Keyboard,1179.58
2227,2850,Keyboard,129.02
2228,1910,Webcam,1048.75
2229,2402,Mouse,405.94
2230,3645,Tablet,443.14
2231,4334,Webcam,824.59
2232,1848,Docking Station,291.84
2233,4743,Tablet,1371.43
2234,4120,Headset,1230.8
2235,35,Monitor,530.63
2236,3539,Headset,801.97
2237,3164,Monitor,1305.18
2238,1120,Mouse,526.85
2239,221,Monitor,1230.14
2240,2154,Docking Station,1097.61
2241,231,Keyboard,1405.24
2242,3455,Desk,683.0
2243,38,Docking Station,527.52
2244,1652,Docking Station,1034.5
2245,566,Docking Station,916.48
2246,3754,Docking Station,1297.4
2247,2361,Mouse,312.15
2248,856,Keyboard,452.84
2249,3345,Headset,1096.71
2250,622,Webcam,742.21
2251,4461,Headset,381.28
2252,2350,Docking Station,301.31
2253,992,Keyboard,811.9
2254,1769,Laptop,280.83
2255,1603,Monitor,675.02
2256,1084,Docking Station,806.87
2257,4659,Tablet,1212.2
2258,4307,Laptop,686.46
2259,3420,Mouse,506.53
2260,478,Docking Station,246.61
2261,671,Webcam,272.86
2262,4411,Headset,1117.65
2263,3595,Desk,846.41
2264,1161,Monitor,1461.88
2265,1078,Keyboard,125.39
2266,3321,Laptop,961.83
2267,2481,Tablet,229.63
2268,2769,Webcam,877.76
2269,2656,Mouse,1147.42
2270,4658,Chair,1123.24
2271,4240,Docking Station,388.74
2272,2533,Monitor,1028.31
2273,87,Mouse,1100.86
2274,3033,Headset,1140.28
2275,1893,Keyboard,1381.29
2276,1207,Keyboard,719.73
2277,3867,Keyboard,863.43
2278,1201,Docking Station,15.15
2279,1359,Monitor,1066.3
2280,4414,Laptop,666.59
2281,761,Tablet,1325.88
2282,1496,Monitor,392.74
2283,3883,Laptop,1301.89
2284,568,Desk,1272.85
2285,2040,Chair,81.61
2286,4156,Webcam,217.59
2287,583,Laptop,1065.17
2288,2417,Mouse,1391.64
2289,1419,Chair,736.69
2290,944,Docking Station,1258.42
2291,2360,Keyboard,386.53
2292,3118,Mouse,1428.58
2293,133,Desk,301.54
2294,2791,Headset,141.87
2295,1640,Webcam,10.34
2296,3991,Webcam,1436.51
2297,4891,Laptop,1441.76
2298,4448,Monitor,1372.39
2299,2633,Webcam,409.05
2300,976,Keyboard,710.22
2301,2414,Chair,1419.23
2302,1858,Tablet,558.52
2303,1298,Mouse,815.38
2304,1211,Desk,28.0
2305,4864,Monitor,1304.68
2306,4763,Tablet,179.19
2307,2543,Desk,162.41
2308,507,Webcam,1473.28
2309,2104,Docking Station,720.45
2310,1848,Headset,1497.96
2311,3482,Chair,1262.01
2312,2454,Mouse,351.35
2313,961,Laptop,317.26
2314,445,Mouse,275.16
2315,2867,Monitor,410.07
2316,384,Monitor,1223.68
2317,3833,Laptop,596.37
2318,3564,Laptop,1242.28
2319,3594,Laptop,1174.58
2320,3788,Webcam,89.87
2321,1200,Webcam,1099.95
2322,849,Chair,865.14
2323,729,Tablet,61.58
2324,647,Desk,346.72
2325,3423,Desk,916.33
2326,216,Chair,586.31
2327,4943,Tablet,55.39
2328,2175,Docking Station,81.43
2329,2499,Chair,835.02
2330,2195,Docking Station,763.28
2331,2170,Tablet,824.87
2332,3620,Headset,1234.61
2333,3992,Chair,1316.31
2334,3633,Webcam,1489.96
2335,172,Tablet,112.6
2336,1989,Monitor,295.91
2337,1893,Keyboard,312.18
2338,399,Tablet,291.71
2339,2693,Laptop,456.39
2340,2126,Keyboard,576.9
2341,3539,Monitor,1139.67
2342,691,Mouse,519.12
2343,1004,Webcam,273.02
2344,3425,Keyboard,277.2
2345,322,Desk,689.21
2346,1867,Desk,473.25
2347,4814,Webcam,603.25
2348,4579,Desk,146.57
2349,3242,Docking Station,297.71
2350,1190,Tablet,1106.4
2351,929,Headset,853.27
2352,160,Laptop,570.69
2353,3704,Webcam,1250.41
2354,1908,Laptop,916.15
2355,2144,Chair,1151.16
2356,1716,Webcam,1134.3
2357,1741,Mouse,819.84
2358,3739,Tablet,1059.02
2359,2991,Laptop,457.64
2360,320,Laptop,173.93
2361,294,Tablet,703.5
2362,3529,Keyboard,848.98
2363,1885,Mouse,459.82
2364,101,Desk,233.13
2365,3150,Webcam,222.97
2366,4467,Mouse,375.2
2367,3141,Headset,214.2
2368,2498,Headset,1386.6
2369,3078,Docking Station,1317.15
2370,637,Docking Station,144.29
2371,4513,Webcam,950.34
2372,2439,Laptop,224.37
2373,1330,Desk,1070.02
2374,314,Mouse,622.27
2375,2478,Desk,1487.27
2376,2047,Desk,548.85
2377,3119,Laptop,488.37
2378,1753,Keyboard,1212.4
2379,4495,Webcam,1460.49
2380,620,Keyboard,973.66
2381,3873,Mouse,1326.61
2382,3736,Headset,1207.65
2383,3351,Laptop,493.83
2384,871,Desk,711.98
2385,136,Mouse,746.23
2386,4893,Mouse,551.73
2387,3592,Tablet,310.4
2388,4952,Monitor,1045.84
2389,3919,Monitor,1189.16
2390,1258,Desk,752.9
2391,4450,Mouse,1313.26
2392,3197,Docking Station,497.7
2393,3364,Desk,827.08
2394,4565,Mouse,832.74
2395,3061,Tablet,235.24
2396,2524,Laptop,862.51
2397,4799,Tablet,1213.34
2398,3302,Monitor,490.25
2399,2895,Mouse,200.7
2400,1173,Mouse,1068.95
2401,4729,Keyboard,871.09
2402,2619,Docking Station,463.77
2403,1746,Keyboard,868.1
2404,3617,Keyboard,686.79
2405,1445,Mouse,1498.56
2406,4148,Keyboard,1110.95
2407,3675,Chair,1234.98
2408,3793,Keyboard,613.23
2409,1992,Keyboard,688.26
2410,61,Mouse,1386.75
2411,3819,Mouse,1074.19
2412,1926,Webcam,1254.65
2413,2390,Docking Station,1016.68
2414,3126,Chair,372.37
2415,4036,Webcam,413.24
2416,166,Webcam,935.45
2417,658,Chair,100.01
2418,2899,Webcam,185.68
2419,3013,Headset,663.61
2420,1587,Monitor,1352.68
2421,984,Chair,1196.38
2422,3744,Keyboard,1022.26
2423,4846,Mouse,149.73
2424,691,Laptop,761.7
2425,313,Desk,995.76
2426,4028,Laptop,564.06
2427,829,Headset,238.96
2428,1183,Headset,575.9
2429,2872,Docking Station,1488.51
2430,4856,Laptop,830.06
2431,3236,Mouse,1356.84
2432,841,Monitor,423.32
2433,982,Docking Station,363.77
2434,1241,Desk,1066.23
2435,1778,Docking Station,390.39
2436,4918,Docking Station,696.69
2437,2888,Laptop,358.75
2438,4982,Headset,457.19
2439,2291,Chair,165.26
2440,3995,Keyboard,1020.47
2441,1158,Webcam,1368.29
2442,4171,Desk,212.99
2443,3839,Laptop,1078.35
2444,1563,Tablet,548.05
2445,3219,Tablet,1278.1
2446,594,Laptop,698.62
2447,1282,Mouse,707.08
2448,4931,Mouse,1097.75
2449,2932,Chair,1181.68
2450,4006,Laptop,1449.29
2451,3677,Mouse,678.35
2452,3657,Webcam,1010.4
2453,2254,Webcam,1133.71
2454,2482,Chair,388.87
2455,546,Desk,317.02
2456,2498,Webcam,1389.86
2457,3383,Docking Station,270.97
2458,3865,Headset,689.27
2459,3376,Monitor,1319.54
2460,607,Monitor,50.9
2461,342,Docking Station,1070.66
2462,3769,Desk,86.91
2463,128,Laptop,89.17
2464,239,Headset,697.02
2465,2563,Docking Station,146.25
2466,76,Keyboard,1149.71
2467,1987,Monitor,1004.06
2468,2821,Chair,1203.91
2469,227,Laptop,398.4
2470,4700,Mouse,1237.49
2471,2760,Mouse,502.74
2472,1070,Mouse,159.79
2473,3357,Keyboard,200.3
2474,4035,Mouse,1417.63
2475,3777,Chair,171.21
2476,3772,Headset,1481.94
2477,3254,Monitor,807.21
2478,1228,Mouse,922.16
2479,3381,Docking Station,960.29
2480,423,Desk,1359.92
2481,242,Laptop,1129.2
2482,1492,Laptop,117.09
2483,3019,Headset,472.14
2484,3644,Mouse,33.42
2485,4782,Headset,411.38
2486,1918,Mouse,756.25
2487,4257,Webcam,702.24
2488,4059,Mouse,1291.12
2489,1643,Monitor,293.02
2490,2346,Monitor,471.87
2491,3205,Mouse,1265.58
2492,1186,Docking Station,604.33
2493,129,Desk,1413.19
2494,696,Desk,138.21
2495,4943,Desk,914.52
2496,80,Mouse,123.16
2497,2916,Chair,401.58
2498,1456,Webcam,866.6
2499,1833,Chair,720.45
2500,2199,Webcam,949.09
2501,351,Webcam,364.46
2502,4613,Keyboard,1393.31
2503,793,Keyboard,1390.93
2504,2453,Headset,597.53
2505,4403,Chair,1258.91
2506,3552,Keyboard,581.5
2507,3832,Mouse,1333.26
2508,4839,Monitor,276.02
2509,3012,Keyboard,104.17
2510,3195,Docking Station,485.43
2511,1707,Tablet,470.91
2512,96,Laptop,668.25
2513,671,Chair,568.83
2514,1185,Monitor,1081.09
2515,3235,Chair,1007.1
2516,4300,Mouse,1459.6
2517,593,Webcam,1267.8
2518,331,Desk,1498.28
2519,1171,Mouse,679.81
2520,2315,Monitor,459.93
2521,1298,Monitor,739.73
2522,3142,Tablet,814.76
2523,1158,Webcam,547.12
2524,3481,Mouse,544.01
2525,3626,Mouse,1432.44
2526,3070,Desk,820.88
2527,1615,Keyboard,554.88
2528,3335,Chair,303.09
2529,3730,Docking Station,255.4
2530,2294,Mouse,426.13
2531,825,Mouse,1135.59
2532,2744,Headset,1429.72
2533,3012,Monitor,1465.06
2534,4954,Docking Station,1164.32
2535,2952,Monitor,89.81
2536,1882,Monitor,135.8
2537,4567,Monitor,760.06
2538,2808,Tablet,737.33
2539,1230,Desk,264.19
2540,2744,Monitor,188.69
2541,1647,Webcam,957.03
2542,2912,Docking Station,120.49
2543,4466,Headset,928.85
2544,445,Keyboard,1325.19
2545,4484,Docking Station,735.92
2546,1613,Chair,1285.97
2547,2805,Headset,239.24
2548,1126,Laptop,128.81
2549,2323,Webcam,573.63
2550,4883,Keyboard,632.75
2551,1992,Docking Station,863.03
2552,2811,Mouse,211.06
2553,3469,Headset,727.59
2554,4200,Tablet,1368.97
2555,4811,Docking Station,530.47
2556,3193,Headset,1320.09
2557,4007,Laptop,713.97
2558,2010,Tablet,718.71
2559,1977,Monitor,111.09
2560,4699,Chair,862.31
2561,328,Monitor,1278.66
2562,761,Tablet,802.85
2563,3244,Chair,549.54
2564,4293,Docking Station,888.82
2565,3712,Mouse,755.64
2566,2079,Chair,40.23
2567,489,Headset,1369.75
2568,4370,Desk,193.39
2569,2917,Webcam,1446.91
2570,421,Docking Station,793.08
2571,4852,Docking Station,138.14
2572,2012,Chair,1122.07
2573,512,Headset,485.16
2574,428,Laptop,105.54
2575,3645,Docking Station,955.71
2576,4649,Tablet,209.89
2577,2965,Docking Station,1433.92
2578,4536,Chair,1239.0
2579,3761,Tablet,1329.88
2580,4906,Mouse,1030.89
2581,1884,Webcam,209.49
2582,2448,Desk,440.87
2583,4647,Webcam,944.64
2584,196,Desk,1200.35
2585,225,Monitor,1066.54
2586,2944,Laptop,1330.04
2587,4085,Desk,97.06
2588,3722,Mouse,1435.37
2589,481,Monitor,482.1
2590,3899,Chair,517.0
2591,2490,Tablet,198.2
2592,1073,Monitor,1190.76
2593,3176,Tablet,1290.45
2594,1695,Desk,781.49
2595,478,Chair,1324.88
2596,102,Chair,313.58
2597,4671,Laptop,175.54
2598,2640,Laptop,185.8
2599,1188,Tablet,1128.66
2600,1165,Docking Station,943.17
2601,1542,Mouse,1373.15
2602,1179,Headset,560.65
2603,1595,Headset,1224.78
2604,1500,Laptop,78.53
2605,4204,Desk,1019.66
2606,1310,Tablet,1232.67
2607,1478,Tablet,1299.07
2608,1051,Tablet,442.55
2609,928,Tablet,10.82
2610,1280,Laptop,1247.68
2611,4992,Keyboard,671.46
2612,3653,Mouse,1397.56
2613,2170,Keyboard,396.98
2614,2944,Laptop,1285.84
2615,571,Mouse,379.48
2616,2359,Laptop,727.94
2617,2407,Tablet,734.62
2618,2458,Webcam,1168.64
2619,842,Tablet,356.34
2620,3517,Laptop,807.6
2621,420,Chair,821.47
2622,1752,Monitor,948.15
2623,1365,Desk,414.38
2624,341,Keyboard,186.77
2625,1327,Mouse,688.44
2626,1410,Laptop,1446.88
2627,4200,Docking Station,856.86
2628,2107,Mouse,727.99
2629,4106,Headset,581.52
2630,3498,Desk,31.22
2631,3689,Keyboard,715.77
2632,4551,Monitor,836.43
2633,1798,Keyboard,1427.93
2634,526,Mouse,365.26
2635,973,Keyboard,872.52
2636,62,Desk,577.25
2637,1995,Monitor,750.04
2638,8,Webcam,583.15
2639,2771,Tablet,655.33
2640,4698,Laptop,510.14
2641,3757,Desk,1134.14
2642,4372,Mouse,1149.37
2643,3120,Laptop,1178.35
2644,3195,Mouse,964.24
2645,3552,Monitor,648.94
2646,2451,Desk,1040.9
2647,2537,Chair,255.37
2648,2388,Mouse,1175.31
2649,3106,Tablet,601.19
2650,464,Desk,1239.85
2651,3314,Desk,139.46
2652,4108,Keyboard,76.68
2653,3520,Laptop,459.77
2654,1296,Laptop,181.07
2655,4532,Keyboard,853.23
2656,3137,Headset,471.99
2657,443,Laptop,557.03
2658,4987,Mouse,352.08
2659,1580,Docking Station,919.24
2660,2577,Chair,976.42
2661,4824,Headset,851.56
2662,2235,Laptop,675.02
2663,4969,Desk,142.61
2664,1755,Tablet,235.37
2665,4847,Headset,297.8
2666,1842,Monitor,80.44
2667,3456,Tablet,586.37
2668,2749,Keyboard,209.12
2669,2080,Docking Station,241.91
2670,2270,Webcam,998.42
2671,2835,Laptop,832.31
2672,2268,Headset,1078.79
2673,4376,Monitor,953.74
2674,3586,Monitor,1339.75
2675,1440,Headset,346.9
2676,3219,Monitor,1336.86
2677,13,Keyboard,241.12
2678,3506,Docking Station,806.95
2679,458,Tablet,697.66
2680,185,Desk,778.22
2681,1390,Chair,500.27
2682,3030,Tablet,1440.61
2683,2540,Webcam,515.51
2684,181,Monitor,1480.18
2685,4423,Keyboard,1170.63
2686,1322,Desk,612.53
2687,4223,Laptop,488.89
2688,291,Tablet,419.92
2689,4694,Monitor,1294.49
2690,308,Tablet,421.96
2691,466,Mouse,409.11
2692,3658,Keyboard,1327.06
2693,3873,Headset,1126.0
2694,4866,Desk,248.54
2695,3323,Keyboard,1194.74
2696,2599,Monitor,1495.21
2697,3510,Tablet,343.24
2698,967,Laptop,1131.32
2699,4803,Mouse,251.5
2700,2426,Webcam,120.86
2701,3928,Keyboard,789.74
2702,2106,Laptop,625.56
2703,995,Laptop,296.15
2704,2701,Monitor,956.77
2705,562,Keyboard,455.85
2706,302,Laptop,1234.68
2707,4703,Laptop,128.49
2708,3648,Webcam,93.39
2709,992,Tablet,1122.42
2710,3453,Mouse,1187.08
2711,2898,Monitor,1405.89
2712,3418,Tablet,988.69
2713,4138,Desk,1298.76
2714,3184,Webcam,1377.44
2715,3338,Headset,1350.69
2716,3317,Keyboard,849.32
2717,4611,Mouse,1176.63
2718,4133,Laptop,411.73
2719,1783,Monitor,1309.76
2720,728,Tablet,541.72
2721,494,Webcam,1223.97
2722,1617,Headset,1092.95
2723,4573,Laptop,18.27
2724,2868,Desk,871.92
2725,948,Webcam,216.12
2726,740,Laptop,1138.14
2727,4604,Webcam,588.72
2728,4072,Chair,345.43
2729,2250,Chair,732.0
2730,1112,Mouse,1268.07
2731,771,Docking Station,666.46
2732,2798,Mouse,89.33
2733,1039,Webcam,25.48
2734,3743,Mouse,1257.8
2735,3322,Mouse,211.26
2736,4097,Keyboard,1267.54
2737,3823,Desk,1255.68
2738,1251,Monitor,1175.41
2739,2371,Laptop,910.53
2740,1498,Mouse,1252.74
2741,4568,Keyboard,900.29
2742,1802,Docking Station,1085.81
2743,2992,Chair,109.67
2744,2652,Docking Station,926.56
2745,126,Docking Station,121.8
2746,4095,Docking Station,1491.09
2747,2854,Desk,794.46
2748,1150,Desk,1062.11
2749,1826,Headset,155.52
2750,743,Docking Station,793.89
2751,3349,Laptop,971.42
2752,3045,Docking Station,556.94
2753,2908,Docking Station,161.38
2754,1285,Laptop,1041.38
2755,3600,Monitor,31.01
2756,1668,Keyboard,284.31
2757,1129,Desk,1268.24
2758,539,Desk,264.15
2759,3663,Desk,768.67
2760,3094,Keyboard,1216.95
2761,1157,Webcam,260.75
2762,2240,Keyboard,207.75
2763,3880,Laptop,1234.64
2764,107,Desk,55.82
2765,3212,Monitor,364.17
2766,1819,Laptop,1280.19
2767,2875,Desk,423.28
2768,4990,Webcam,177.43
2769,3754,Monitor,1282.69
2770,2829,Headset,661.42
2771,1536,Desk,1150.82
2772,4411,Chair,1471.3
2773,4198,Docking Station,756.43
2774,4393,Keyboard,355.88
2775,2039,Laptop,396.66
2776,4451,Tablet,1144.96
2777,611,Laptop,95.73
2778,3599,Docking Station,1013.93
2779,396,Monitor,1031.94
2780,2092,Webcam,284.53
2781,51,Desk,1185.07
2782,2639,Mouse,867.36
2783,105,Monitor,625.57
2784,509,Laptop,1149.97
2785,868,Tablet,842.41
2786,1677,Tablet,1367.1
2787,4381,Chair,617.03
2788,972,Laptop,35.66
2789,1614,Monitor,653.21
2790,493,Headset,556.55
2791,883,Docking Station,1160.74
2792,2440,Docking Station,1112.72
2793,2027,Mouse,1159.27
2794,4071,Docking Station,1366.69
2795,3375,Docking Station,555.36
2796,156,Docking Station,610.04
2797,534,Headset,277.29
2798,4776,Monitor,72.94
2799,3330,Docking Station,337.57
2800,141,Desk,352.26
2801,555,Webcam,668.53
2802,2260,Laptop,857.09
2803,4373,Webcam,203.55
2804,2735,Monitor,1148.38
2805,2394,Monitor,1191.09
2806,3656,Monitor,710.53
2807,4303,Headset,644.12
2808,2559,Chair,239.01
2809,551,Headset,471.71
2810,4473,Desk,1024.39
2811,4691,Desk,461.06
2812,3585,Monitor,106.59
2813,1204,Docking Station,69.59
2814,4097,Monitor,1169.57
2815,2853,Keyboard,957.39
2816,3828,Docking Station,1493.74
2817,2949,Docking Station,697.71
2818,3023,Docking Station,503.12
2819,2157,Chair,1205.72
2820,1580,Monitor,419.62
2821,3663,Mouse,368.25
2822,3587,Laptop,820.75
2823,3740,Chair,971.32
2824,2404,Chair,56.51
2825,4994,Tablet,1413.2
2826,3955,Docking Station,229.71
2827,4715,Laptop,752.13
2828,697,Chair,188.41
2829,3987,Docking Station,1003.52
2830,4194,Chair,18.54
2831,1192,Mouse,1161.4
2832,2039,Webcam,619.52
2833,2567,Webcam,109.28
2834,1951,Monitor,679.38
2835,666,Chair,1340.04
2836,1283,Chair,41.63
2837,447,Desk,841.63
2838,1184,Chair,584.03
2839,708,Mouse,305.94
2840,1837,Chair,1060.16
2841,1713,Webcam,160.71
2842,3544,Docking Station,429.67
2843,33,Monitor,558.5
2844,4307,Webcam,1485.2
2845,3755,Headset,1152.76
2846,1141,Desk,1398.13
2847,1082,Laptop,411.64
2848,956,Desk,994.93
2849,1332,Webcam,546.04
2850,789,Webcam,849.99
2851,1938,Keyboard,104.14
2852,3244,Webcam,42.22
2853,996,Monitor,589.83
2854,4094,Tablet,1171.08
2855,3002,Monitor,1446.65
2856,876,Headset,992.06
2857,3255,Desk,1100.93
2858,1782,Keyboard,79.65
2859,2417,Headset,804.95
2860,3032,Chair,123.43
2861,1044,Desk,1480.35
2862,4410,Headset,301.75
2863,1677,Docking Station,1095.46
2864,2928,Mouse,139.69
2865,3597,Monitor,193.03
2866,3674,Tablet,314.76
2867,3607,Desk,1238.53
2868,1652,Webcam,1470.77
2869,1043,Chair,1117.17
2870,4516,Monitor,1328.81
2871,2353,Docking Station,817.04
2872,1234,Keyboard,15.05
2873,120,Docking Station,1309.58
2874,1212,Chair,114.7
2875,4195,Docking Station,752.8
2876,3147,Monitor,555.24
2877,2996,Keyboard,427.73
2878,2180,Keyboard,94.89
2879,3901,Laptop,803.1
2880,205,Chair,784.25
2881,3261,Monitor,224.82
2882,4372,Laptop,888.34
2883,1718,Mouse,1131.79
2884,849,Laptop,47.42
2885,2759,Keyboard,1062.65
2886,1987,Docking Station,1260.06
2887,1152,Keyboard,42.83
2888,203,Laptop,1126.75
2889,3164,Tablet,545.77
2890,9,Laptop,542.02
2891,4533,Headset,580.21
2892,2634,Laptop,645.94
2893,4034,Laptop,549.46
2894,2861,Monitor,1203.82
2895,450,Laptop,1193.38
2896,3794,Mouse,694.27
2897,1821,Keyboard,1139.17
2898,2097,Desk,507.29
2899,4856,Mouse,670.24
2900,747,Tablet,669.36
2901,4351,Docking Station,1443.46
2902,4058,Headset,1287.24
2903,2026,Chair,124.79
2904,2003,Docking Station,1045.76
2905,3374,Monitor,479.75
2906,4736,Desk,471.87
2907,3106,Docking Station,378.36
2908,1835,Monitor,1278.4
2909,2728,Monitor,1409.6
2910,4642,Headset,1210.26
2911,3189,Chair,1398.82
2912,1705,Monitor,544.67
2913,4358,Docking Station,1183.55
2914,3321,Keyboard,495.0
2915,3192,Keyboard,777.95
2916,4140,Webcam,272.18
2917,1298,Chair,77.22
2918,2524,Mouse,906.12
2919,1791,Mouse,862.16
2920,1191,Tablet,355.94
2921,4538,Laptop,354.08
2922,3562,Tablet,427.95
2923,2254,Tablet,61.32
2924,1448,Webcam,1370.42
2925,3106,Headset,1494.45
2926,2759,Headset,134.81
2927,2008,Docking Station,689.95
2928,259,Laptop,774.41
2929,4645,Tablet,456.19
2930,4546,Monitor,324.21
2931,3264,Keyboard,15.74
2932,1342,Tablet,814.5
2933,3390,Headset,107.89
2934,2289,Chair,946.66
2935,2303,Headset,801.21
2936,55,Laptop,1394.2
2937,1173,Chair,959.75
2938,3989,Webcam,632.27
2939,2006,Mouse,993.55
2940,2144,Tablet,849.98
2941,3699,Keyboard,439.61
2942,1155,Chair,1371.91
2943,4599,Mouse,289.01
2944,4878,Monitor,976.39
2945,4005,Mouse,1385.63
2946,2310,Headset,1107.73
2947,2744,Webcam,782.42
2948,2357,Monitor,313.13
2949,2023,Chair,1088.25
2950,4047,Docking Station,72.48
2951,55,Laptop,1035.98
2952,561,Headset,1077.97
2953,334,Headset,382.41
2954,1520,Mouse,1247.78
2955,2884,Mouse,987.37
2956,857,Laptop,354.83
2957,2316,Webcam,1101.08
2958,967,Tablet,516.14
2959,2029,Laptop,248.4
2960,3981,Desk,941.55
2961,2122,Monitor,1427.74
2962,415,Headset,1483.99
2963,176,Laptop,277.32
2964,3192,Laptop,850.29
2965,2509,Headset,680.02
2966,986,Webcam,863.54
2967,3671,Desk,660.45
2968,802,Docking Station,979.86
2969,3988,Chair,1289.26
2970,981,Chair,1266.75
2971,1613,Laptop,533.47
2972,2393,Monitor,1061.59
2973,4332,Tablet,1097.98
2974,1337,Monitor,145.25
2975,2494,Laptop,1088.04
2976,2437,Desk,852.95
2977,4954,Headset,1292.63
2978,4465,Webcam,226.65
2979,2660,Desk,944.29
2980,2115,Tablet,1488.5
2981,2560,Mouse,565.24
2982,2540,Desk,1137.7
2983,4808,Docking Station,424.7
2984,2299,Docking Station,141.83
2985,964,Laptop,1256.39
2986,2094,Docking Station,701.83
2987,359,Keyboard,1291.72
2988,1989,Tablet,985.16
2989,2927,Mouse,750.16
2990,4300,Mouse,733.06
2991,3126,Mouse,633.33
2992,1982,Keyboard,907.73
2993,91,Monitor,537.7
2994,2055,Desk,1468.83
2995,2432,Mouse,1445.96
2996,3131,Headset,645.94
2997,233,Docking Station,1274.91
2998,3690,Chair,810.53
2999,3362,Chair,1065.13
3000,4661,Desk,981.18
3001,4463,Docking Station,566.35
3002,506,Desk,46.11
3003,95,Laptop,788.38
3004,4239,Chair,1438.47
3005,4915,Desk,164.4
3006,1323,Laptop,490.62
3007,3373,Headset,713.01
3008,3019,Desk,475.37
3009,4166,Headset,323.93
3010,3579,Mouse,465.37
3011,1087,Desk,904.33
3012,1593,Docking Station,1309.74
3013,1117,Desk,1084.38
3014,1002,Chair,876.17
3015,4549,Laptop,760.72
3016,38,Headset,832.46
3017,4914,Tablet,764.08
3018,669,Chair,444.21
3019,1397,Laptop,842.78
3020,4772,Keyboard,402.08
3021,305,Headset,1328.47
3022,1069,Chair,1493.94
3023,4857,Docking Station,911.94
3024,4914,Mouse,152.12
3025,167,Headset,425.06
3026,3244,Headset,855.94
3027,2620,Headset,1208.62
3028,270,Headset,801.93
3029,1200,Laptop,66.94
3030,1854,Desk,805.38
3031,2503,Docking Station,861.98
3032,4798,Chair,1148.27
3033,2167,Docking Station,343.82
3034,4100,Webcam,800.55
3035,4828,Docking Station,1361.72
3036,2349,Laptop,647.88
3037,2003,Webcam,240.22
3038,3231,Chair,1345.99
3039,4438,Webcam,812.24
3040,590,Laptop,1392.21
3041,3683,Webcam,236.7
3042,3265,Monitor,16.85
3043,877,Headset,527.85
3044,982,Docking Station,216.4
3045,2049,Laptop,574.87
3046,853,Desk,1367.84
3047,1482,Docking Station,1319.05
3048,2297,Monitor,757.52
3049,3790,Keyboard,1385.29
3050,3703,Webcam,631.77
3051,754,Keyboard,1113.77
3052,3908,Webcam,453.2
3053,1745,Webcam,87.54
3054,1797,Mouse,426.21
3055,1843,Docking Station,644.04
3056,448,Desk,423.98
3057,1043,Desk,729.3
3058,283,Webcam,531.88
3059,4405,Chair,1034.17
3060,1376,Laptop,784.42
3061,1696,Desk,644.78
3062,2869,Monitor,690.51
3063,1274,Headset,1133.45
3064,3099,Tablet,661.1
3065,4724,Docking Station,367.64
3066,682,Laptop,1296.62
3067,4292,Laptop,288.58
3068,1152,Webcam,347.42
3069,3655,Docking Station,839.68
3070,3007,Desk,430.1
3071,549,Desk,338.83
3072,3505,Chair,934.27
3073,3762,Webcam,618.35
3074,4192,Chair,1384.23
3075,3923,Laptop,1438.61
3076,3816,Keyboard,515.46
3077,4162,Mouse,1461.51
3078,3608,Mouse,683.52
3079,3424,Laptop,1018.4
3080,4427,Tablet,1447.71
3081,3529,Headset,439.45
3082,3678,Mouse,479.89
3083,1284,Monitor,750.56
3084,4543,Webcam,1164.85
3085,534,Tablet,209.87
3086,3677,Headset,1423.95
3087,4460,Chair,704.92
3088,2848,Docking Station,52.56
3089,2170,Desk,396.66
3090,4056,Keyboard,535.23
3091,1827,Laptop,261.6
3092,1039,Desk,1385.14
3093,4450,Mouse,1467.27
3094,4494,Chair,1152.35
3095,4609,Headset,1218.11
3096,783,Laptop,1297.03
3097,158,Keyboard,431.67
3098,601,Keyboard,1125.76
3099,1051,Mouse,536.5
3100,1985,Chair,922.74
3101,2957,Docking Station,773.96
3102,3249,Monitor,341.56
3103,3745,Tablet,565.87
3104,4499,Webcam,1392.23
3105,394,Desk,417.68
3106,941,Keyboard,1142.21
3107,4227,Mouse,108.29
3108,891,Chair,422.57
3109,585,Headset,458.12
3110,4310,Monitor,383.01
3111,825,Docking Station,479.42
3112,2057,Laptop,385.48
3113,3746,Mouse,668.37
3114,3073,Mouse,827.35
3115,1855,Docking Station,723.67
3116,2518,Webcam,996.82
3117,1584,Docking Station,602.88
3118,1108,Mouse,266.77
3119,1564,Desk,373.98
3120,4087,Headset,1174.07
3121,1601,Monitor,1196.06
3122,2201,Monitor,162.98
3123,2941,Webcam,469.91
3124,1782,Laptop,56.02
3125,4271,Tablet,997.24
3126,4654,Mouse,1322.51
3127,402,Desk,1401.13
3128,2620,Monitor,786.89
3129,2194,Keyboard,1464.69
3130,4703,Webcam,1222.78
3131,3630,Keyboard,690.82
3132,4211,Desk,879.65
3133,617,Chair,341.06
3134,1288,Chair,1274.15
3135,655,Tablet,937.08
3136,2497,Docking Station,924.28
3137,2653,Tablet,1064.21
3138,1631,Docking Station,1011.82
3139,734,Monitor,914.34
3140,1676,Tablet,410.23
3141,640,Headset,1144.93
3142,779,Laptop,818.05
3143,3302,Tablet,767.43
3144,1044,Laptop,1363.04
3145,4691,Keyboard,1145.12
3146,1302,Tablet,929.72
3147,2861,Tablet,1165.19
3148,2776,Mouse,307.86
3149,2420,Keyboard,318.58
3150,4838,Desk,658.71
3151,3319,Tablet,1030.09
3152,4223,Laptop,544.62
3153,415,Keyboard,1448.82
3154,3961,Mouse,670.74
3155,1908,Headset,803.89
3156,3341,Webcam,1118.16
3157,1045,Mouse,784.59
3158,3651,Desk,1173.86
3159,4964,Keyboard,586.16
3160,3479,Desk,1421.68
3161,4688,Monitor,754.66
3162,4116,Desk,1019.37
3163,45,Tablet,1231.01
3164,1644,Keyboard,903.89
3165,926,Laptop,115.01
3166,1001,Desk,1237.02
3167,4353,Chair,135.33
3168,4254,Chair,918.28
3169,1207,Mouse,352.44
3170,1132,Docking Station,1369.03
3171,4471,Desk,514.15
3172,732,Keyboard,303.73
3173,156,Tablet,440.17
3174,3705,Docking Station,164.99
3175,3746,Chair,987.1
3176,4260,Chair,1371.9
3177,1562,Webcam,1455.41
3178,3112,Mouse,1412.66
3179,4569,Laptop,37.54
3180,1192,Laptop,80.01
3181,1084,Keyboard,556.85
3182,2958,Monitor,1212.37
3183,3608,Desk,353.25
3184,277,Headset,734.52
3185,3202,Docking Station,763.32
3186,2234,Headset,359.11
3187,4623,Laptop,1043.48
3188,3235,Keyboard,1499.23
3189,2170,Keyboard,449.84
3190,1709,Monitor,487.0
3191,2128,Desk,29.06
3192,1420,Tablet,1374.99
3193,4188,Chair,862.51
3194,3003,Laptop,537.35
3195,4960,Desk,483.51
3196,1585,Chair,1219.32
3197,977,Docking Station,935.11
3198,4443,Laptop,1248.81
3199,725,Chair,1334.18
3200,4800,Laptop,380.95
3201,874,Chair,1330.16
3202,3496,Mouse,385.96
3203,4315,Headset,577.5
3204,975,Monitor,952.18
3205,671,Keyboard,1369.22
3206,3436,Mouse,187.07
3207,3176,Keyboard,1260.37
3208,1069,Chair,1107.63
3209,4960,Desk,459.71
3210,4833,Docking Station,808.71
3211,1352,Headset,1448.72
3212,1083,Mouse,221.85
3213,389,Headset,166.03
3214,2645,Keyboard,763.05
3215,3882,Desk,38.55
3216,364,Mouse,716.93
3217,2046,Headset,1329.8
3218,4167,Docking Station,1117.4
3219,3176,Monitor,1376.07
3220,2080,Desk,497.25
3221,477,Docking Station,920.76
3222,461,Monitor,272.69
3223,1857,Mouse,356.6
3224,4114,Laptop,1053.27
3225,3992,Desk,402.4
3226,1687,Headset,1201.78
3227,401,Desk,24.45
3228,652,Keyboard,1487.07
3229,1667,Keyboard,1455.77
3230,1201,Headset,883.75
3231,2330,Headset,1421.3
3232,4661,Docking Station,532.65
3233,3245,Keyboard,270.12
3234,2385,Keyboard,1166.06
3235,1730,Laptop,205.13
3236,2831,Laptop,1165.35
3237,757,Desk,1163.67
3238,316,Chair,601.62
3239,2373,Laptop,948.79
3240,1209,Tablet,521.65
3241,355,Docking Station,737.58
3242,1481,Laptop,614.91
3243,4530,Mouse,1172.46
3244,3179,Mouse,383.15
3245,2724,Webcam,1441.14
3246,4345,Webcam,1127.54
3247,310,Desk,285.6
3248,3322,Desk,356.77
3249,3128,Docking Station,652.15
3250,1725,Laptop,403.62
3251,4503,Chair,1466.72
3252,1971,Desk,1424.33
3253,4176,Headset,1125.78
3254,4873,Docking Station,493.88
3255,3308,Tablet,793.59
3256,3411,Laptop,260.61
3257,2359,Desk,287.68
3258,2904,Laptop,956.18
3259,2433,Mouse,1341.32
3260,2690,Mouse,953.37
3261,1784,Desk,521.42
3262,4116,Desk,550.8
3263,1465,Desk,1094.09
3264,1201,Laptop,708.26
3265,2421,Mouse,650.04
3266,59,Monitor,1328.11
3267,1552,Monitor,1407.9
3268,3448,Chair,441.93
3269,2153,Webcam,596.68
3270,2207,Headset,674.54
3271,4875,Docking Station,1194.76
3272,2959,Docking Station,563.49
3273,3555,Mouse,1439.96
3274,1522,Monitor,771.83
3275,2768,Laptop,538.54
3276,63,Chair,1222.76
3277,3631,Headset,1000.58
3278,2724,Monitor,162.91
3279,3115,Webcam,182.76
3280,1327,Desk,1254.67
3281,1963,Docking Station,1475.26
3282,3251,Desk,824.42
3283,2247,Monitor,400.8
3284,3772,Desk,977.37
3285,4442,Monitor,1177.36
3286,3802,Tablet,1247.68
3287,3693,Laptop,633.61
3288,2433,Chair,1328.85
3289,3716,Docking Station,1245.18
3290,2988,Desk,384.45
3291,4105,Docking Station,1474.9
3292,4377,Monitor,235.67
3293,3679,Tablet,451.51
3294,4521,Webcam,1406.31
3295,1111,Monitor,1183.38
3296,2003,Webcam,1198.89
3297,214,Tablet,750.24
3298,1631,Keyboard,883.83
3299,1964,Keyboard,822.42
3300,4226,Laptop,164.91
3301,4399,Mouse,650.27
3302,659,Webcam,346.57
3303,520,Mouse,261.85
3304,3949,Webcam,905.14
3305,881,Monitor,496.49
3306,315,Tablet,1013.63
3307,2106,Laptop,738.61
3308,3352,Keyboard,589.99
3309,4009,Webcam,632.49
3310,1462,Laptop,702.44
3311,1906,Chair,849.63
3312,4045,Tablet,507.94
3313,3891,Docking Station,1237.81
3314,2120,Mouse,1351.47
3315,3873,Keyboard,775.85
3316,1579,Tablet,615.63
3317,2166,Tablet,1265.67
3318,3650,Mouse,364.22
3319,2889,Chair,799.57
3320,1917,Keyboard,885.38
3321,4182,Chair,1217.63
3322,2165,Tablet,837.75
3323,571,Desk,1296.22
3324,2961,Webcam,1425.76
3325,795,Mouse,796.14
3326,1717,Desk,1322.23
3327,462,Desk,920.32
3328,1302,Desk,470.38
3329,2337,Webcam,502.99
3330,3360,Tablet,441.59
3331,3909,Webcam,264.71
3332,275,Keyboard,1171.68
3333,4439,Monitor,604.67
3334,3717,Laptop,941.98
3335,3187,Monitor,13.18
3336,48,Tablet,1170.67
3337,160,Headset,271.17
3338,623,Docking Station,1255.5
3339,4691,Chair,1408.64
3340,4165,Webcam,236.81
3341,315,Laptop,159.41
3342,4262,Chair,728.17
3343,653,Desk,56.66
3344,716,Headset,496.26
3345,3400,Monitor,670.22
3346,2770,Headset,32.87
3347,2689,Keyboard,1232.35
3348,327,Tablet,784.09
3349,1115,Keyboard,587.77
3350,1611,Mouse,1256.84
3351,4581,Desk,860.48
3352,1134,Webcam,484.72
3353,1258,Chair,812.12
3354,2575,Docking Station,774.53
3355,4967,Webcam,391.91
3356,2709,Laptop,771.64
3357,2108,Mouse,1356.79
3358,4389,Mouse,499.07
3359,2953,Laptop,76.41
3360,2449,Webcam,1405.85
3361,2600,Webcam,326.54
3362,2130,Laptop,30.7
3363,1792,Monitor,643.53
3364,2318,Webcam,724.27
3365,4171,Keyboard,1214.58
3366,1864,Headset,697.73
3367,4551,Desk,337.68
3368,1476,Docking Station,1061.08
3369,2699,Laptop,730.0
3370,2432,Keyboard,827.57
3371,4735,Mouse,1189.22
3372,3545,Laptop,483.01
3373,2581,Mouse,1129.35
3374,2830,Chair,862.74
3375,2889,Desk,1153.97
3376,3561,Keyboard,354.42
3377,1186,Monitor,727.99
3378,1738,Laptop,1437.08
3379,1997,Tablet,884.79
3380,725,Chair,1242.08
3381,1725,Monitor,265.23
3382,2570,Tablet,1027.33
3383,3942,Tablet,660.47
3384,4791,Keyboard,847.83
3385,4819,Docking Station,1430.69
3386,3504,Mouse,1332.88
3387,3477,Tablet,671.62
3388,64,Desk,418.22
3389,3932,Mouse,12.43
3390,3687,Laptop,371.76
3391,1336,Webcam,789.34
3392,4419,Docking Station,518.15
3393,1444,Headset,1246.8
3394,868,Docking Station,994.92
3395,1880,Mouse,1383.13
3396,4115,Desk,930.19
3397,2884,Desk,464.08
3398,3937,Keyboard,264.78
3399,2535,Desk,278.91
3400,3633,Monitor,871.16
3401,2299,Tablet,691.95
3402,1849,Monitor,1435.78
3403,4711,Docking Station,1293.38
3404,1608,Docking Station,330.52
3405,77,Desk,1135.0
3406,650,Desk,380.85
3407,2660,Desk,1238.21
3408,141,Laptop,865.34
3409,2039,Tablet,271.77
3410,2941,Mouse,59.87
3411,4795,Desk,796.14
3412,649,Mouse,313.76
3413,3685,Docking Station,1400.31
3414,2937,Webcam,153.14
3415,2317,Mouse,274.19
3416,2805,Webcam,1104.71
3417,4758,Keyboard,47.64
3418,4722,Mouse,1462.14
3419,3439,Mouse,441.89
3420,30,Laptop,1459.45
3421,4440,Tablet,1314.16
3422,1578,Mouse,684.22
3423,4041,Keyboard,968.3
3424,3337,Webcam,811.31
3425,3216,Keyboard,495.87
3426,4732,Tablet,329.63
3427,3049,Chair,1195.19
3428,819,Monitor,124.47
3429,303,Tablet,1327.17
3430,181,Docking Station,296.09
3431,2242,Keyboard,589.11
3432,365,Webcam,37.07
3433,1179,Keyboard,339.27
3434,4527,Monitor,675.25
3435,1405,Chair,1151.5
3436,3275,Chair,1305.07
3437,259,Chair,821.86
3438,2923,Laptop,440.09
3439,2866,Webcam,167.03
3440,1606,Webcam,553.31
3441,1946,Mouse,388.03
3442,2928,Headset,1180.42
3443,4400,Mouse,477.95
3444,1919,Laptop,1159.16
3445,1387,Mouse,1017.43
3446,750,Tablet,101.96
3447,2765,Webcam,1380.2
3448,3921,Keyboard,948.17
3449,3407,Docking Station,660.38
3450,1062,Headset,504.53
3451,3366,Webcam,332.77
3452,2088,Docking Station,78.04
3453,1260,Mouse,1438.96
3454,3596,Monitor,952.31
3455,2240,Desk,1372.18
3456,4494,Monitor,154.86
3457,4407,Desk,1080.8
3458,170,Headset,1260.47
3459,2808,Desk,471.99
3460,1454,Mouse,369.09
3461,1973,Keyboard,446.91
3462,3137,Chair,1048.69
3463,686,Docking Station,437.94
3464,974,Monitor,1050.17
3465,1603,Webcam,564.89
3466,326,Docking Station,1366.92
3467,1709,Chair,1129.66
3468,3951,Mouse,879.26
3469,1206,Desk,790.28
3470,3550,Tablet,240.13
3471,1044,Webcam,561.18
3472,1976,Mouse,168.75
3473,2708,Keyboard,85.76
3474,4323,Chair,760.24
3475,2669,Laptop,1467.79
3476,521,Docking Station,1143.78
3477,3894,Webcam,444.16
3478,3038,Headset,521.59
3479,737,Webcam,980.25
3480,3425,Chair,634.2
3481,2038,Monitor,265.63
3482,2153,Laptop,1164.49
3483,2946,Tablet,1439.39
3484,4929,Keyboard,692.36
3485,4183,Webcam,1315.04
3486,4648,Mouse,701.79
3487,4556,Headset,928.56
3488,782,Mouse,1376.24
3489,3209,Webcam,857.92
3490,2229,Webcam,1137.33
3491,1143,Mouse,835.97
3492,4110,Laptop,189.36
3493,3013,Tablet,611.39
3494,244,Desk,1496.18
3495,3220,Keyboard,669.97
3496,3702,Mouse,50.04
3497,3120,Desk,492.11
3498,4020,Headset,491.86
3499,1026,Monitor,242.78
3500,163,Chair,53.94
3501,4436,Monitor,20.15
3502,3369,Headset,962.17
3503,398,Webcam,359.53
3504,4047,Docking Station,819.1
3505,2732,Docking Station,398.68
3506,4737,Headset,59.04
3507,2973,Keyboard,55.07
3508,2542,Docking Station,646.62
3509,4736,Docking Station,417.82
3510,2219,Desk,1323.42
3511,90,Monitor,522.66
3512,1697,Laptop,1495.19
3513,3002,Keyboard,1229.82
3514,3011,Webcam,977.97
3515,3687,Webcam,1119.32
3516,58,Headset,1344.66
3517,4502,Chair,261.14
3518,3651,Desk,1344.38
3519,1685,Chair,661.45
3520,4420,Docking Station,1219.76
3521,1023,Desk,661.15
3522,3628,Docking Station,878.7
3523,1848,Keyboard,608.12
3524,4837,Monitor,216.25
3525,3288,Mouse,711.32
3526,298,Mouse,542.99
3527,3725,Laptop,1351.75
3528,1740,Laptop,26.31
3529,428,Laptop,27.57
3530,4042,Mouse,915.81
3531,2068,Webcam,880.22
3532,4516,Mouse,571.65
3533,2309,Docking Station,59.28
3534,4830,Keyboard,825.3
3535,3386,Tablet,547.03
3536,4222,Headset,1226.9
3537,4055,Desk,1182.32
3538,3201,Mouse,810.21
3539,4722,Laptop,379.8
3540,2995,Desk,328.15
3541,114,Chair,25.91
3542,272,Chair,733.37
3543,4788,Desk,431.75
3544,3112,Desk,40.86
3545,2745,Tablet,1098.16
3546,1737,Keyboard,1089.53
3547,4485,Webcam,948.9
3548,1767,Monitor,204.0
3549,3726,Desk,890.23
3550,1109,Mouse,1295.33
3551,2883,Webcam,237.15
3552,1381,Webcam,552.36
3553,2200,Chair,233.74
3554,3375,Laptop,142.72
3555,2977,Headset,1464.24
3556,4422,Keyboard,491.47
3557,4864,Webcam,121.91
3558,4031,Mouse,907.68
3559,3532,Chair,252.53
3560,3257,Chair,361.39
3561,973,Laptop,617.26
3562,486,Headset,680.07
3563,4850,Keyboard,475.74
3564,1610,Keyboard,644.43
3565,2473,Tablet,1227.35
3566,679,Chair,683.76
3567,3376,Keyboard,172.72
3568,1605,Keyboard,946.32
3569,1252,Laptop,778.18
3570,3840,Chair,1304.02
3571,1845,Headset,354.2
3572,2494,Tablet,291.97
3573,575,Keyboard,706.26
3574,2362,Headset,83.08
3575,3094,Tablet,1184.0
3576,1273,Docking Station,1296.92
3577,2614,Headset,456.27
3578,4500,Docking Station,1351.81
3579,2356,Keyboard,322.94
3580,190,Monitor,1457.47
3581,3230,Chair,298.77
3582,4439,Chair,163.89
3583,34,Docking Station,192.38
3584,4577,Laptop,401.07
3585,2692,Laptop,135.11
3586,4554,Mouse,699.21
3587,4930,Monitor,943.35
3588,4115,Desk,779.52
3589,3691,Tablet,819.52
3590,2882,Chair,1202.65
3591,2865,Laptop,862.13
3592,3685,Docking Station,749.43
3593,2809,Webcam,1342.4
3594,1568,Laptop,685.44
3595,3833,Webcam,1081.67
3596,2450,Webcam,1007.48
3597,640,Desk,855.22
3598,2837,Headset,661.19
3599,1768,Headset,214.15
3600,3416,Chair,315.53
3601,702,Docking Station,1032.53
3602,3613,Monitor,301.36
3603,3663,Webcam,1391.39
3604,4258,Webcam,139.9
3605,766,Laptop,1063.19
3606,4336,Chair,513.76
3607,2474,Desk,82.71
3608,690,Mouse,1000.05
3609,1266,Mouse,518.75
3610,23,Docking Station,196.83
3611,222,Chair,587.64
3612,3786,Chair,932.19
3613,1166,Mouse,775.99
3614,1254,Webcam,1092.01
3615,3520,Docking Station,175.22
3616,343,Monitor,701.86
3617,827,Chair,46.81
3618,3407,Tablet,1001.66
3619,1827,Webcam,776.22
3620,1146,Headset,408.61
3621,623,Tablet,1191.86
3622,1836,Headset,1212.79
3623,3372,Monitor,1285.95
3624,2830,Laptop,1233.88
3625,4674,Desk,708.15
3626,2244,Webcam,216.64
3627,2399,Tablet,306.48
3628,1772,Desk,1058.1
3629,4188,Webcam,751.72
3630,4813,Docking Station,733.2
3631,202,Keyboard,1225.67
3632,622,Desk,414.81
3633,4117,Desk,1037.94
3634,2758,Desk,959.94
3635,919,Laptop,679.27
3636,782,Mouse,1356.28
3637,3189,Mouse,79.27
3638,3938,Headset,1326.99
3639,2950,Monitor,1218.48
3640,2248,Chair,171.89
3641,1597,Laptop,1486.41
3642,1081,Monitor,371.01
3643,1167,Webcam,374.94
3644,158,Chair,627.01
3645,4403,Docking Station,1181.37
3646,2933,Laptop,1287.89
3647,3567,Laptop,1295.51
3648,1038,Webcam,207.3
3649,4708,Laptop,1464.19
3650,3610,Headset,628.82
3651,2430,Desk,1436.99
3652,2351,Monitor,1199.86
3653,3958,Headset,813.54
3654,2378,Webcam,103.81
3655,1649,Docking Station,953.42
3656,3480,Docking Station,971.16
3657,2988,Keyboard,786.26
3658,1325,Tablet,1421.21
3659,2487,Webcam,41.08
3660,775,Keyboard,1073.39
3661,4750,Headset,1176.19
3662,3384,Docking Station,453.36
3663,2371,Headset,674.58
3664,1356,Monitor,899.52
3665,140,Laptop,887.81
3666,4217,Mouse,1352.47
3667,307,Tablet,1275.13
3668,1647,Monitor,257.32
3669,2321,Tablet,1217.46
3670,303,Mouse,788.09
3671,4243,Desk,1209.73
3672,4928,Chair,667.77
3673,3535,Chair,401.1
3674,4963,Chair,821.14
3675,1074,Desk,1419.69
3676,1099,Keyboard,666.05
3677,4715,Mouse,842.92
3678,3364,Desk,26.84
3679,4586,Docking Station,311.09
3680,845,Monitor,1165.87
3681,3920,Chair,20.32
3682,4012,Desk,819.72
3683,3509,Chair,1089.06
3684,2386,Tablet,867.87
3685,1714,Tablet,1146.69
3686,3059,Laptop,835.46
3687,2980,Monitor,331.01
3688,918,Docking Station,1123.72
3689,1416,Headset,729.13
3690,4681,Laptop,886.18
3691,3018,Mouse,275.43
3692,2395,Desk,490.59
3693,4677,Tablet,1052.97
3694,1551,Chair,1354.47
3695,856,Chair,923.01
3696,4488,Keyboard,409.11
3697,4609,Monitor,356.24
3698,289,Monitor,1257.28
3699,3841,Docking Station,144.84
3700,3139,Tablet,155.33
3701,1528,Tablet,527.52
3702,4993,Keyboard,1348.58
3703,387,Laptop,977.9
3704,3548,Desk,71.92
3705,2758,Headset,965.96
3706,4101,Keyboard,1058.49
3707,4994,Headset,1438.11
3708,580,Webcam,294.69
3709,2558,Docking Station,382.36
3710,3951,Headset,1032.34
3711,944,Laptop,182.9
3712,300,Chair,1032.53
3713,1503,Docking Station,136.53
3714,2631,Tablet,606.58
3715,4940,Keyboard,471.25
3716,813,Headset,138.9
3717,2778,Laptop,326.38
3718,3823,Monitor,712.27
3719,1600,Monitor,1221.56
3720,1505,Headset,562.66
3721,1321,Webcam,730.45
3722,916,Docking Station,726.52
3723,1853,Headset,1002.29
3724,4477,Chair,1309.0
3725,3813,Monitor,297.86
3726,1772,Docking Station,392.23
3727,2958,Chair,1326.01
3728,2502,Docking Station,786.81
3729,2247,Keyboard,1180.79
3730,1767,Laptop,540.03
3731,4176,Laptop,70.84
3732,4839,Chair,546.44
3733,3886,Webcam,195.77
3734,2462,Mouse,1118.59
3735,4435,Mouse,1231.09
3736,3370,Keyboard,1157.26
3737,631,Keyboard,211.2
3738,4547,Chair,1450.37
3739,3757,Tablet,601.13
3740,1449,Keyboard,53.09
3741,1073,Docking Station,800.68
3742,3571,Webcam,875.23
3743,2665,Docking Station,592.8
3744,3561,Webcam,933.29
3745,4944,Docking Station,322.47
3746,3374,Laptop,239.25
3747,1196,Headset,1019.9
3748,4028,Tablet,1440.88
3749,691,Desk,1489.5
3750,2099,Headset,1095.55
3751,1837,Docking Station,800.88
3752,2676,Headset,513.35
3753,3333,Webcam,49.33
3754,4446,Laptop,290.68
3755,784,Headset,972.97
3756,2237,Mouse,1451.74
3757,4757,Docking Station,718.37
3758,4148,Docking Station,187.17
3759,2033,Docking Station,57.04
3760,3955,Tablet,1245.51
3761,2851,Monitor,1216.26
3762,4850,Chair,1456.47
3763,3539,Tablet,1142.86
3764,4165,Docking Station,345.12
3765,171,Headset,463.74
3766,1799,Headset,894.11
3767,4671,Webcam,534.01
3768,2650,Desk,688.84
3769,4368,Monitor,1254.7
3770,4227,Docking Station,696.4
3771,76,Monitor,1342.11
3772,4616,Laptop,847.53
3773,2170,Mouse,132.77
3774,768,Mouse,406.46
3775,3036,Tablet,995.25
3776,1017,Docking Station,1373.8
3777,4351,Monitor,1441.16
3778,2826,Chair,1311.99
3779,3059,Laptop,522.35
3780,3269,Desk,229.04
3781,912,Mouse,611.75
3782,1385,Tablet,303.71
3783,2809,Monitor,993.92
3784,3198,Laptop,122.95
3785,3785,Monitor,152.18
3786,2167,Webcam,29.45
3787,88,Desk,361.35
3788,625,Laptop,1023.37
3789,4518,Tablet,297.64
3790,785,Desk,1171.32
3791,2312,Mouse,31.59
3792,3764,Webcam,1435.18
3793,2239,Laptop,1471.79
3794,4351,Docking Station,1475.19
3795,1024,Mouse,1439.41
3796,3612,Chair,1307.11
3797,2783,Laptop,62.57
3798,2326,Keyboard,1131.08
3799,3520,Desk,257.7
3800,3874,Chair,811.92
3801,1285,Chair,156.33
3802,450,Mouse,163.88
3803,3361,Laptop,1047.93
3804,90,Tablet,880.03
3805,3030,Headset,1297.55
3806,1536,Docking Station,1381.06
3807,4111,Headset,76.24
3808,799,Headset,926.48
3809,4774,Chair,1306.59
3810,3521,Mouse,995.99
3811,119,Docking Station,1292.75
3812,3587,Chair,244.23
3813,1654,Tablet,402.34
3814,3805,Headset,782.27
3815,1983,Headset,922.53
3816,2781,Keyboard,331.99
3817,3923,Tablet,1489.95
3818,4823,Monitor,683.75
3819,2665,Headset,835.8
3820,1644,Mouse,1269.5
3821,1816,Docking Station,130.8
3822,516,Mouse,741.36
3823,1109,Keyboard,927.39
3824,4207,Keyboard,582.49
3825,4556,Tablet,1156.06
3826,1811,Headset,1356.32
3827,3940,Tablet,387.51
3828,718,Headset,311.27
3829,3756,Keyboard,1208.74
3830,555,Headset,976.27
3831,4984,Headset,621.68
3832,2804,Tablet,656.38
3833,3019,Chair,853.99
3834,4144,Docking Station,597.31
3835,2068,Mouse,1478.93
3836,692,Keyboard,612.76
3837,4385,Monitor,422.5
3838,1740,Monitor,1090.7
3839,2544,Laptop,776.77
3840,2915,Desk,1386.66
3841,73,Headset,627.17
3842,3920,Chair,370.92
3843,496,Docking Station,879.28
3844,3399,Headset,1472.49
3845,944,Monitor,1286.83
3846,1475,Docking Station,1155.29
3847,4787,Laptop,1052.18
3848,843,Desk,783.02
3849,4529,Desk,655.64
3850,4128,Headset,129.22
3851,1958,Keyboard,950.67
3852,4907,Desk,690.4
3853,2591,Mouse,859.47
3854,2815,Mouse,708.9
3855,4369,Chair,1380.6
3856,745,Monitor,803.07
3857,2294,Desk,229.12
3858,1038,Monitor,1441.94
3859,1487,Chair,1264.77
3860,4065,Mouse,1456.86
3861,2417,Webcam,1080.0
3862,3981,Desk,631.49
3863,3057,Monitor,37.28
3864,2754,Laptop,345.85
3865,4471,Monitor,499.77
3866,3003,Webcam,1487.73
3867,3201,Tablet,428.46
3868,1506,Desk,451.15
3869,483,Keyboard,85.76
3870,2785,Docking Station,1490.49
3871,3976,Chair,379.9
3872,2868,Laptop,171.58
3873,2659,Tablet,83.01
3874,147,Docking Station,368.53
3875,3385,Webcam,427.82
3876,3655,Chair,86.37
3877,1279,Desk,154.64
3878,485,Tablet,143.91
3879,3567,Mouse,609.72
3880,467,Tablet,453.75
3881,3404,Laptop,656.27
3882,350,Chair,437.37
3883,1147,Tablet,865.84
3884,1271,Monitor,938.45
3885,511,Keyboard,753.03
3886,3765,Chair,1133.57
3887,3909,Webcam,1241.6
3888,1657,Tablet,1168.83
3889,576,Monitor,575.57
3890,2328,Webcam,27.07
3891,1859,Chair,573.83
3892,4328,Keyboard,166.42
3893,3294,Keyboard,103.32
3894,3508,Desk,897.07
3895,4859,Headset,630.68
3896,3116,Desk,31.83
3897,3135,Mouse,632.51
3898,2811,Laptop,450.77
3899,2325,Desk,161.46
3900,3073,Keyboard,811.35
3901,2348,Desk,81.69
3902,582,Laptop,1473.65
3903,3871,Monitor,1259.65
3904,3525,Desk,1496.31
3905,4720,Chair,682.66
3906,1809,Tablet,304.45
3907,1197,Mouse,1247.18
3908,1397,Mouse,1119.72
3909,4879,Docking Station,37.98
3910,769,Desk,1041.52
3911,2630,Headset,340.36
3912,1902,Mouse,128.54
3913,2790,Desk,1100.74
3914,4576,Headset,296.46
3915,2071,Webcam,1229.14
3916,3644,Desk,197.53
3917,3623,Desk,397.85
3918,2734,Laptop,717.94
3919,3961,Desk,705.05
3920,2741,Monitor,160.33
3921,2435,Chair,1011.92
3922,2923,Desk,1408.09
3923,1557,Monitor,915.64
3924,2405,Mouse,877.81
3925,608,Laptop,980.05
3926,3654,Tablet,826.62
3927,410,Webcam,1148.39
3928,4968,Laptop,1464.74
3929,358,Keyboard,474.65
3930,4946,Mouse,920.2
3931,2766,Webcam,520.42
3932,2333,Tablet,393.33
3933,2682,Laptop,822.83
3934,2798,Chair,584.12
3935,3011,Laptop,106.91
3936,2959,Docking Station,1438.04
3937,839,Docking Station,1250.05
3938,1708,Mouse,1346.15
3939,2601,Monitor,526.44
3940,2737,Keyboard,1004.26
3941,3115,Monitor,740.07
3942,1819,Tablet,1196.05
3943,1336,Keyboard,211.87
3944,1433,Monitor,73.24
3945,4174,Docking Station,207.08
3946,1171,Laptop,396.32
3947,828,Webcam,220.04
3948,1146,Monitor,570.54
3949,2470,Keyboard,920.99
3950,989,Mouse,41.38
3951,447,Tablet,495.03
3952,3629,Laptop,437.01
3953,1151,Tablet,337.63
3954,2524,Webcam,1061.36
3955,4828,Monitor,536.29
3956,3575,Docking Station,1231.88
3957,4570,Docking Station,1373.48
3958,4190,Tablet,920.88
3959,3024,Monitor,1180.26
3960,3776,Tablet,717.17
3961,2983,Webcam,771.79
3962,4814,Headset,320.22
3963,877,Desk,851.93
3964,3670,Chair,1391.3
3965,4547,Mouse,343.96
3966,4292,Webcam,1457.62
3967,3648,Keyboard,536.43
3968,3199,Desk,302.34
3969,1585,Mouse,1447.83
3970,3421,Mouse,721.06
3971,882,Monitor,1054.92
3972,4130,Docking Station,611.05
3973,4870,Chair,264.19
3974,2909,Tablet,1362.59
3975,2032,Monitor,1013.32
3976,2699,Desk,251.1
3977,4616,Mouse,1175.57
3978,470,Laptop,972.37
3979,2884,Tablet,16.96
3980,3331,Tablet,976.94
3981,3065,Tablet,935.49
3982,3599,Monitor,524.77
3983,4465,Headset,956.26
3984,1313,Desk,995.66
3985,1297,Desk,1106.24
3986,3590,Mouse,1483.99
3987,1897,Mouse,14.71
3988,2710,Laptop,1271.72
3989,4821,Webcam,15.8
3990,432,Webcam,637.6
3991,3063,Mouse,793.68
3992,249,Headset,997.44
3993,907,Mouse,1341.34
3994,4248,Desk,636.94
3995,2572,Docking Station,395.44
3996,1382,Desk,494.9
3997,2774,Chair,860.25
3998,1945,Mouse,812.46
3999,4055,Monitor,331.21
4000,2772,Headset,292.72
4001,4545,Tablet,1273.07
4002,896,Desk,378.12
4003,2191,Tablet,743.9
4004,2836,Monitor,93.1
4005,631,Docking Station,1091.09
4006,2221,Keyboard,1358.84
4007,2248,Headset,933.94
4008,989,Tablet,1204.19
4009,540,Headset,523.6
4010,3189,Chair,702.27
4011,2456,Laptop,1179.06
4012,3203,Tablet,775.69
4013,4106,Monitor,520.68
4014,3045,Mouse,1360.47
4015,2290,Mouse,621.91
4016,264,Chair,762.45
4017,2485,Desk,305.28
4018,305,Laptop,1146.52
4019,2161,Monitor,733.98
4020,2552,Monitor,1246.56
4021,808,Laptop,1198.85
4022,2618,Chair,240.24
4023,2802,Laptop,311.48
4024,3383,Chair,727.71
4025,364,Keyboard,522.63
4026,1897,Keyboard,311.19
4027,1895,Laptop,1187.8
4028,3917,Webcam,861.78
4029,2924,Chair,249.36
4030,4535,Laptop,893.96
4031,4978,Desk,748.4
4032,4506,Chair,1206.57
4033,2073,Docking Station,409.84
4034,1576,Docking Station,1344.44
4035,2149,Webcam,914.85
4036,1925,Laptop,1437.04
4037,3848,Keyboard,906.83
4038,3060,Tablet,493.1
4039,1114,Tablet,1139.72
4040,1873,Mouse,135.28
4041,2028,Monitor,334.31
4042,2076,Keyboard,1455.29
4043,2298,Keyboard,720.75
4044,3021,Tablet,878.04
4045,4491,Docking Station,939.45
4046,4916,Webcam,769.54
4047,401,Chair,1107.59
4048,3923,Laptop,719.46
4049,273,Mouse,682.85
4050,2121,Docking Station,1461.02
4051,4610,Laptop,247.5
4052,4888,Keyboard,747.6
4053,831,Tablet,660.4
4054,3462,Mouse,335.49
4055,2495,Tablet,1040.08
4056,237,Mouse,1165.63
4057,1491,Headset,262.81
4058,4214,Chair,1027.9
4059,1796,Laptop,1480.25
4060,3780,Tablet,1257.24
4061,3125,Desk,1356.8
4062,4695,Headset,1201.85
4063,670,Keyboard,802.19
4064,4567,Monitor,1352.3
4065,3020,Tablet,1481.47
4066,2232,Docking Station,1061.64
4067,3117,Webcam,160.08
4068,1385,Monitor,1033.77
4069,4112,Keyboard,967.18
4070,855,Tablet,1157.0
4071,4221,Monitor,158.35
4072,1353,Desk,1053.24
4073,1532,Desk,792.44
4074,1065,Mouse,645.14
4075,3511,Tablet,93.25
4076,2756,Desk,712.19
4077,1945,Mouse,698.53
4078,3485,Keyboard,267.05
4079,1395,Laptop,1365.82
4080,2805,Tablet,1343.01
4081,2768,Desk,594.9
4082,4522,Webcam,286.5
4083,2629,Desk,1344.58
4084,2822,Tablet,1166.64
4085,978,Headset,1213.27
4086,3922,Keyboard,214.17
4087,610,Monitor,1319.45
4088,1942,Monitor,371.74
4089,4573,Docking Station,618.23
4090,748,Mouse,160.73
4091,3123,Mouse,417.44
4092,1559,Chair,807.51
4093,1356,Mouse,375.0
4094,1170,Headset,25.31
4095,2695,Docking Station,1234.95
4096,3148,Docking Station,356.8
4097,4348,Keyboard,548.2
4098,341,Laptop,971.4
4099,3982,Keyboard,402.88
4100,2591,Webcam,543.53
4101,4938,Monitor,531.81
4102,4059,Laptop,655.04
4103,2306,Keyboard,254.48
4104,1498,Monitor,371.77
4105,4586,Keyboard,122.05
4106,3023,Chair,1018.33
4107,4910,Chair,357.01
4108,4042,Keyboard,103.89
4109,1379,Webcam,1183.51
4110,4813,Monitor,844.46
4111,1665,Mouse,73.64
4112,451,Monitor,443.72
4113,1434,Chair,797.08
4114,2634,Laptop,972.0
4115,2934,Chair,383.73
4116,2108,Monitor,927.16
4117,2211,Desk,770.52
4118,2411,Keyboard,229.87
4119,1401,Headset,1477.71
4120,2456,Keyboard,1465.01
4121,632,Laptop,927.47
4122,4780,Webcam,642.08
4123,59,Docking Station,122.22
4124,2067,Tablet,136.77
4125,2027,Tablet,1437.37
4126,439,Headset,929.36
4127,1968,Webcam,172.0
4128,1907,Tablet,471.24
4129,3120,Keyboard,659.06
4130,981,Monitor,1438.2
4131,1188,Mouse,783.96
4132,98,Headset,73.04
4133,2230,Mouse,479.12
4134,3697,Desk,333.28
4135,1872,Mouse,923.87
4136,2537,Keyboard,511.07
4137,3192,Chair,21.77
4138,977,Tablet,1286.32
4139,2108,Webcam,1369.51
4140,444,Headset,735.62
4141,3829,Keyboard,106.73
4142,2695,Tablet,163.04
4143,4912,Monitor,1118.4
4144,311,Mouse,461.8
4145,3234,Headset,1495.44
4146,1169,Laptop,85.74
4147,4609,Chair,985.52
4148,1905,Monitor,404.09
4149,4824,Monitor,562.86
4150,2858,Chair,1442.82
4151,770,Keyboard,94.23
4152,1074,Chair,897.64
4153,65,Keyboard,113.53
4154,1559,Laptop,1088.38
4155,1279,Keyboard,1498.19
4156,4393,Webcam,604.18
4157,401,Tablet,1017.38
4158,2098,Chair,1222.21
4159,3919,Laptop,1209.8
4160,1653,Headset,204.37
4161,287,Monitor,343.2
4162,406,Laptop,196.25
4163,3298,Mouse,337.65
4164,4022,Chair,709.55
4165,381,Desk,125.17
4166,2014,Keyboard,442.33
4167,2383,Docking Station,452.64
4168,4300,Chair,316.88
4169,1,Docking Station,155.35
4170,2664,Docking Station,512.05
4171,4750,Mouse,1486.62
4172,1090,Desk,389.21
4173,300,Keyboard,1341.31
4174,1354,Keyboard,918.01
4175,1614,Keyboard,467.74
4176,2541,Docking Station,447.8
4177,693,Monitor,50.85
4178,1391,Monitor,1297.29
4179,4659,Mouse,424.85
4180,3374,Docking Station,488.78
4181,1615,Monitor,1245.25
4182,4288,Laptop,1079.97
4183,1340,Tablet,1360.39
4184,56,Chair,195.34
4185,2123,Docking Station,1351.3
4186,2784,Tablet,96.47
4187,2348,Monitor,19.96
4188,3788,Monitor,179.85
4189,3105,Docking Station,1252.61
4190,3526,Keyboard,824.98
4191,4813,Tablet,1111.58
4192,2005,Laptop,903.49
4193,4175,Tablet,1334.52
4194,139,Keyboard,32.87
4195,4535,Desk,527.42
4196,874,Laptop,164.09
4197,135,Docking Station,933.48
4198,858,Chair,625.88
4199,347,Desk,190.56
4200,3967,Keyboard,861.68
4201,3605,Laptop,648.41
4202,1919,Chair,159.75
4203,101,Tablet,163.68
4204,4562,Headset,1025.76
4205,3790,Chair,195.58
4206,2830,Tablet,94.43
4207,621,Mouse,427.46
4208,1018,Docking Station,1173.58
4209,745,Monitor,468.34
4210,156,Chair,174.37
4211,221,Laptop,136.66
4212,4642,Laptop,451.51
4213,4974,Webcam,567.86
4214,618,Chair,1204.08
4215,963,Mouse,354.74
4216,2737,Laptop,240.69
4217,4513,Desk,1218.49
4218,1332,Headset,1278.81
4219,2510,Headset,533.39
4220,383,Webcam,396.28
4221,3149,Tablet,1103.66
4222,472,Webcam,566.07
4223,2357,Mouse,432.07
4224,1826,Webcam,1283.38
4225,2865,Mouse,1168.55
4226,1541,Webcam,312.23
4227,4616,Keyboard,1111.3
4228,4638,Keyboard,1347.35
4229,2805,Headset,767.74
4230,1321,Mouse,1002.1
4231,1541,Laptop,214.42
4232,225,Laptop,950.7
4233,3987,Docking Station,916.09
4234,143,Monitor,1485.32
4235,3835,Keyboard,464.92
4236,1906,Monitor,1081.67
4237,2593,Keyboard,1335.01
4238,271,Mouse,408.93
4239,3780,Mouse,922.31
4240,2654,Headset,865.68
4241,731,Mouse,905.67
4242,2092,Laptop,171.01
4243,447,Chair,569.83
4244,1384,Keyboard,150.21
4245,3247,Webcam,601.83
4246,3071,Monitor,777.43
4247,138,Keyboard,1406.95
4248,1188,Chair,1458.71
4249,3942,Laptop,159.42
4250,3418,Tablet,1299.43
4251,2418,Docking Station,1459.07
4252,1922,Desk,604.22
4253,4710,Monitor,1290.81
4254,1846,Keyboard,539.63
4255,4655,Chair,983.31
4256,1633,Webcam,606.5
4257,4700,Tablet,44.3
4258,1938,Chair,735.71
4259,4374,Tablet,1073.33
4260,74,Tablet,311.87
4261,1079,Chair,1311.25
4262,2917,Monitor,95.05
4263,2175,Docking Station,1457.77
4264,1485,Mouse,293.31
4265,2636,Docking Station,389.09
4266,1890,Headset,1279.7
4267,4579,Docking Station,421.43
4268,3184,Headset,366.62
4269,2668,Headset,1491.88
4270,1247,Docking Station,355.49
4271,2274,Mouse,1045.84
4272,2051,Chair,1190.79
4273,4053,Laptop,750.13
4274,1620,Keyboard,878.1
4275,4753,Headset,1364.84
4276,494,Keyboard,1207.68
4277,308,Chair,1167.52
4278,2687,Docking Station,877.13
4279,140,Desk,117.14
4280,4964,Tablet,394.08
4281,1961,Docking Station,1293.96
4282,1546,Keyboard,746.91
4283,2011,Tablet,16.61
4284,2256,Webcam,724.59
4285,2082,Chair,221.73
4286,2151,Docking Station,828.65
4287,4101,Docking Station,433.67
4288,2709,Tablet,910.6
4289,3157,Desk,1009.57
4290,3095,Monitor,611.59
4291,1525,Monitor,286.57
4292,830,Headset,1170.36
4293,1914,Headset,600.95
4294,1738,Laptop,440.47
4295,3011,Mouse,191.5
4296,4500,Docking Station,461.57
4297,526,Desk,1296.34
4298,3709,Headset,824.72
4299,4133,Webcam,1013.85
4300,55,Monitor,1193.61
4301,450,Chair,99.47
4302,2835,Headset,762.93
4303,1562,Tablet,1472.29
4304,3030,Docking Station,448.33
4305,1533,Keyboard,432.31
4306,4871,Desk,630.38
4307,3676,Monitor,1467.59
4308,2122,Headset,922.39
4309,3409,Headset,645.95
4310,1438,Tablet,744.62
4311,17,Webcam,194.73
4312,867,Chair,420.93
4313,1611,Desk,579.89
4314,4831,Docking Station,950.58
4315,4169,Headset,381.95
4316,3587,Desk,981.44
4317,644,Mouse,970.38
4318,1270,Webcam,1031.88
4319,3215,Monitor,200.23
4320,2274,Webcam,646.81
4321,3404,Docking Station,906.11
4322,3768,Mouse,918.57
4323,1948,Webcam,194.9
4324,603,Chair,1016.5
4325,3815,Webcam,1200.48
4326,2675,Laptop,1160.63
4327,1279,Laptop,261.92
4328,1629,Webcam,60.71
4329,446,Tablet,492.21
4330,836,Laptop,406.32
4331,3179,Keyboard,544.02
4332,3401,Laptop,835.55
4333,2545,Docking Station,1282.18
4334,796,Chair,1435.84
4335,462,Webcam,163.52
4336,299,Tablet,1052.15
4337,3434,Webcam,1122.43
4338,3372,Keyboard,1026.07
4339,3465,Webcam,1271.39
4340,4998,Mouse,1453.01
4341,4499,Monitor,543.74
4342,3541,Tablet,83.46
4343,2247,Monitor,1354.7
4344,1579,Headset,513.77
4345,3896,Docking Station,1021.48
4346,950,Desk,671.01
4347,4602,Headset,716.16
4348,960,Docking Station,783.52
4349,4817,Tablet,652.82
4350,884,Monitor,713.04
4351,2779,Desk,112.21
4352,927,Chair,715.38
4353,680,Monitor,669.06
4354,2157,Tablet,279.56
4355,1166,Laptop,754.42
4356,991,Keyboard,1339.48
4357,1309,Headset,76.16
4358,4944,Headset,273.17
4359,912,Webcam,450.09
4360,4631,Keyboard,693.6
4361,2346,Tablet,1223.12
4362,4591,Docking Station,315.47
4363,964,Mouse,651.33
4364,1340,Desk,140.4
4365,1990,Docking Station,803.64
4366,1269,Headset,781.68
4367,1219,Keyboard,640.55
4368,3601,Mouse,1251.32
4369,4638,Monitor,955.17
4370,4437,Laptop,931.02
4371,3415,Desk,1290.59
4372,1152,Tablet,1241.49
4373,2972,Keyboard,1026.48
4374,4250,Laptop,407.85
4375,4797,Webcam,791.73
4376,4580,Desk,143.45
4377,39,Headset,142.1
4378,79,Tablet,967.47
4379,3194,Webcam,131.66
4380,1873,Chair,125.02
4381,1399,Keyboard,1268.63
4382,549,Mouse,981.16
4383,1471,Desk,1008.05
4384,3053,Monitor,1371.61
4385,32,Webcam,1431.58
4386,1434,Mouse,1321.74
4387,2349,Keyboard,1147.21
4388,1262,Webcam,1467.62
4389,2518,Headset,907.1
4390,2370,Webcam,1249.25
4391,4176,Docking Station,555.4
4392,4355,Desk,16.21
4393,3502,Tablet,789.64
4394,1571,Tablet,393.05
4395,1377,Desk,1497.27
4396,4776,Headset,911.34
4397,3042,Monitor,675.79
4398,2917,Docking Station,448.18
4399,4105,Mouse,438.56
4400,4278,Monitor,500.62
4401,464,Keyboard,1084.17
4402,2401,Tablet,1499.8
4403,2175,Chair,966.41
4404,3722,Laptop,1386.08
4405,1829,Keyboard,1189.84
4406,4821,Laptop,54.49
4407,2645,Mouse,368.31
4408,3486,Monitor,419.65
4409,2856,Monitor,920.06
4410,1724,Tablet,129.97
4411,372,Chair,1312.68
4412,4960,Mouse,438.38
4413,143,Docking Station,396.35
4414,4996,Keyboard,1123.72
4415,1602,Monitor,351.69
4416,1255,Keyboard,634.54
4417,1406,Docking Station,1200.79
4418,4251,Desk,968.84
4419,4445,Keyboard,85.5
4420,2197,Webcam,594.47
4421,1566,Mouse,455.79
4422,904,Headset,1045.09
4423,4757,Tablet,1167.04
4424,9,Monitor,607.39
4425,3571,Mouse,349.22
4426,4678,Desk,1149.72
4427,2754,Desk,522.43
4428,3137,Chair,498.94
4429,1806,Laptop,664.39
4430,2148,Laptop,30.32
4431,2145,Tablet,340.43
4432,364,Docking Station,312.08
4433,4504,Chair,1271.44
4434,4635,Docking Station,1244.33
4435,3216,Monitor,450.83
4436,639,Monitor,1433.46
4437,1535,Tablet,1267.36
4438,2073,Chair,1374.49
4439,2283,Laptop,1293.31
4440,1293,Laptop,785.88
4441,912,Keyboard,1482.11
4442,501,Laptop,371.69
4443,4059,Laptop,1098.45
4444,4091,Chair,441.33
4445,2815,Laptop,727.63
4446,3523,Tablet,1260.62
4447,4480,Headset,894.98
4448,3413,Webcam,621.56
4449,2055,Chair,756.64
4450,3268,Webcam,774.89
4451,281,Keyboard,1125.92
4452,2910,Chair,22.83
4453,3207,Docking Station,302.44
4454,2925,Tablet,1042.31
4455,3414,Webcam,1369.13
4456,4468,Monitor,746.98
4457,1779,Headset,842.04
4458,445,Tablet,270.98
4459,2682,Tablet,236.77
4460,3903,Mouse,225.12
4461,1757,Keyboard,733.65
4462,4205,Tablet,1382.52
4463,3805,Desk,971.45
4464,4622,Laptop,1384.72
4465,3016,Keyboard,78.8
4466,1595,Docking Station,1324.67
4467,2472,Desk,262.77
4468,2127,Headset,1229.72
4469,4306,Docking Station,455.83
4470,379,Headset,59.89
4471,3800,Keyboard,51.49
4472,3905,Laptop,699.63
4473,2761,Laptop,744.42
4474,4684,Webcam,1216.78
4475,476,Tablet,950.0
4476,1396,Monitor,134.8
4477,3176,Monitor,1042.21
4478,276,Tablet,1377.69
4479,1661,Chair,111.86
4480,172,Keyboard,948.04
4481,1280,Webcam,1381.07
4482,1008,Monitor,395.91
4483,2996,Mouse,79.79
4484,4215,Headset,361.65
4485,426,Monitor,1322.58
4486,4576,Tablet,897.31
4487,3450,Docking Station,1114.61
4488,2385,Laptop,949.66
4489,2404,Keyboard,1386.13
4490,818,Monitor,1220.37
4491,3071,Tablet,789.8
4492,1965,Keyboard,278.55
4493,4034,Keyboard,442.69
4494,368,Desk,635.59
4495,2805,Laptop,1196.0
4496,4610,Monitor,102.76
4497,1575,Keyboard,119.61
4498,2223,Laptop,996.95
4499,3859,Keyboard,897.95
4500,4704,Webcam,719.13
4501,1360,Desk,783.04
4502,4757,Laptop,1412.17
4503,3974,Docking Station,901.64
4504,3107,Chair,1309.81
4505,4455,Mouse,140.27
4506,2369,Desk,512.33
4507,3187,Monitor,148.81
4508,2427,Monitor,426.01
4509,325,Headset,1073.61
4510,2516,Chair,146.94
4511,3935,Chair,1101.3
4512,2556,Webcam,765.27
4513,2047,Docking Station,884.24
4514,1031,Docking Station,1136.16
4515,3115,Chair,515.83
4516,4487,Tablet,262.8
4517,3075,Tablet,1010.38
4518,1583,Laptop,26.56
4519,3702,Webcam,1444.69
4520,2956,Tablet,1190.9
4521,1572,Laptop,918.92
4522,2182,Monitor,684.42
4523,3804,Headset,1180.49
4524,3510,Chair,1020.77
4525,947,Laptop,727.53
4526,1581,Tablet,297.12
4527,3906,Keyboard,1045.16
4528,35,Headset,1395.55
4529,4796,Mouse,1267.05
4530,4362,Mouse,1465.94
4531,3141,Desk,1271.92
4532,3268,Laptop,895.97
4533,2955,Monitor,917.68
4534,1664,Laptop,1305.29
4535,1267,Keyboard,28.65
4536,1117,Docking Station,340.0
4537,730,Docking Station,26.13
4538,3948,Keyboard,852.37
4539,1422,Chair,643.42
4540,397,Mouse,801.22
4541,3923,Desk,1013.46
4542,567,Chair,1081.4
4543,663,Docking Station,76.09
4544,530,Monitor,841.78
4545,1531,Headset,395.47
4546,1015,Mouse,859.14
4547,1214,Monitor,1299.54
4548,1578,Chair,348.62
4549,88,Chair,228.35
4550,1684,Laptop,923.94
4551,2024,Chair,1093.26
4552,1642,Desk,966.04
4553,1092,Keyboard,234.26
4554,1818,Desk,1480.97
4555,2598,Docking Station,1419.19
4556,378,Tablet,634.53
4557,3701,Monitor,1325.17
4558,4418,Chair,257.75
4559,539,Tablet,1002.67
4560,4081,Chair,1307.11
4561,3064,Webcam,237.94
4562,1734,Chair,396.7
4563,3293,Webcam,87.36
4564,3787,Tablet,738.18
4565,3829,Keyboard,904.77
4566,2238,Docking Station,45.59
4567,4084,Webcam,322.71
4568,109,Mouse,537.42
4569,2576,Headset,1492.36
4570,4995,Docking Station,447.28
4571,118,Laptop,460.34
4572,835,Keyboard,1118.08
4573,1054,Chair,548.46
4574,2143,Tablet,726.12
4575,3234,Tablet,202.89
4576,1483,Mouse,586.31
4577,4494,Keyboard,572.52
4578,2603,Laptop,1036.8
4579,2275,Tablet,1301.91
4580,2633,Headset,920.09
4581,790,Tablet,182.7
4582,3263,Mouse,517.17
4583,3653,Keyboard,771.45
4584,1242,Laptop,542.4
4585,4012,Docking Station,24.5
4586,4649,Headset,440.19
4587,2067,Laptop,1113.82
4588,3693,Keyboard,344.03
4589,1049,Laptop,301.19
4590,1162,Webcam,1118.2
4591,4371,Webcam,1257.38
4592,4750,Laptop,1102.13
4593,1470,Headset,216.41
4594,2281,Desk,908.77
4595,4413,Webcam,948.73
4596,4997,Desk,23.95
4597,4442,Keyboard,1206.16
4598,2034,Tablet,446.7
4599,3915,Monitor,775.11
4600,1778,Chair,557.55
4601,4188,Monitor,860.64
4602,418,Keyboard,96.82
4603,3910,Desk,870.72
4604,2876,Desk,921.91
4605,3212,Chair,205.96
4606,3092,Desk,1103.4
4607,974,Monitor,1139.68
4608,922,Laptop,1083.98
4609,754,Monitor,280.92
4610,231,Laptop,74.8
4611,407,Desk,852.49
4612,260,Mouse,1235.84
4613,3037,Keyboard,1149.04
4614,478,Webcam,1247.46
4615,4884,Mouse,709.24
4616,711,Desk,177.93
4617,2837,Monitor,349.73
4618,2485,Keyboard,562.61
4619,2805,Webcam,1026.36
4620,4407,Mouse,808.36
4621,3290,Keyboard,473.62
4622,3079,Mouse,35.99
4623,1896,Laptop,866.15
4624,2549,Tablet,615.22
4625,1591,Desk,122.18
4626,481,Docking Station,1072.07
4627,3980,Mouse,931.46
4628,2641,Headset,1143.22
4629,650,Mouse,1340.12
4630,4941,Webcam,165.61
4631,4704,Laptop,245.35
4632,1349,Docking Station,340.67
4633,3097,Chair,154.54
4634,3715,Mouse,947.73
4635,245,Webcam,982.66
4636,1572,Webcam,605.74
4637,1688,Webcam,234.4
4638,866,Tablet,744.16
4639,2571,Desk,752.26
4640,1207,Mouse,50.84
4641,75,Chair,658.17
4642,119,Keyboard,268.36
4643,4351,Keyboard,523.71
4644,2663,Desk,381.97
4645,3894,Desk,1427.27
4646,1790,Tablet,1354.88
4647,3026,Mouse,303.8
4648,3049,Tablet,1495.66
4649,632,Headset,1485.69
4650,807,Mouse,898.56
4651,4301,Mouse,432.39
4652,2392,Monitor,54.69
4653,492,Desk,404.65
4654,1956,Laptop,612.47
4655,678,Headset,1466.71
4656,3653,Headset,1335.5
4657,4333,Monitor,28.02
4658,3973,Monitor,322.84
4659,1444,Mouse,1192.52
4660,2758,Monitor,392.04
4661,2333,Chair,1330.05
4662,2292,Mouse,186.54
4663,1757,Monitor,225.93
4664,4060,Monitor,1050.62
4665,3783,Mouse,1233.63
4666,2712,Monitor,810.9
4667,4885,Monitor,621.24
4668,2564,Mouse,1407.79
4669,2947,Keyboard,850.89
4670,969,Keyboard,514.25
4671,792,Laptop,135.05
4672,3801,Tablet,598.2
4673,1708,Keyboard,1230.87
4674,207,Monitor,1162.28
4675,1706,Webcam,38.73
4676,2058,Monitor,877.38
4677,2786,Chair,1485.09
4678,2244,Laptop,417.91
4679,440,Laptop,1095.34
4680,179,Keyboard,255.36
4681,495,Docking Station,149.45
4682,3177,Laptop,978.47
4683,744,Monitor,54.8
4684,1319,Webcam,19.42
4685,3282,Desk,933.43
4686,2408,Desk,100.54
4687,3187,Laptop,92.86
4688,3801,Mouse,561.52
4689,3292,Laptop,429.34
4690,2350,Docking Station,1321.23
4691,2869,Headset,480.01
4692,3376,Mouse,142.54
4693,3150,Laptop,1164.47
4694,914,Tablet,833.8
4695,14,Laptop,239.88
4696,4824,Keyboard,1074.55
4697,2174,Monitor,752.54
4698,4276,Monitor,338.77
4699,2004,Webcam,1390.76
4700,3786,Webcam,1062.03
4701,3262,Desk,475.56
4702,320,Tablet,709.01
4703,1828,Webcam,1054.38
4704,123,Chair,386.62
4705,1016,Webcam,1061.97
4706,2485,Headset,1024.97
4707,300,Headset,347.09
4708,4268,Docking Station,349.53
4709,682,Chair,851.31
4710,4042,Keyboard,191.62
4711,426,Chair,1451.96
4712,1743,Tablet,1105.17
4713,1259,Laptop,569.55
4714,2467,Headset,1245.69
4715,4831,Laptop,506.17
4716,608,Desk,457.69
4717,2257,Keyboard,185.23
4718,4516,Tablet,29.84
4719,996,Desk,148.76
4720,904,Mouse,202.37
4721,2573,Chair,311.62
4722,3741,Monitor,1296.49
4723,596,Mouse,105.03
4724,632,Mouse,1265.66
4725,3883,Desk,1169.58
4726,3956,Mouse,485.65
4727,54,Webcam,1162.69
4728,3190,Desk,42.27
4729,4293,Monitor,72.57
4730,1305,Keyboard,1108.41
4731,3451,Laptop,1081.72
4732,1240,Headset,1163.35
4733,3617,Mouse,585.21
4734,4318,Headset,838.1
4735,40,Headset,680.19
4736,2924,Keyboard,416.74
4737,3211,Docking Station,849.15
4738,2103,Chair,1096.12
4739,3418,Headset,920.22
4740,2183,Desk,27.03
4741,4547,Mouse,215.14
4742,2280,Headset,1233.16
4743,4112,Tablet,253.54
4744,4988,Mouse,1271.27
4745,5000,Laptop,518.99
4746,3328,Mouse,755.0
4747,4135,Keyboard,107.63
4748,1955,Webcam,314.47
4749,1920,Tablet,924.49
4750,553,Headset,348.72
4751,1878,Laptop,866.02
4752,4286,Webcam,1005.93
4753,2567,Headset,819.87
4754,1930,Docking Station,424.31
4755,648,Webcam,885.8
4756,4690,Webcam,1362.8
4757,2614,Laptop,12.87
4758,4085,Webcam,446.76
4759,2744,Webcam,302.71
4760,2131,Desk,401.08
4761,3611,Headset,385.34
4762,1140,Mouse,706.77
4763,1694,Mouse,1099.92
4764,4396,Chair,287.3
4765,2857,Webcam,330.44
4766,1278,Webcam,656.19
4767,625,Laptop,71.44
4768,1017,Tablet,396.87
4769,4323,Laptop,869.34
4770,1403,Laptop,910.37
4771,833,Docking Station,1002.13
4772,3192,Monitor,1078.1
4773,4141,Docking Station,829.63
4774,1794,Tablet,1353.18
4775,1939,Monitor,1433.3
4776,1264,Webcam,239.05
4777,3510,Keyboard,848.73
4778,1340,Keyboard,497.35
4779,4685,Webcam,323.55
4780,4660,Mouse,24.67
4781,1034,Laptop,1403.79
4782,4998,Monitor,520.9
4783,2930,Monitor,1118.99
4784,3978,Docking Station,748.46
4785,201,Chair,25.11
4786,2577,Keyboard,1150.32
4787,1377,Desk,1107.62
4788,1226,Monitor,1203.55
4789,54,Keyboard,1415.4
4790,355,Mouse,1233.97
4791,1281,Laptop,1118.86
4792,3468,Mouse,16.45
4793,1434,Laptop,226.96
4794,4804,Chair,1424.76
4795,4228,Tablet,1116.2
4796,4947,Chair,512.07
4797,4580,Chair,1286.77
4798,242,Keyboard,1495.83
4799,2885,Tablet,235.63
4800,1430,Webcam,1145.83
4801,1471,Tablet,373.74
4802,4029,Webcam,1336.16
4803,3773,Keyboard,518.57
4804,1738,Docking Station,79.45
4805,4919,Keyboard,227.53
4806,1354,Mouse,129.38
4807,3403,Monitor,942.24
4808,3973,Keyboard,397.83
4809,865,Mouse,1057.53
4810,3449,Webcam,1138.51
4811,53,Monitor,365.46
4812,3702,Laptop,620.61
4813,1980,Keyboard,1249.48
4814,1463,Docking Station,752.76
4815,1000,Mouse,630.07
4816,1465,Docking Station,1092.16
4817,4073,Laptop,642.17
4818,411,Chair,1126.94
4819,3445,Monitor,1387.0
4820,512,Chair,254.59
4821,200,Mouse,142.11
4822,3864,Mouse,853.03
4823,3898,Headset,174.66
4824,1367,Mouse,1481.08
4825,4568,Chair,1211.23
4826,3424,Keyboard,89.21
4827,106,Tablet,458.56
4828,2590,Headset,438.95
4829,4500,Tablet,696.6
4830,671,Keyboard,51.41
4831,3485,Mouse,1409.54
4832,287,Tablet,1098.32
4833,4062,Monitor,453.89
4834,877,Keyboard,106.65
4835,4637,Laptop,144.93
4836,3762,Webcam,563.74
4837,4864,Headset,477.52
4838,356,Laptop,779.22
4839,1827,Headset,244.95
4840,2036,Docking Station,1427.07
4841,4853,Mouse,1159.06
4842,1598,Laptop,1213.63
4843,2137,Tablet,695.71
4844,1046,Desk,906.5
4845,1300,Headset,559.69
4846,635,Desk,422.8
4847,904,Chair,749.35
4848,2174,Desk,1285.42
4849,957,Docking Station,108.09
4850,1319,Keyboard,653.76
4851,834,Desk,692.87
4852,4828,Laptop,670.81
4853,3261,Keyboard,1055.97
4854,3022,Monitor,497.46
4855,4633,Docking Station,300.29
4856,2628,Desk,1383.65
4857,2254,Tablet,1138.17
4858,3495,Monitor,153.05
4859,1406,Desk,1340.32
4860,3918,Tablet,718.38
4861,2657,Chair,908.89
4862,3658,Mouse,1366.48
4863,4091,Headset,834.87
4864,2885,Mouse,287.5
4865,3868,Desk,619.26
4866,1015,Headset,652.45
4867,1021,Keyboard,338.92
4868,3028,Monitor,434.32
4869,3716,Mouse,467.0
4870,1899,Docking Station,589.69
4871,352,Monitor,831.68
4872,1554,Laptop,547.12
4873,2596,Headset,918.64
4874,4644,Desk,173.38
4875,4603,Mouse,708.8
4876,2436,Desk,652.15
4877,2760,Laptop,24.68
4878,205,Keyboard,650.15
4879,1995,Headset,588.46
4880,2785,Keyboard,261.28
4881,2446,Tablet,17.8
4882,3378,Chair,1346.71
4883,1197,Webcam,529.7
4884,1980,Monitor,443.62
4885,3832,Laptop,149.02
4886,2319,Laptop,771.71
4887,3105,Laptop,398.62
4888,4871,Tablet,925.61
4889,4272,Laptop,208.58
4890,747,Chair,1106.41
4891,4962,Keyboard,1230.09
4892,2661,Headset,359.47
4893,721,Mouse,111.83
4894,4491,Monitor,1249.97
4895,2565,Monitor,825.07
4896,383,Mouse,1347.6
4897,785,Headset,933.41
4898,1470,Docking Station,375.76
4899,1554,Webcam,1033.59
4900,282,Headset,1012.64
4901,1596,Headset,72.55
4902,2625,Chair,1347.77
4903,4464,Headset,1438.61
4904,2244,Laptop,1117.62
4905,4650,Webcam,421.29
4906,1646,Chair,642.17
4907,360,Tablet,1467.22
4908,3231,Chair,561.39
4909,4079,Chair,583.84
4910,290,Keyboard,430.27
4911,3481,Desk,1387.72
4912,4173,Mouse,149.41
4913,4361,Webcam,1417.75
4914,4859,Headset,890.08
4915,4149,Monitor,549.86
4916,3375,Tablet,1432.69
4917,1160,Laptop,1476.44
4918,1857,Headset,446.86
4919,578,Chair,811.64
4920,4052,Chair,960.72
4921,2594,Docking Station,297.34
4922,1616,Tablet,1063.84
4923,3302,Docking Station,864.47
4924,1452,Mouse,37.69
4925,4332,Webcam,1467.1
4926,1079,Headset,969.12
4927,1042,Monitor,302.62
4928,4030,Tablet,1135.89
4929,321,Laptop,669.42
4930,2933,Mouse,1141.69
4931,1530,Keyboard,1285.62
4932,4551,Headset,1200.29
4933,2412,Chair,1412.4
4934,726,Desk,168.6
4935,1855,Docking Station,1373.16
4936,1695,Monitor,513.62
4937,75,Mouse,1178.12
4938,2726,Keyboard,1052.54
4939,4238,Keyboard,267.28
4940,3355,Desk,432.42
4941,4106,Monitor,659.35
4942,499,Tablet,120.98
4943,1744,Desk,1394.48
4944,1994,Docking Station,1024.84
4945,3900,Tablet,927.87
4946,491,Desk,1165.78
4947,253,Mouse,560.21
4948,4760,Mouse,1458.85
4949,1026,Chair,989.37
4950,4224,Webcam,1102.02
4951,1960,Headset,675.28
4952,2284,Tablet,964.64
4953,3729,Webcam,94.53
4954,2435,Docking Station,1402.02
4955,666,Webcam,529.08
4956,3880,Headset,953.42
4957,2424,Monitor,665.34
4958,2758,Webcam,690.83
4959,1848,Webcam,13.05
4960,4524,Laptop,1251.17
4961,3503,Laptop,820.5
4962,3911,Docking Station,966.48
4963,1850,Headset,778.14
4964,2071,Headset,29.96
4965,1374,Monitor,1443.09
4966,866,Desk,1004.5
4967,3576,Monitor,498.08
4968,2568,Monitor,1391.07
4969,2526,Mouse,457.85
4970,2369,Webcam,694.07
4971,2694,Chair,404.69
4972,3897,Docking Station,1176.55
4973,87,Mouse,541.23
4974,3508,Webcam,91.02
4975,1990,Headset,93.02
4976,1217,Headset,512.32
4977,2340,Headset,280.62
4978,1739,Tablet,665.71
4979,742,Monitor,1126.8
4980,2630,Laptop,1175.35
4981,451,Keyboard,976.78
4982,2234,Laptop,1076.24
4983,3211,Chair,465.84
4984,1531,Laptop,610.8
4985,2547,Monitor,1356.84
4986,981,Headset,525.57
4987,2484,Monitor,1212.49
4988,1415,Chair,794.99
4989,4010,Laptop,94.22
4990,2090,Mouse,1461.94
4991,4338,Chair,734.06
4992,1115,Chair,1178.83
4993,2345,Desk,188.01
4994,4967,Laptop,1184.96
4995,1610,Tablet,459.36
4996,2440,Docking Station,63.82
4997,4099,Headset,321.05
4998,1014,Keyboard,640.28
4999,3237,Webcam,177.04
5000,3915,Chair,477.3
