transaction_id,sale_date,customer_id,amount,channel
Q2-00001,2023-05-30,2924,152.54,In-Store
Q2-00002,2023-05-15,4377,113.71,Phone
Q2-00003,2023-06-26,31,234.15,In-Store
Q2-00004,2023-04-10,4985,151.39,In-Store
Q2-00005,2023-05-23,1921,362.13,In-Store
Q2-00006,2023-05-09,4852,192.17,In-Store
Q2-00007,2023-05-21,471,404.76,Phone
Q2-00008,2023-05-05,376,478.63,Phone
Q2-00009,2023-05-08,4564,218.55,Online
Q2-00010,2023-06-01,4090,284.1,Online
Q2-00011,2023-06-04,3218,153.02,In-Store
Q2-00012,2023-05-16,1845,462.91,Phone
Q2-00013,2023-05-26,3109,131.3,Online
Q2-00014,2023-06-14,4495,477.79,Phone
Q2-00015,2023-05-29,81,110.78,In-Store
Q2-00016,2023-04-18,3991,284.23,In-Store
Q2-00017,2023-06-29,3607,365.83,In-Store
Q2-00018,2023-06-21,4339,412.52,Phone
Q2-00019,2023-04-21,4568,207.37,Online
Q2-00020,2023-05-15,252,140.25,In-Store
Q2-00021,2023-06-06,3636,468.44,Online
Q2-00022,2023-05-03,803,54.46,Phone
Q2-00023,2023-06-13,4008,92.92,Online
Q2-00024,2023-05-07,2549,156.05,Phone
Q2-00025,2023-05-21,3224,107.98,In-Store
Q2-00026,2023-06-17,4047,359.49,Phone
Q2-00027,2023-06-13,2676,298.54,In-Store
Q2-00028,2023-06-18,3197,276.93,In-Store
Q2-00029,2023-06-15,3564,222.8,Online
Q2-00030,2023-05-09,540,268.99,Online
Q2-00031,2023-04-24,2924,447.92,Online
Q2-00032,2023-06-16,428,271.12,Phone
Q2-00033,2023-06-07,201,409.95,Phone
Q2-00034,2023-05-20,557,207.81,Online
Q2-00035,2023-04-30,4083,129.68,Online
Q2-00036,2023-04-03,2202,370.43,In-Store
Q2-00037,2023-05-04,222,68.92,In-Store
Q2-00038,2023-05-04,308,39.8,In-Store
Q2-00039,2023-05-01,3539,486.64,In-Store
Q2-00040,2023-06-15,3467,123.18,Online
Q2-00041,2023-06-07,2984,294.3,Online
Q2-00042,2023-04-14,418,80.18,In-Store
Q2-00043,2023-04-30,222,359.37,In-Store
Q2-00044,2023-06-15,3711,132.53,In-Store
Q2-00045,2023-04-27,4799,194.9,Phone
Q2-00046,2023-04-23,4915,297.29,Online
Q2-00047,2023-06-14,4769,9.54,Phone
Q2-00048,2023-04-29,344,325.11,Online
Q2-00049,2023-06-12,648,202.16,Online
Q2-00050,2023-06-17,4120,312.3,In-Store
Q2-00051,2023-05-27,619,384.73,Phone
Q2-00052,2023-06-03,2702,113.75,Phone
Q2-00053,2023-04-17,4561,455.95,Online
Q2-00054,2023-06-01,1298,310.46,Phone
Q2-00055,2023-05-09,1024,134.34,In-Store
Q2-00056,2023-04-24,3918,247.77,In-Store
Q2-00057,2023-05-06,2352,247.71,Phone
Q2-00058,2023-06-23,774,168.25,Online
Q2-00059,2023-04-01,822,44.34,Online
Q2-00060,2023-05-21,2151,157.03,Online
Q2-00061,2023-04-14,4919,461.71,Phone
Q2-00062,2023-04-09,877,135.41,Online
Q2-00063,2023-06-17,871,301.58,Online
Q2-00064,2023-04-22,3509,206.76,Phone
Q2-00065,2023-05-09,1339,188.93,Online
Q2-00066,2023-05-18,1076,431.23,Phone
Q2-00067,2023-04-06,2138,94.16,In-Store
Q2-00068,2023-04-26,1651,210.74,Online
Q2-00069,2023-04-18,2332,450.91,Online
Q2-00070,2023-04-14,1537,123.2,In-Store
Q2-00071,2023-04-09,884,20.15,Online
Q2-00072,2023-06-26,3686,472.54,Online
Q2-00073,2023-05-04,2668,226.45,Phone
Q2-00074,2023-04-25,3717,72.84,Online
Q2-00075,2023-05-23,2777,217.78,Online
Q2-00076,2023-04-19,2560,230.88,Phone
Q2-00077,2023-04-11,1684,52.73,Online
Q2-00078,2023-06-30,3000,185.25,In-Store
Q2-00079,2023-05-14,790,423.18,Phone
Q2-00080,2023-06-11,478,352.08,In-Store
Q2-00081,2023-06-07,3963,137.72,Phone
Q2-00082,2023-05-21,469,464.96,Phone
Q2-00083,2023-06-19,2148,249.27,Phone
Q2-00084,2023-04-27,3761,15.92,In-Store
Q2-00085,2023-04-08,4427,94.61,Phone
Q2-00086,2023-06-04,1788,237.87,Phone
Q2-00087,2023-05-02,424,330.14,Phone
Q2-00088,2023-05-19,4643,110.08,Phone
Q2-00089,2023-04-21,215,254.88,In-Store
Q2-00090,2023-04-04,3756,47.08,Phone
Q2-00091,2023-04-13,468,456.63,Phone
Q2-00092,2023-05-06,137,483.83,In-Store
Q2-00093,2023-06-21,4359,420.48,Phone
Q2-00094,2023-06-25,3316,401.78,Phone
Q2-00095,2023-05-07,1467,166.44,In-Store
Q2-00096,2023-04-08,3699,495.57,Online
Q2-00097,2023-04-23,3853,398.36,In-Store
Q2-00098,2023-06-29,4600,191.17,Phone
Q2-00099,2023-05-31,2643,223.83,In-Store
Q2-00100,2023-04-03,2171,39.78,Phone
Q2-00101,2023-06-25,4638,396.68,Phone
Q2-00102,2023-04-20,749,385.56,In-Store
Q2-00103,2023-06-20,857,29.69,Phone
Q2-00104,2023-06-25,842,81.95,Online
Q2-00105,2023-04-20,1063,249.28,Phone
Q2-00106,2023-06-10,146,42.63,Online
Q2-00107,2023-04-30,1482,454.22,In-Store
Q2-00108,2023-04-15,1887,447.42,Online
Q2-00109,2023-04-20,51,432.55,Phone
Q2-00110,2023-06-10,2222,20.59,Phone
Q2-00111,2023-06-27,2207,17.42,Phone
Q2-00112,2023-05-25,4966,395.27,In-Store
Q2-00113,2023-05-11,2659,405.01,In-Store
Q2-00114,2023-04-15,487,215.57,Phone
Q2-00115,2023-05-20,1564,73.09,Phone
Q2-00116,2023-05-26,3497,355.2,In-Store
Q2-00117,2023-06-20,4962,139.71,Online
Q2-00118,2023-05-19,2123,159.19,In-Store
Q2-00119,2023-06-29,3030,154.34,Online
Q2-00120,2023-05-14,3965,224.71,Online
Q2-00121,2023-06-15,1465,200.24,Phone
Q2-00122,2023-06-15,3171,208.07,Online
Q2-00123,2023-05-22,2680,222.34,Online
Q2-00124,2023-04-22,4383,63.87,In-Store
Q2-00125,2023-04-16,2870,173.47,Online
Q2-00126,2023-05-02,4846,415.37,Online
Q2-00127,2023-06-10,4493,60.18,In-Store
Q2-00128,2023-06-02,1331,259.38,In-Store
Q2-00129,2023-05-11,3409,412.37,Phone
Q2-00130,2023-05-26,1622,80.79,Online
Q2-00131,2023-05-29,4348,7.21,In-Store
Q2-00132,2023-05-05,205,286.37,In-Store
Q2-00133,2023-06-17,4186,117.26,Online
Q2-00134,2023-06-16,2798,470.34,Phone
Q2-00135,2023-06-25,4806,134.77,In-Store
Q2-00136,2023-04-11,1887,354.78,Phone
Q2-00137,2023-05-25,2841,293.03,Phone
Q2-00138,2023-06-07,2063,452.95,In-Store
Q2-00139,2023-05-30,1902,447.94,Online
Q2-00140,2023-05-14,3529,275.24,Online
Q2-00141,2023-05-30,1426,335.51,Online
Q2-00142,2023-05-28,3943,165.97,Online
Q2-00143,2023-05-08,106,102.65,In-Store
Q2-00144,2023-04-26,212,375.56,Online
Q2-00145,2023-04-14,3759,371.91,In-Store
Q2-00146,2023-04-06,1684,186.01,In-Store
Q2-00147,2023-06-17,4093,219.95,Phone
Q2-00148,2023-05-06,4031,130.86,In-Store
Q2-00149,2023-05-25,3700,165.18,Phone
Q2-00150,2023-05-03,4628,494.4,Online
Q2-00151,2023-06-28,4789,496.41,Online
Q2-00152,2023-04-01,3123,238.82,In-Store
Q2-00153,2023-04-27,116,376.48,Phone
Q2-00154,2023-05-13,4688,53.22,In-Store
Q2-00155,2023-06-28,4604,124.41,In-Store
Q2-00156,2023-05-03,4871,325.68,In-Store
Q2-00157,2023-04-10,4136,131.43,In-Store
Q2-00158,2023-05-20,945,130.23,Online
Q2-00159,2023-05-14,608,436.86,In-Store
Q2-00160,2023-05-03,4403,140.89,Online
Q2-00161,2023-05-18,4095,346.25,Online
Q2-00162,2023-04-20,627,74.32,Online
Q2-00163,2023-06-05,3047,430.55,In-Store
Q2-00164,2023-04-30,2224,28.32,Online
Q2-00165,2023-05-08,4384,358.94,Phone
Q2-00166,2023-06-18,1157,361.6,Online
Q2-00167,2023-04-26,2772,77.43,Phone
Q2-00168,2023-04-04,145,370.55,Phone
Q2-00169,2023-05-03,3113,91.04,Phone
Q2-00170,2023-04-17,2132,416.95,In-Store
Q2-00171,2023-05-26,4213,474.45,Online
Q2-00172,2023-06-17,514,205.52,Online
Q2-00173,2023-04-27,2930,46.59,In-Store
Q2-00174,2023-04-29,1975,146.23,In-Store
Q2-00175,2023-06-19,3710,119.11,In-Store
Q2-00176,2023-06-07,710,240.37,Phone
Q2-00177,2023-06-15,2468,260.02,Phone
Q2-00178,2023-05-02,3450,423.49,In-Store
Q2-00179,2023-05-20,3287,433.08,In-Store
Q2-00180,2023-05-02,1625,224.34,Online
Q2-00181,2023-04-25,1914,189.76,Online
Q2-00182,2023-05-16,3480,185.55,In-Store
Q2-00183,2023-06-11,4137,324.43,Online
Q2-00184,2023-05-31,1018,473.8,Phone
Q2-00185,2023-05-30,2862,235.46,Phone
Q2-00186,2023-04-18,1471,23.06,In-Store
Q2-00187,2023-04-17,2104,261.8,Phone
Q2-00188,2023-05-14,886,434.77,In-Store
Q2-00189,2023-06-21,824,48.94,In-Store
Q2-00190,2023-05-12,500,230.94,Phone
Q2-00191,2023-04-09,1711,139.89,In-Store
Q2-00192,2023-04-10,4738,411.29,Online
Q2-00193,2023-05-29,4385,435.99,Online
Q2-00194,2023-06-30,1306,434.72,Online
Q2-00195,2023-05-30,1471,414.84,Online
Q2-00196,2023-05-15,2014,376.06,In-Store
Q2-00197,2023-06-12,30,206.27,Phone
Q2-00198,2023-04-19,4107,493.02,In-Store
Q2-00199,2023-06-14,4425,236.03,Online
Q2-00200,2023-05-14,3053,182.44,Phone
Q2-00201,2023-04-25,2294,497.72,Online
Q2-00202,2023-04-12,2055,84.24,Online
Q2-00203,2023-04-02,1723,305.87,Online
Q2-00204,2023-06-04,3489,156.38,In-Store
Q2-00205,2023-06-14,3098,198.09,Online
Q2-00206,2023-05-11,4604,125.37,In-Store
Q2-00207,2023-06-11,2158,484.41,Phone
Q2-00208,2023-05-20,448,61.73,Online
Q2-00209,2023-05-06,3346,408.03,Online
Q2-00210,2023-06-06,2147,174.55,In-Store
Q2-00211,2023-04-19,4843,447.35,In-Store
Q2-00212,2023-05-13,964,175.65,Phone
Q2-00213,2023-06-05,1096,265.83,In-Store
Q2-00214,2023-04-17,1554,7.1,Online
Q2-00215,2023-06-06,3503,150.5,In-Store
Q2-00216,2023-04-10,4333,51.99,Phone
Q2-00217,2023-06-28,1560,275.58,Phone
Q2-00218,2023-05-28,139,16.24,In-Store
Q2-00219,2023-05-07,4977,194.23,Phone
Q2-00220,2023-06-02,3711,28.9,In-Store
Q2-00221,2023-06-28,4989,411.41,Phone
Q2-00222,2023-04-18,1286,69.14,Online
Q2-00223,2023-05-20,766,21.89,Online
Q2-00224,2023-06-02,3060,95.67,In-Store
Q2-00225,2023-06-16,1755,207.56,Online
Q2-00226,2023-04-24,521,425.17,In-Store
Q2-00227,2023-05-11,3828,178.67,Phone
Q2-00228,2023-05-16,4071,400.25,In-Store
Q2-00229,2023-05-28,3071,231.85,In-Store
Q2-00230,2023-04-13,4683,260.24,Online
Q2-00231,2023-06-10,1795,70.76,In-Store
Q2-00232,2023-04-04,29,32.36,Phone
Q2-00233,2023-05-02,3513,114.15,Online
Q2-00234,2023-06-08,2847,355.78,Online
Q2-00235,2023-05-25,3975,243.0,In-Store
Q2-00236,2023-05-06,2071,499.9,Phone
Q2-00237,2023-05-01,1292,498.34,Online
Q2-00238,2023-05-23,2762,164.83,Online
Q2-00239,2023-05-08,4949,69.91,Online
Q2-00240,2023-05-09,2458,275.61,In-Store
Q2-00241,2023-05-14,4846,220.68,In-Store
Q2-00242,2023-04-29,3483,333.59,In-Store
Q2-00243,2023-06-11,1462,485.87,Phone
Q2-00244,2023-05-17,2109,182.97,In-Store
Q2-00245,2023-04-01,4442,272.98,Online
Q2-00246,2023-05-03,3540,360.52,In-Store
Q2-00247,2023-06-01,1835,165.53,Online
Q2-00248,2023-05-30,4191,338.23,Phone
Q2-00249,2023-04-28,2871,14.89,Online
Q2-00250,2023-05-09,807,264.84,Phone
Q2-00251,2023-05-13,2175,127.3,Phone
Q2-00252,2023-05-22,2194,440.52,In-Store
Q2-00253,2023-04-15,556,339.34,In-Store
Q2-00254,2023-04-02,1574,126.56,In-Store
Q2-00255,2023-04-02,4393,241.1,Online
Q2-00256,2023-06-24,3493,7.55,Phone
Q2-00257,2023-05-12,2497,372.57,Phone
Q2-00258,2023-06-12,458,70.1,In-Store
Q2-00259,2023-04-06,1007,215.53,Phone
Q2-00260,2023-05-13,3137,228.97,In-Store
Q2-00261,2023-06-09,1598,162.3,In-Store
Q2-00262,2023-06-20,901,52.89,Phone
Q2-00263,2023-06-04,3890,445.47,In-Store
Q2-00264,2023-05-30,3731,301.14,In-Store
Q2-00265,2023-06-16,1370,327.98,Online
Q2-00266,2023-06-25,461,499.94,In-Store
Q2-00267,2023-04-22,1773,413.6,In-Store
Q2-00268,2023-04-10,3032,474.36,In-Store
Q2-00269,2023-04-27,3429,114.03,Phone
Q2-00270,2023-04-23,1639,124.82,In-Store
Q2-00271,2023-05-13,2205,108.44,Phone
Q2-00272,2023-04-11,737,295.43,Phone
Q2-00273,2023-05-31,2584,102.28,In-Store
Q2-00274,2023-06-06,477,274.45,Online
Q2-00275,2023-05-25,3941,103.53,Online
Q2-00276,2023-05-19,1448,196.84,Online
Q2-00277,2023-05-16,2617,211.78,Phone
Q2-00278,2023-04-13,3200,216.15,In-Store
Q2-00279,2023-04-01,3587,343.77,In-Store
Q2-00280,2023-06-19,2966,23.93,In-Store
Q2-00281,2023-04-16,3186,160.19,In-Store
Q2-00282,2023-06-07,3190,390.1,Online
Q2-00283,2023-05-22,1993,44.37,Phone
Q2-00284,2023-05-15,733,237.72,In-Store
Q2-00285,2023-06-24,2663,269.53,Online
Q2-00286,2023-06-23,4101,129.77,Phone
Q2-00287,2023-05-25,296,270.6,Online
Q2-00288,2023-05-08,4282,7.63,Phone
Q2-00289,2023-06-30,1660,325.91,Online
Q2-00290,2023-04-08,1658,251.96,Online
Q2-00291,2023-05-14,641,198.78,In-Store
Q2-00292,2023-04-22,2506,499.53,In-Store
Q2-00293,2023-06-08,4887,271.22,In-Store
Q2-00294,2023-05-04,3954,430.13,Online
Q2-00295,2023-05-12,1939,491.97,Online
Q2-00296,2023-05-30,3459,438.62,Phone
Q2-00297,2023-06-25,4615,468.23,Phone
Q2-00298,2023-06-27,1750,8.86,Online
Q2-00299,2023-06-05,4299,185.61,In-Store
Q2-00300,2023-04-12,311,499.64,Online
Q2-00301,2023-05-25,1429,176.13,Online
Q2-00302,2023-06-10,4178,230.81,Phone
Q2-00303,2023-04-04,3030,400.61,In-Store
Q2-00304,2023-05-17,3994,114.23,In-Store
Q2-00305,2023-06-08,126,22.93,Online
Q2-00306,2023-04-23,3932,197.1,Online
Q2-00307,2023-05-25,2757,126.44,In-Store
Q2-00308,2023-06-09,1587,23.08,Phone
Q2-00309,2023-05-18,4348,218.74,In-Store
Q2-00310,2023-05-17,4061,263.53,Online
Q2-00311,2023-05-22,2792,230.42,In-Store
Q2-00312,2023-04-02,3595,238.98,Online
Q2-00313,2023-04-08,3989,496.48,Online
Q2-00314,2023-05-05,3783,327.34,In-Store
Q2-00315,2023-04-15,2086,206.52,Phone
Q2-00316,2023-05-07,151,374.57,Online
Q2-00317,2023-05-10,2601,366.14,In-Store
Q2-00318,2023-06-16,1902,71.46,In-Store
Q2-00319,2023-04-21,3192,288.9,In-Store
Q2-00320,2023-05-20,3371,277.48,Phone
Q2-00321,2023-05-08,3158,446.85,Online
Q2-00322,2023-05-05,3882,89.78,Phone
Q2-00323,2023-04-01,504,135.64,Online
Q2-00324,2023-06-28,4656,388.59,Phone
Q2-00325,2023-05-16,2120,209.31,In-Store
Q2-00326,2023-04-30,2570,146.86,Online
Q2-00327,2023-06-13,2141,177.08,In-Store
Q2-00328,2023-04-09,1645,74.85,Phone
Q2-00329,2023-04-22,2022,257.52,Online
Q2-00330,2023-04-29,4611,31.4,In-Store
Q2-00331,2023-05-27,1848,66.7,Online
Q2-00332,2023-06-18,4129,499.22,Online
Q2-00333,2023-05-07,3037,102.96,In-Store
Q2-00334,2023-05-27,3407,463.03,Phone
Q2-00335,2023-04-13,1706,40.19,Online
Q2-00336,2023-06-26,3528,78.23,In-Store
Q2-00337,2023-06-22,2234,34.61,Online
Q2-00338,2023-05-11,325,147.6,Phone
Q2-00339,2023-04-22,2757,25.13,Online
Q2-00340,2023-06-23,1918,485.31,In-Store
Q2-00341,2023-04-22,4550,347.25,Online
Q2-00342,2023-05-30,658,389.99,In-Store
Q2-00343,2023-05-23,3472,81.73,Phone
Q2-00344,2023-06-18,2333,137.34,In-Store
Q2-00345,2023-05-24,706,340.12,Online
Q2-00346,2023-04-13,1373,368.22,Phone
Q2-00347,2023-06-16,3229,404.5,Phone
Q2-00348,2023-04-27,4071,220.71,Online
Q2-00349,2023-05-05,1961,313.82,Online
Q2-00350,2023-06-26,1620,433.09,In-Store
Q2-00351,2023-06-02,4191,402.21,Online
Q2-00352,2023-04-15,987,376.25,Phone
Q2-00353,2023-04-13,821,433.37,Phone
Q2-00354,2023-04-25,764,140.87,Phone
Q2-00355,2023-06-25,2404,179.03,Online
Q2-00356,2023-05-26,4800,150.7,In-Store
Q2-00357,2023-06-07,4522,453.54,Online
Q2-00358,2023-06-04,4198,440.22,In-Store
Q2-00359,2023-04-18,2963,96.73,Phone
Q2-00360,2023-06-28,51,167.28,In-Store
Q2-00361,2023-04-26,2996,127.78,Online
Q2-00362,2023-05-19,217,112.38,In-Store
Q2-00363,2023-06-02,3702,84.52,In-Store
Q2-00364,2023-06-12,473,191.4,Phone
Q2-00365,2023-06-10,4395,397.22,In-Store
Q2-00366,2023-06-24,4395,198.7,Phone
Q2-00367,2023-04-24,2402,238.05,Online
Q2-00368,2023-04-18,1832,455.69,Phone
Q2-00369,2023-04-04,1038,305.77,Online
Q2-00370,2023-05-16,4099,312.18,Online
Q2-00371,2023-05-23,1020,90.68,Phone
Q2-00372,2023-05-01,3623,221.72,Online
Q2-00373,2023-05-08,2747,416.6,Online
Q2-00374,2023-05-05,1582,77.85,Phone
Q2-00375,2023-06-22,802,279.77,In-Store
Q2-00376,2023-06-16,3481,426.2,In-Store
Q2-00377,2023-05-21,1348,370.34,Online
Q2-00378,2023-05-05,257,392.51,In-Store
Q2-00379,2023-05-06,2525,309.38,Online
Q2-00380,2023-04-15,2081,17.05,Online
Q2-00381,2023-06-23,1381,82.97,In-Store
Q2-00382,2023-05-12,3451,267.97,Phone
Q2-00383,2023-05-30,2927,47.34,Phone
Q2-00384,2023-06-16,4312,362.04,Phone
Q2-00385,2023-05-05,4427,220.82,Online
Q2-00386,2023-04-21,2459,205.31,Phone
Q2-00387,2023-04-23,1097,261.82,Phone
Q2-00388,2023-04-15,2563,395.15,In-Store
Q2-00389,2023-04-29,1174,308.12,Online
Q2-00390,2023-05-26,389,261.02,In-Store
Q2-00391,2023-05-26,2171,303.72,Online
Q2-00392,2023-05-14,1235,53.79,Phone
Q2-00393,2023-06-24,341,100.58,Online
Q2-00394,2023-05-24,3955,357.31,Online
Q2-00395,2023-05-18,2627,257.81,Online
Q2-00396,2023-04-14,3873,81.6,In-Store
Q2-00397,2023-05-10,2088,245.94,Phone
Q2-00398,2023-05-12,3390,470.89,In-Store
Q2-00399,2023-04-09,2101,274.86,Phone
Q2-00400,2023-05-22,2937,383.73,In-Store
Q2-00401,2023-04-11,2058,352.53,Online
Q2-00402,2023-04-04,2565,303.71,Online
Q2-00403,2023-06-26,4950,16.61,Online
Q2-00404,2023-04-20,3812,41.89,Online
Q2-00405,2023-04-28,3029,38.56,Online
Q2-00406,2023-06-19,1376,306.02,Phone
Q2-00407,2023-05-31,4023,420.43,In-Store
Q2-00408,2023-06-02,1085,363.66,Online
Q2-00409,2023-06-16,289,28.59,Online
Q2-00410,2023-05-26,2055,30.44,In-Store
Q2-00411,2023-06-01,1044,151.2,Online
Q2-00412,2023-06-21,2860,212.62,Phone
Q2-00413,2023-06-27,503,291.32,Phone
Q2-00414,2023-04-14,2696,25.79,Phone
Q2-00415,2023-04-10,4800,59.88,In-Store
Q2-00416,2023-06-13,4209,295.94,Phone
Q2-00417,2023-04-02,1293,370.66,In-Store
Q2-00418,2023-06-01,1769,378.69,Phone
Q2-00419,2023-04-07,1802,266.34,In-Store
Q2-00420,2023-06-21,977,264.95,Online
Q2-00421,2023-05-13,3062,385.65,Online
Q2-00422,2023-04-10,2255,134.25,Phone
Q2-00423,2023-04-04,1751,224.73,Online
Q2-00424,2023-05-27,2679,440.36,In-Store
Q2-00425,2023-04-13,1387,342.81,Phone
Q2-00426,2023-05-27,3279,108.26,Online
Q2-00427,2023-05-12,878,220.81,Phone
Q2-00428,2023-06-04,316,113.32,Online
Q2-00429,2023-04-07,631,495.72,Phone
Q2-00430,2023-05-15,1865,470.29,Online
Q2-00431,2023-04-30,4853,177.95,In-Store
Q2-00432,2023-04-26,2250,409.18,Online
Q2-00433,2023-05-08,3223,247.49,Phone
Q2-00434,2023-06-18,1163,83.48,Phone
Q2-00435,2023-06-09,2703,152.73,Online
Q2-00436,2023-06-23,4852,247.82,In-Store
Q2-00437,2023-04-06,3303,358.11,Online
Q2-00438,2023-04-14,2962,237.6,Phone
Q2-00439,2023-05-25,3383,300.48,Online
Q2-00440,2023-04-25,4508,46.18,Phone
Q2-00441,2023-05-07,4478,428.24,Online
Q2-00442,2023-04-16,4638,349.46,In-Store
Q2-00443,2023-04-22,3989,221.21,Phone
Q2-00444,2023-04-07,1292,490.01,In-Store
Q2-00445,2023-06-05,32,253.33,In-Store
Q2-00446,2023-04-10,1703,447.89,Online
Q2-00447,2023-06-10,2267,150.01,Online
Q2-00448,2023-06-13,1599,252.98,Phone
Q2-00449,2023-04-05,3311,300.23,In-Store
Q2-00450,2023-05-27,4286,479.91,Online
Q2-00451,2023-04-25,3262,400.72,Online
Q2-00452,2023-04-12,4471,93.09,Online
Q2-00453,2023-04-14,1813,161.53,In-Store
Q2-00454,2023-06-30,2144,397.7,Phone
Q2-00455,2023-04-15,1173,137.82,Online
Q2-00456,2023-05-07,1861,413.46,Phone
Q2-00457,2023-06-26,1930,261.61,Online
Q2-00458,2023-04-03,3549,402.74,Phone
Q2-00459,2023-04-11,429,59.08,Phone
Q2-00460,2023-04-17,198,449.8,Phone
Q2-00461,2023-06-28,4138,446.56,Online
Q2-00462,2023-04-30,2229,49.12,In-Store
Q2-00463,2023-06-22,2655,6.75,In-Store
Q2-00464,2023-04-10,3,347.57,Online
Q2-00465,2023-06-05,3247,12.04,Phone
Q2-00466,2023-04-19,2683,344.33,In-Store
Q2-00467,2023-06-24,135,486.81,Online
Q2-00468,2023-06-16,4848,61.56,Online
Q2-00469,2023-06-16,4235,80.18,Online
Q2-00470,2023-04-25,2871,32.01,Online
Q2-00471,2023-05-26,779,489.18,In-Store
Q2-00472,2023-05-08,1619,252.13,Online
Q2-00473,2023-04-02,1302,475.28,In-Store
Q2-00474,2023-05-03,2144,403.26,Online
Q2-00475,2023-04-02,4021,13.81,Phone
Q2-00476,2023-05-22,248,342.01,Phone
Q2-00477,2023-04-25,3138,415.6,Phone
Q2-00478,2023-05-11,2227,436.85,Online
Q2-00479,2023-04-16,2467,395.81,Phone
Q2-00480,2023-05-10,486,275.69,Phone
Q2-00481,2023-05-08,4254,388.82,In-Store
Q2-00482,2023-06-06,1556,491.02,Phone
Q2-00483,2023-06-15,2996,347.46,In-Store
Q2-00484,2023-05-20,3897,19.23,In-Store
Q2-00485,2023-06-23,4301,313.67,Online
Q2-00486,2023-04-02,1388,402.62,Online
Q2-00487,2023-04-21,3459,25.05,Phone
Q2-00488,2023-05-07,2373,294.27,Online
Q2-00489,2023-05-27,1829,316.27,Phone
Q2-00490,2023-04-16,2253,113.8,Online
Q2-00491,2023-05-24,1006,130.07,Phone
Q2-00492,2023-06-26,3648,143.04,Phone
Q2-00493,2023-04-05,2421,225.02,Online
Q2-00494,2023-05-13,3151,88.34,Phone
Q2-00495,2023-04-16,3713,18.66,Online
Q2-00496,2023-06-22,758,418.14,Online
Q2-00497,2023-04-19,1996,160.68,Online
Q2-00498,2023-05-06,2652,243.49,Phone
Q2-00499,2023-04-19,3229,230.87,In-Store
Q2-00500,2023-04-09,2528,342.07,In-Store
Q2-00501,2023-06-02,2071,41.02,Online
Q2-00502,2023-04-04,1516,109.54,Phone
Q2-00503,2023-06-07,3488,287.3,Phone
Q2-00504,2023-06-06,1494,204.88,Online
Q2-00505,2023-04-29,1457,49.73,In-Store
Q2-00506,2023-04-13,3697,287.02,In-Store
Q2-00507,2023-04-04,2497,37.42,Online
Q2-00508,2023-05-29,3367,44.29,In-Store
Q2-00509,2023-05-14,2530,265.79,Online
Q2-00510,2023-04-02,4607,290.06,In-Store
Q2-00511,2023-04-20,474,67.07,Online
Q2-00512,2023-04-09,4396,129.54,Online
Q2-00513,2023-06-23,3958,223.5,Online
Q2-00514,2023-06-23,864,212.08,Online
Q2-00515,2023-05-29,1884,75.86,Phone
Q2-00516,2023-04-22,1344,14.99,In-Store
Q2-00517,2023-05-08,2509,212.36,Phone
Q2-00518,2023-04-21,4720,454.85,In-Store
Q2-00519,2023-06-27,3334,431.72,Online
Q2-00520,2023-05-07,4441,302.89,Phone
Q2-00521,2023-05-21,1883,263.82,Phone
Q2-00522,2023-05-25,3816,59.84,Phone
Q2-00523,2023-06-20,4767,84.13,Phone
Q2-00524,2023-04-26,1665,160.89,In-Store
Q2-00525,2023-06-23,404,378.69,Online
Q2-00526,2023-06-23,3571,303.88,In-Store
Q2-00527,2023-05-04,456,353.9,Online
Q2-00528,2023-04-18,1949,226.31,In-Store
Q2-00529,2023-06-03,1459,354.29,Online
Q2-00530,2023-05-05,776,431.19,In-Store
Q2-00531,2023-06-07,3442,192.41,Phone
Q2-00532,2023-04-14,3972,95.0,Online
Q2-00533,2023-06-27,1249,387.49,Online
Q2-00534,2023-06-08,3576,74.99,In-Store
Q2-00535,2023-04-21,458,252.99,Phone
Q2-00536,2023-05-07,2690,166.84,Online
Q2-00537,2023-05-28,3872,495.76,Online
Q2-00538,2023-06-22,2617,170.89,Phone
Q2-00539,2023-04-15,3723,264.08,In-Store
Q2-00540,2023-05-31,438,403.64,Online
Q2-00541,2023-04-01,1548,5.8,Online
Q2-00542,2023-05-19,2776,369.81,Phone
Q2-00543,2023-04-22,546,376.17,Online
Q2-00544,2023-04-29,3301,252.98,Online
Q2-00545,2023-06-19,3070,225.57,Online
Q2-00546,2023-05-04,3091,57.01,Phone
Q2-00547,2023-06-16,4750,340.92,In-Store
Q2-00548,2023-06-13,542,487.34,Phone
Q2-00549,2023-05-26,1094,64.6,In-Store
Q2-00550,2023-05-17,1896,460.29,Phone
Q2-00551,2023-05-18,4322,102.71,Phone
Q2-00552,2023-06-09,4136,60.83,Online
Q2-00553,2023-04-20,3537,259.31,Online
Q2-00554,2023-06-29,3793,198.46,In-Store
Q2-00555,2023-06-17,2135,250.25,In-Store
Q2-00556,2023-06-19,4611,266.19,In-Store
Q2-00557,2023-05-05,2922,225.07,In-Store
Q2-00558,2023-05-22,4589,248.81,Phone
Q2-00559,2023-04-14,4582,395.86,Online
Q2-00560,2023-04-21,3131,343.65,Online
Q2-00561,2023-06-23,1586,364.78,Online
Q2-00562,2023-05-25,3684,354.95,Phone
Q2-00563,2023-06-03,4490,171.37,In-Store
Q2-00564,2023-04-17,3895,61.97,In-Store
Q2-00565,2023-04-24,3650,169.38,In-Store
Q2-00566,2023-05-29,2563,457.1,In-Store
Q2-00567,2023-04-11,4959,444.83,Phone
Q2-00568,2023-05-27,694,471.58,In-Store
Q2-00569,2023-05-29,4763,77.63,Online
Q2-00570,2023-04-30,487,406.52,Phone
Q2-00571,2023-04-24,91,339.62,Online
Q2-00572,2023-06-29,2322,359.58,In-Store
Q2-00573,2023-04-04,3652,175.81,Online
Q2-00574,2023-06-26,4968,242.77,Phone
Q2-00575,2023-06-23,447,167.45,Phone
Q2-00576,2023-06-03,2352,240.39,In-Store
Q2-00577,2023-06-08,1428,369.74,In-Store
Q2-00578,2023-05-10,2460,48.55,Online
Q2-00579,2023-04-09,4217,311.91,Phone
Q2-00580,2023-04-13,3350,45.69,Phone
Q2-00581,2023-06-09,4897,80.89,In-Store
Q2-00582,2023-04-04,4892,494.23,Online
Q2-00583,2023-05-10,3871,107.72,Phone
Q2-00584,2023-04-18,3140,228.32,Phone
Q2-00585,2023-05-16,4059,342.95,Phone
Q2-00586,2023-04-10,2939,215.83,In-Store
Q2-00587,2023-06-10,1676,367.56,Online
Q2-00588,2023-05-21,743,384.3,Phone
Q2-00589,2023-05-04,173,161.88,Online
Q2-00590,2023-04-14,3527,223.98,Online
Q2-00591,2023-04-12,1059,197.75,In-Store
Q2-00592,2023-05-04,3604,447.19,Phone
Q2-00593,2023-06-30,4989,128.19,Online
Q2-00594,2023-06-30,464,112.44,Online
Q2-00595,2023-05-10,639,209.59,In-Store
Q2-00596,2023-06-09,4182,133.19,Phone
Q2-00597,2023-04-19,2456,32.91,In-Store
Q2-00598,2023-04-05,3597,135.81,Online
Q2-00599,2023-05-27,4213,301.27,Phone
Q2-00600,2023-04-08,3131,266.63,Phone
Q2-00601,2023-06-01,2438,432.87,Phone
Q2-00602,2023-04-14,3853,103.46,Online
Q2-00603,2023-05-03,1935,412.34,Online
Q2-00604,2023-06-28,1227,149.15,In-Store
Q2-00605,2023-06-21,3897,470.39,In-Store
Q2-00606,2023-04-15,982,331.34,Online
Q2-00607,2023-04-28,2039,219.79,In-Store
Q2-00608,2023-06-05,4864,249.61,Online
Q2-00609,2023-05-27,2531,119.51,Online
Q2-00610,2023-05-31,1187,388.09,Online
Q2-00611,2023-04-05,1175,107.3,Online
Q2-00612,2023-06-25,1426,242.78,Phone
Q2-00613,2023-05-17,4392,216.08,In-Store
Q2-00614,2023-06-17,1675,481.06,Phone
Q2-00615,2023-06-03,4429,104.08,In-Store
Q2-00616,2023-04-26,4384,89.72,Phone
Q2-00617,2023-05-20,2842,46.12,Online
Q2-00618,2023-05-08,773,201.31,Online
Q2-00619,2023-06-29,1235,375.55,In-Store
Q2-00620,2023-05-24,3558,412.78,In-Store
Q2-00621,2023-06-29,1568,144.12,In-Store
Q2-00622,2023-06-09,3937,469.02,In-Store
Q2-00623,2023-05-20,2219,255.71,Phone
Q2-00624,2023-05-21,2958,268.23,Phone
Q2-00625,2023-06-14,2658,47.43,Online
Q2-00626,2023-04-14,4216,211.08,In-Store
Q2-00627,2023-06-30,2846,477.73,Online
Q2-00628,2023-06-03,3257,118.92,Online
Q2-00629,2023-06-05,3523,468.29,In-Store
Q2-00630,2023-04-02,1140,104.32,In-Store
Q2-00631,2023-04-30,3491,155.67,Online
Q2-00632,2023-06-05,528,205.05,Phone
Q2-00633,2023-05-07,3927,453.88,Online
Q2-00634,2023-04-20,1355,304.83,Online
Q2-00635,2023-04-26,3562,101.08,Online
Q2-00636,2023-05-01,1195,101.28,In-Store
Q2-00637,2023-05-14,4502,180.15,In-Store
Q2-00638,2023-05-02,1527,495.83,In-Store
Q2-00639,2023-06-08,1180,390.84,Online
Q2-00640,2023-06-11,203,306.61,Phone
Q2-00641,2023-04-04,4812,130.01,Phone
Q2-00642,2023-04-07,1209,66.31,Online
Q2-00643,2023-04-12,1778,336.4,Phone
Q2-00644,2023-04-24,4776,400.68,Phone
Q2-00645,2023-05-05,1529,52.63,Online
Q2-00646,2023-05-28,4241,487.62,In-Store
Q2-00647,2023-04-09,1808,277.18,Phone
Q2-00648,2023-06-01,4716,261.81,In-Store
Q2-00649,2023-04-08,3656,361.36,Phone
Q2-00650,2023-04-18,1013,479.66,Online
Q2-00651,2023-04-02,4910,318.35,Online
Q2-00652,2023-05-12,3462,175.49,Online
Q2-00653,2023-05-13,1024,268.5,Phone
Q2-00654,2023-06-17,124,199.2,Phone
Q2-00655,2023-05-15,2155,479.8,Phone
Q2-00656,2023-06-06,1083,288.6,Online
Q2-00657,2023-04-05,2245,266.28,Online
Q2-00658,2023-04-23,2084,296.46,Phone
Q2-00659,2023-06-30,3474,89.56,Online
Q2-00660,2023-04-21,4820,178.89,Online
Q2-00661,2023-04-29,1942,470.11,Phone
Q2-00662,2023-05-31,1762,112.64,In-Store
Q2-00663,2023-05-09,4958,283.9,Online
Q2-00664,2023-04-24,2283,133.16,In-Store
Q2-00665,2023-04-23,2621,163.23,In-Store
Q2-00666,2023-05-10,3065,238.67,Online
Q2-00667,2023-04-12,2589,179.05,Online
Q2-00668,2023-06-17,1484,489.55,Phone
Q2-00669,2023-05-28,516,128.64,Phone
Q2-00670,2023-04-30,608,71.14,Online
Q2-00671,2023-04-06,174,199.38,Phone
Q2-00672,2023-04-11,4925,201.62,Online
Q2-00673,2023-06-03,726,69.93,In-Store
Q2-00674,2023-05-31,4860,324.96,In-Store
Q2-00675,2023-06-11,3357,313.22,Phone
Q2-00676,2023-05-31,2703,202.17,Phone
Q2-00677,2023-06-30,850,381.39,In-Store
Q2-00678,2023-06-14,2402,231.67,In-Store
Q2-00679,2023-04-08,815,390.57,Phone
Q2-00680,2023-04-17,3496,298.49,Phone
Q2-00681,2023-06-29,2507,384.02,Online
Q2-00682,2023-06-06,3940,94.91,Online
Q2-00683,2023-05-28,1319,400.15,Phone
Q2-00684,2023-04-21,4727,440.79,Online
Q2-00685,2023-04-30,2263,68.02,In-Store
Q2-00686,2023-05-22,1617,411.94,Phone
Q2-00687,2023-05-23,76,181.74,Online
Q2-00688,2023-05-11,2294,152.43,In-Store
Q2-00689,2023-06-24,2005,177.0,In-Store
Q2-00690,2023-04-25,2561,208.48,Online
Q2-00691,2023-05-02,99,449.35,In-Store
Q2-00692,2023-05-20,4556,190.5,Phone
Q2-00693,2023-04-18,2699,190.99,Phone
Q2-00694,2023-05-03,1636,95.77,In-Store
Q2-00695,2023-05-04,3090,454.57,In-Store
Q2-00696,2023-04-13,1791,56.93,In-Store
Q2-00697,2023-04-01,852,409.23,Online
Q2-00698,2023-06-12,2199,130.44,Online
Q2-00699,2023-04-05,2479,425.85,In-Store
Q2-00700,2023-06-05,3900,289.22,In-Store
Q2-00701,2023-05-19,2073,6.45,In-Store
Q2-00702,2023-04-20,3765,172.03,Phone
Q2-00703,2023-05-15,342,58.19,In-Store
Q2-00704,2023-06-14,4951,52.81,In-Store
Q2-00705,2023-04-10,2591,169.84,Online
Q2-00706,2023-05-25,2985,48.88,Online
Q2-00707,2023-04-23,4110,20.75,Phone
Q2-00708,2023-06-24,4833,114.98,Online
Q2-00709,2023-05-12,1574,52.03,In-Store
Q2-00710,2023-05-17,4113,181.46,In-Store
Q2-00711,2023-05-21,1838,139.09,In-Store
Q2-00712,2023-05-18,52,140.33,In-Store
Q2-00713,2023-04-04,1016,357.73,Online
Q2-00714,2023-05-05,1021,86.68,In-Store
Q2-00715,2023-05-25,3540,229.69,Online
Q2-00716,2023-05-02,1148,123.09,Online
Q2-00717,2023-06-26,2501,357.15,Phone
Q2-00718,2023-06-29,1800,108.95,In-Store
Q2-00719,2023-05-17,4966,92.23,In-Store
Q2-00720,2023-06-21,4710,378.53,Online
Q2-00721,2023-06-07,4060,292.29,Online
Q2-00722,2023-06-03,2553,43.55,Online
Q2-00723,2023-05-28,178,239.55,Phone
Q2-00724,2023-05-27,1447,99.86,In-Store
Q2-00725,2023-06-17,4815,19.78,In-Store
Q2-00726,2023-05-29,1601,271.91,Phone
Q2-00727,2023-06-29,4734,385.88,In-Store
Q2-00728,2023-04-14,2927,312.64,In-Store
Q2-00729,2023-06-23,1098,405.33,Phone
Q2-00730,2023-04-16,1082,233.38,Online
Q2-00731,2023-04-19,3111,498.87,Online
Q2-00732,2023-05-13,2169,192.98,Online
Q2-00733,2023-04-28,2808,464.36,Online
Q2-00734,2023-05-04,874,91.45,Phone
Q2-00735,2023-06-14,4500,50.7,Online
Q2-00736,2023-05-10,1883,286.36,In-Store
Q2-00737,2023-06-11,1658,226.84,Phone
Q2-00738,2023-04-11,431,468.02,Online
Q2-00739,2023-06-15,2175,347.23,Online
Q2-00740,2023-04-12,2733,203.66,Phone
Q2-00741,2023-05-06,1197,31.9,Phone
Q2-00742,2023-04-08,4604,110.35,Online
Q2-00743,2023-04-28,2088,441.01,Phone
Q2-00744,2023-06-16,3712,24.17,Online
Q2-00745,2023-05-03,3863,37.11,Phone
Q2-00746,2023-06-07,2255,476.96,Phone
Q2-00747,2023-04-22,4092,264.57,Online
Q2-00748,2023-05-18,4858,115.19,Phone
Q2-00749,2023-04-14,616,42.35,In-Store
Q2-00750,2023-05-02,2431,190.11,In-Store
Q2-00751,2023-04-04,3947,73.56,Online
Q2-00752,2023-04-30,255,202.71,In-Store
Q2-00753,2023-06-28,1323,164.03,Phone
Q2-00754,2023-06-18,4104,193.54,Online
Q2-00755,2023-04-01,2616,170.97,In-Store
Q2-00756,2023-04-23,1746,402.31,Online
Q2-00757,2023-04-20,134,467.59,In-Store
Q2-00758,2023-06-10,1691,209.32,Phone
Q2-00759,2023-06-29,3664,110.84,In-Store
Q2-00760,2023-06-16,3598,359.58,Phone
Q2-00761,2023-05-02,4188,66.21,In-Store
Q2-00762,2023-04-23,4978,386.26,Online
Q2-00763,2023-04-22,68,290.38,Online
Q2-00764,2023-04-20,318,238.74,In-Store
Q2-00765,2023-06-27,2798,193.68,Phone
Q2-00766,2023-04-19,1676,151.78,In-Store
Q2-00767,2023-06-19,1743,137.66,Online
Q2-00768,2023-06-07,4651,375.56,Online
Q2-00769,2023-06-20,3100,241.07,In-Store
Q2-00770,2023-05-04,2554,215.03,Phone
Q2-00771,2023-06-30,524,365.59,In-Store
Q2-00772,2023-04-14,2096,222.89,In-Store
Q2-00773,2023-04-14,319,477.63,In-Store
Q2-00774,2023-05-01,2179,239.74,In-Store
Q2-00775,2023-05-26,3816,309.27,Phone
Q2-00776,2023-05-28,3660,22.28,Online
Q2-00777,2023-04-06,285,453.3,Online
Q2-00778,2023-04-24,1920,217.38,In-Store
Q2-00779,2023-06-08,1343,374.18,Online
Q2-00780,2023-04-25,291,463.36,Phone
Q2-00781,2023-06-20,3070,133.68,Phone
Q2-00782,2023-04-23,106,291.46,Phone
Q2-00783,2023-05-19,2782,227.8,Online
Q2-00784,2023-04-22,4254,271.37,In-Store
Q2-00785,2023-05-13,1310,305.35,In-Store
Q2-00786,2023-06-07,2870,195.95,In-Store
Q2-00787,2023-05-31,2579,343.33,Phone
Q2-00788,2023-05-08,3276,369.53,Online
Q2-00789,2023-05-16,2137,230.88,Online
Q2-00790,2023-06-06,3413,329.05,Online
Q2-00791,2023-06-15,4093,138.62,Online
Q2-00792,2023-04-12,2663,96.81,Phone
Q2-00793,2023-06-15,2611,492.73,Phone
Q2-00794,2023-05-11,2243,299.13,Online
Q2-00795,2023-05-10,577,52.43,Phone
Q2-00796,2023-04-07,1680,310.22,Online
Q2-00797,2023-05-20,61,7.76,In-Store
Q2-00798,2023-05-18,3420,345.04,Phone
Q2-00799,2023-04-15,3052,200.7,Online
Q2-00800,2023-05-14,4553,60.6,Online
Q2-00801,2023-04-27,1375,176.0,Phone
Q2-00802,2023-04-30,2876,379.69,Phone
Q2-00803,2023-04-23,1114,37.83,Phone
Q2-00804,2023-05-18,1097,149.31,In-Store
Q2-00805,2023-04-13,143,231.75,Phone
Q2-00806,2023-04-25,3623,350.04,In-Store
Q2-00807,2023-05-16,4078,397.89,Online
Q2-00808,2023-06-13,4823,296.19,In-Store
Q2-00809,2023-06-06,3599,176.93,In-Store
Q2-00810,2023-04-16,2968,280.13,Online
Q2-00811,2023-05-23,3960,297.99,In-Store
Q2-00812,2023-06-20,4541,62.95,Online
Q2-00813,2023-06-24,331,135.19,Phone
Q2-00814,2023-05-03,857,363.33,Phone
Q2-00815,2023-06-30,2179,20.31,Online
Q2-00816,2023-04-05,4931,419.3,In-Store
Q2-00817,2023-06-01,4055,21.59,Phone
Q2-00818,2023-05-07,2995,159.65,In-Store
Q2-00819,2023-05-16,2434,413.32,Phone
Q2-00820,2023-05-11,835,421.45,In-Store
Q2-00821,2023-05-21,4599,176.47,In-Store
Q2-00822,2023-05-21,3492,21.88,Online
Q2-00823,2023-05-17,4552,124.44,Online
Q2-00824,2023-04-17,3094,87.74,In-Store
Q2-00825,2023-06-15,1072,428.93,Phone
Q2-00826,2023-06-20,1286,192.71,In-Store
Q2-00827,2023-05-20,3909,467.09,Online
Q2-00828,2023-04-05,2054,184.43,Online
Q2-00829,2023-05-02,308,257.42,Online
Q2-00830,2023-05-20,4596,80.01,Online
Q2-00831,2023-04-27,4056,253.35,In-Store
Q2-00832,2023-04-25,2126,189.49,Phone
Q2-00833,2023-05-28,1659,345.42,Phone
Q2-00834,2023-04-04,3947,246.57,Phone
Q2-00835,2023-05-25,4312,359.13,Phone
Q2-00836,2023-06-01,450,144.9,Online
Q2-00837,2023-04-26,4593,63.3,Online
Q2-00838,2023-04-10,330,271.45,Online
Q2-00839,2023-06-30,1772,262.52,Online
Q2-00840,2023-04-08,7,209.53,Online
Q2-00841,2023-04-04,323,103.99,In-Store
Q2-00842,2023-05-09,3924,144.69,Phone
Q2-00843,2023-06-07,1025,475.23,In-Store
Q2-00844,2023-05-14,4959,117.35,Phone
Q2-00845,2023-04-23,3239,218.57,Online
Q2-00846,2023-05-05,3506,250.49,Online
Q2-00847,2023-06-04,2032,10.76,Phone
Q2-00848,2023-04-10,4460,312.82,In-Store
Q2-00849,2023-06-06,4908,461.07,Online
Q2-00850,2023-06-03,2568,456.15,Phone
Q2-00851,2023-04-30,3302,339.19,In-Store
Q2-00852,2023-04-21,4337,124.31,Online
Q2-00853,2023-06-05,4488,422.27,Phone
Q2-00854,2023-04-15,1940,440.67,Phone
Q2-00855,2023-06-18,2270,39.39,Online
Q2-00856,2023-05-16,586,19.17,Phone
Q2-00857,2023-04-26,1690,177.38,Online
Q2-00858,2023-04-26,755,243.92,Online
Q2-00859,2023-04-16,3036,265.02,In-Store
Q2-00860,2023-04-07,1924,113.16,In-Store
Q2-00861,2023-06-03,4655,427.86,Phone
Q2-00862,2023-05-10,1275,5.28,Online
Q2-00863,2023-04-22,297,135.02,In-Store
Q2-00864,2023-05-18,3314,469.71,Phone
Q2-00865,2023-04-19,1771,117.43,Phone
Q2-00866,2023-05-27,3419,131.02,In-Store
Q2-00867,2023-04-08,550,14.46,Online
Q2-00868,2023-05-21,4475,50.24,Online
Q2-00869,2023-05-24,3998,473.16,In-Store
Q2-00870,2023-04-24,3249,40.11,Phone
Q2-00871,2023-04-06,433,139.02,In-Store
Q2-00872,2023-04-14,4911,435.34,Phone
Q2-00873,2023-06-10,1917,471.46,Online
Q2-00874,2023-04-10,1949,108.26,Online
Q2-00875,2023-05-11,669,235.51,Online
Q2-00876,2023-05-05,1359,297.83,In-Store
Q2-00877,2023-06-13,4324,408.03,Online
Q2-00878,2023-05-01,1827,158.26,Online
Q2-00879,2023-04-02,4941,144.91,In-Store
Q2-00880,2023-05-26,3188,6.12,Online
Q2-00881,2023-06-21,1575,13.07,In-Store
Q2-00882,2023-06-28,1035,241.54,Online
Q2-00883,2023-05-14,3122,421.75,Online
Q2-00884,2023-04-22,4631,398.3,In-Store
Q2-00885,2023-05-28,1872,373.29,In-Store
Q2-00886,2023-04-17,1831,17.82,In-Store
Q2-00887,2023-06-28,3056,413.93,Online
Q2-00888,2023-04-12,1385,84.75,Phone
Q2-00889,2023-05-12,1344,88.3,In-Store
Q2-00890,2023-06-30,4408,443.14,Phone
Q2-00891,2023-06-06,3604,334.61,Online
Q2-00892,2023-06-24,3373,389.34,Phone
Q2-00893,2023-05-04,2822,173.42,Phone
Q2-00894,2023-05-23,100,64.35,Phone
Q2-00895,2023-05-04,2688,282.58,Phone
Q2-00896,2023-06-04,2708,255.06,Online
Q2-00897,2023-05-09,779,109.87,Online
Q2-00898,2023-05-18,3055,10.96,Online
Q2-00899,2023-04-27,1943,413.55,Phone
Q2-00900,2023-04-01,1939,188.95,Online
Q2-00901,2023-04-14,1829,207.43,In-Store
Q2-00902,2023-04-08,2474,318.16,Phone
Q2-00903,2023-04-02,2978,180.12,Online
Q2-00904,2023-06-25,484,400.94,Phone
Q2-00905,2023-06-13,432,419.99,Phone
Q2-00906,2023-04-04,2335,292.78,In-Store
Q2-00907,2023-05-13,4243,448.74,Online
Q2-00908,2023-05-29,4018,331.06,Phone
Q2-00909,2023-04-18,4487,129.13,Online
Q2-00910,2023-05-23,2636,469.61,Phone
Q2-00911,2023-06-07,3871,163.99,In-Store
Q2-00912,2023-05-12,845,202.32,Online
Q2-00913,2023-05-23,2693,101.95,Phone
Q2-00914,2023-04-27,2045,458.19,In-Store
Q2-00915,2023-06-03,3450,242.49,Phone
Q2-00916,2023-05-11,2984,359.76,In-Store
Q2-00917,2023-06-08,3494,210.35,Online
Q2-00918,2023-06-20,3470,148.38,Online
Q2-00919,2023-06-18,3348,434.16,In-Store
Q2-00920,2023-04-03,2928,423.34,Phone
Q2-00921,2023-05-01,3124,484.74,Phone
Q2-00922,2023-06-15,2211,369.03,Phone
Q2-00923,2023-05-24,4630,145.31,In-Store
Q2-00924,2023-06-22,1687,274.93,Online
Q2-00925,2023-06-05,4651,50.87,In-Store
Q2-00926,2023-04-25,1105,420.26,In-Store
Q2-00927,2023-06-08,1280,212.11,Phone
Q2-00928,2023-06-16,621,73.91,Online
Q2-00929,2023-05-31,4150,197.51,Online
Q2-00930,2023-06-27,1412,340.73,In-Store
Q2-00931,2023-06-13,2515,160.95,Online
Q2-00932,2023-05-20,2065,363.94,In-Store
Q2-00933,2023-05-31,1640,84.41,Online
Q2-00934,2023-06-04,658,15.36,In-Store
Q2-00935,2023-04-22,2681,186.75,In-Store
Q2-00936,2023-06-23,974,390.09,Online
Q2-00937,2023-06-02,3707,167.54,Phone
Q2-00938,2023-06-21,1079,393.78,In-Store
Q2-00939,2023-06-10,3225,24.69,Online
Q2-00940,2023-04-14,886,18.55,Online
Q2-00941,2023-04-28,301,73.09,Phone
Q2-00942,2023-04-29,4827,170.12,In-Store
Q2-00943,2023-05-04,1968,83.69,Phone
Q2-00944,2023-05-19,231,286.81,In-Store
Q2-00945,2023-04-28,2104,37.44,Phone
Q2-00946,2023-04-06,2444,97.04,In-Store
Q2-00947,2023-06-13,2515,366.33,In-Store
Q2-00948,2023-06-21,4727,374.89,In-Store
Q2-00949,2023-06-15,2972,363.67,In-Store
Q2-00950,2023-06-17,4909,214.79,Online
Q2-00951,2023-05-15,4475,314.45,Online
Q2-00952,2023-04-17,781,363.98,Online
Q2-00953,2023-05-15,127,28.03,In-Store
Q2-00954,2023-05-28,4408,216.36,Online
Q2-00955,2023-05-08,3278,432.47,Online
Q2-00956,2023-05-31,4798,345.08,Phone
Q2-00957,2023-04-04,1807,93.99,Online
Q2-00958,2023-05-05,2020,281.98,Phone
Q2-00959,2023-06-07,131,427.38,In-Store
Q2-00960,2023-04-08,4998,110.57,Phone
Q2-00961,2023-04-07,1377,43.21,In-Store
Q2-00962,2023-06-27,670,215.67,Phone
Q2-00963,2023-06-13,3020,203.32,Online
Q2-00964,2023-06-08,196,101.57,Online
Q2-00965,2023-04-03,3921,478.28,Phone
Q2-00966,2023-06-14,3458,302.81,In-Store
Q2-00967,2023-04-24,3368,318.1,Online
Q2-00968,2023-04-30,4199,441.98,Phone
Q2-00969,2023-05-27,4325,5.79,In-Store
Q2-00970,2023-06-16,4777,221.79,Online
Q2-00971,2023-04-01,4690,219.22,Phone
Q2-00972,2023-05-23,4808,51.08,In-Store
Q2-00973,2023-04-12,1620,156.69,In-Store
Q2-00974,2023-04-27,4744,434.85,Phone
Q2-00975,2023-06-25,2424,276.15,Phone
Q2-00976,2023-04-29,41,302.03,Online
Q2-00977,2023-04-19,4183,492.68,In-Store
Q2-00978,2023-05-25,4772,398.2,Phone
Q2-00979,2023-04-24,2504,21.67,Phone
Q2-00980,2023-06-03,4009,391.85,Phone
Q2-00981,2023-06-16,816,110.59,Phone
Q2-00982,2023-06-07,685,386.12,In-Store
Q2-00983,2023-05-18,743,80.92,Phone
Q2-00984,2023-05-02,837,179.52,Online
Q2-00985,2023-05-24,1554,252.25,Phone
Q2-00986,2023-04-07,3383,337.31,Online
Q2-00987,2023-06-14,3843,168.22,Online
Q2-00988,2023-04-29,1578,129.49,In-Store
Q2-00989,2023-04-23,931,116.01,In-Store
Q2-00990,2023-05-17,735,481.57,In-Store
Q2-00991,2023-05-02,327,153.22,Online
Q2-00992,2023-06-27,393,367.99,Online
Q2-00993,2023-05-02,1894,93.12,Online
Q2-00994,2023-05-22,2783,17.12,Online
Q2-00995,2023-06-27,636,300.15,Phone
Q2-00996,2023-04-16,4951,132.11,Phone
Q2-00997,2023-05-13,3493,258.61,Phone
Q2-00998,2023-05-23,3917,192.88,Online
Q2-00999,2023-05-20,405,491.18,Online
Q2-01000,2023-05-20,4473,369.66,Online
Q2-01001,2023-05-09,3104,142.35,Phone
Q2-01002,2023-05-20,3929,74.66,Online
Q2-01003,2023-06-12,376,452.13,Phone
Q2-01004,2023-06-20,50,107.07,In-Store
Q2-01005,2023-05-12,4475,423.35,Phone
Q2-01006,2023-05-12,726,192.36,Phone
Q2-01007,2023-04-02,650,133.35,Phone
Q2-01008,2023-04-11,555,401.95,Online
Q2-01009,2023-06-01,334,247.18,Online
Q2-01010,2023-04-28,3296,30.59,Phone
Q2-01011,2023-05-08,3504,17.71,In-Store
Q2-01012,2023-06-22,4602,148.24,In-Store
Q2-01013,2023-04-29,4114,128.23,In-Store
Q2-01014,2023-04-30,1636,304.09,Online
Q2-01015,2023-06-06,3785,490.26,Phone
Q2-01016,2023-05-11,485,353.36,In-Store
Q2-01017,2023-04-28,560,411.75,Phone
Q2-01018,2023-04-03,2798,419.91,Phone
Q2-01019,2023-06-09,4393,284.57,Phone
Q2-01020,2023-06-05,183,127.74,Online
Q2-01021,2023-04-17,1134,338.22,In-Store
Q2-01022,2023-04-23,4734,305.42,Online
Q2-01023,2023-06-11,1180,210.19,Online
Q2-01024,2023-04-22,442,218.34,Online
Q2-01025,2023-05-11,945,373.41,Online
Q2-01026,2023-04-05,2704,20.12,Online
Q2-01027,2023-06-27,1072,123.33,Phone
Q2-01028,2023-05-07,3974,7.36,Phone
Q2-01029,2023-06-14,4319,187.07,Phone
Q2-01030,2023-05-22,1320,205.06,Phone
Q2-01031,2023-05-15,1925,150.95,In-Store
Q2-01032,2023-06-08,204,109.27,Phone
Q2-01033,2023-06-24,831,280.37,Online
Q2-01034,2023-06-01,138,440.05,In-Store
Q2-01035,2023-05-19,4330,493.38,Phone
Q2-01036,2023-06-29,1754,77.11,Online
Q2-01037,2023-05-03,2224,439.08,In-Store
Q2-01038,2023-04-20,2315,13.24,In-Store
Q2-01039,2023-04-29,1915,187.54,In-Store
Q2-01040,2023-06-28,290,491.35,Online
Q2-01041,2023-04-07,653,204.44,Online
Q2-01042,2023-05-17,3528,412.11,In-Store
Q2-01043,2023-06-03,2254,240.42,Phone
Q2-01044,2023-04-10,2682,426.95,Online
Q2-01045,2023-04-14,2508,411.24,Online
Q2-01046,2023-04-24,4494,166.59,In-Store
Q2-01047,2023-05-07,1789,399.59,Phone
Q2-01048,2023-06-20,3477,260.03,Phone
Q2-01049,2023-05-05,2834,337.61,In-Store
Q2-01050,2023-05-25,1110,31.14,In-Store
Q2-01051,2023-06-10,2535,275.01,Phone
Q2-01052,2023-06-08,4933,202.52,Online
Q2-01053,2023-04-09,2238,324.81,In-Store
Q2-01054,2023-06-17,268,490.27,In-Store
Q2-01055,2023-06-30,4162,487.21,In-Store
Q2-01056,2023-05-10,1427,192.57,Online
Q2-01057,2023-05-05,540,489.32,In-Store
Q2-01058,2023-04-26,1110,432.23,In-Store
Q2-01059,2023-06-12,2192,177.51,Phone
Q2-01060,2023-05-29,4318,413.02,Online
Q2-01061,2023-06-28,525,486.19,In-Store
Q2-01062,2023-06-20,2165,148.22,Phone
Q2-01063,2023-06-25,2329,47.86,In-Store
Q2-01064,2023-04-12,4439,202.19,Phone
Q2-01065,2023-05-23,3420,14.53,In-Store
Q2-01066,2023-06-01,3642,424.13,Phone
Q2-01067,2023-04-13,4706,383.96,In-Store
Q2-01068,2023-05-25,3997,483.8,Phone
Q2-01069,2023-06-01,4294,112.14,In-Store
Q2-01070,2023-04-01,876,431.32,Online
Q2-01071,2023-04-10,668,292.24,Phone
Q2-01072,2023-04-25,2385,357.04,Phone
Q2-01073,2023-05-09,2008,321.91,Online
Q2-01074,2023-04-28,1859,291.43,Online
Q2-01075,2023-05-12,3381,336.4,In-Store
Q2-01076,2023-05-06,1225,358.21,Online
Q2-01077,2023-04-28,1374,301.88,Online
Q2-01078,2023-06-29,4560,274.05,Online
Q2-01079,2023-06-24,557,328.97,Online
Q2-01080,2023-04-30,446,493.8,In-Store
Q2-01081,2023-05-21,1911,424.7,Phone
Q2-01082,2023-06-01,247,496.83,In-Store
Q2-01083,2023-05-24,2548,95.49,Online
Q2-01084,2023-05-14,3926,183.4,Phone
Q2-01085,2023-05-13,2882,414.72,In-Store
Q2-01086,2023-04-15,1602,237.73,Online
Q2-01087,2023-06-09,4561,450.25,In-Store
Q2-01088,2023-04-01,1495,155.47,Online
Q2-01089,2023-06-06,985,42.34,Online
Q2-01090,2023-05-31,2870,97.2,Phone
Q2-01091,2023-06-07,4034,297.29,In-Store
Q2-01092,2023-05-10,2142,465.46,Phone
Q2-01093,2023-04-04,3421,164.83,Phone
Q2-01094,2023-05-21,4619,463.34,Online
Q2-01095,2023-05-06,524,474.73,Phone
Q2-01096,2023-06-17,4466,317.76,Phone
Q2-01097,2023-04-23,603,130.21,Phone
Q2-01098,2023-05-15,94,51.89,In-Store
Q2-01099,2023-06-14,4483,131.81,Online
Q2-01100,2023-06-16,2544,279.29,In-Store
Q2-01101,2023-04-14,1454,11.67,Phone
Q2-01102,2023-05-19,126,484.09,In-Store
Q2-01103,2023-06-09,4039,346.42,Online
Q2-01104,2023-05-08,3620,163.93,Phone
Q2-01105,2023-05-19,84,112.24,Online
Q2-01106,2023-04-25,2885,245.3,Online
Q2-01107,2023-04-18,4336,338.63,Online
Q2-01108,2023-04-15,2800,361.52,Phone
Q2-01109,2023-05-19,1324,224.81,In-Store
Q2-01110,2023-04-11,4515,243.55,Phone
Q2-01111,2023-05-13,4620,361.6,Online
Q2-01112,2023-05-06,3349,290.67,Phone
Q2-01113,2023-04-23,2542,154.93,Phone
Q2-01114,2023-04-11,3152,352.27,Phone
Q2-01115,2023-05-14,155,188.48,Online
Q2-01116,2023-06-03,3675,195.56,Phone
Q2-01117,2023-04-05,2776,313.84,In-Store
Q2-01118,2023-04-28,200,378.88,Online
Q2-01119,2023-04-30,2208,162.55,Online
Q2-01120,2023-04-28,1024,393.49,In-Store
Q2-01121,2023-06-03,3672,82.41,Phone
Q2-01122,2023-05-12,4573,154.67,Phone
Q2-01123,2023-06-26,859,145.73,In-Store
Q2-01124,2023-05-18,3337,380.94,In-Store
Q2-01125,2023-04-02,2853,325.05,Phone
Q2-01126,2023-06-14,2657,154.69,In-Store
Q2-01127,2023-05-15,1267,298.84,In-Store
Q2-01128,2023-06-04,4993,114.83,In-Store
Q2-01129,2023-06-16,1624,199.64,Online
Q2-01130,2023-06-30,627,109.79,Phone
Q2-01131,2023-06-05,3901,170.47,In-Store
Q2-01132,2023-05-15,2072,270.94,In-Store
Q2-01133,2023-04-08,2665,47.13,In-Store
Q2-01134,2023-04-15,2763,180.16,In-Store
Q2-01135,2023-05-27,667,476.59,Online
Q2-01136,2023-06-20,904,258.3,Online
Q2-01137,2023-05-02,4223,292.16,Online
Q2-01138,2023-04-05,4189,302.69,Phone
Q2-01139,2023-06-02,4757,469.21,In-Store
Q2-01140,2023-05-01,405,464.04,In-Store
Q2-01141,2023-05-28,659,227.97,Online
Q2-01142,2023-05-18,1454,285.45,Phone
Q2-01143,2023-04-06,4890,21.63,Online
Q2-01144,2023-04-20,1820,86.57,In-Store
Q2-01145,2023-05-21,1777,406.69,In-Store
Q2-01146,2023-06-25,997,91.77,In-Store
Q2-01147,2023-05-23,1686,51.16,Online
Q2-01148,2023-06-11,1332,17.65,In-Store
Q2-01149,2023-06-03,4816,194.54,Phone
Q2-01150,2023-04-01,1302,388.52,In-Store
Q2-01151,2023-05-06,3675,349.46,Phone
Q2-01152,2023-05-30,243,370.24,Phone
Q2-01153,2023-05-05,2898,10.49,In-Store
Q2-01154,2023-06-18,3059,142.21,Phone
Q2-01155,2023-05-31,3821,142.04,In-Store
Q2-01156,2023-04-05,2368,267.83,In-Store
Q2-01157,2023-04-05,1280,338.74,In-Store
Q2-01158,2023-04-08,1265,475.31,In-Store
Q2-01159,2023-04-11,1926,225.84,In-Store
Q2-01160,2023-06-29,2956,188.97,In-Store
Q2-01161,2023-06-24,1340,245.92,Phone
Q2-01162,2023-06-22,3840,499.04,Phone
Q2-01163,2023-04-13,3413,17.92,Phone
Q2-01164,2023-04-04,676,383.04,Phone
Q2-01165,2023-06-02,1401,186.77,In-Store
Q2-01166,2023-05-08,3884,81.73,Phone
Q2-01167,2023-06-25,1760,376.04,Phone
Q2-01168,2023-06-17,4375,101.98,Phone
Q2-01169,2023-04-11,3669,471.22,Online
Q2-01170,2023-06-05,1713,79.48,Online
Q2-01171,2023-05-08,4066,124.48,In-Store
Q2-01172,2023-05-02,2165,6.95,Online
Q2-01173,2023-06-07,1841,99.85,In-Store
Q2-01174,2023-06-09,1666,449.55,In-Store
Q2-01175,2023-05-31,2518,352.08,Phone
Q2-01176,2023-05-09,3200,445.71,In-Store
Q2-01177,2023-05-31,2151,20.44,Online
Q2-01178,2023-05-17,3578,47.71,In-Store
Q2-01179,2023-04-27,4407,51.96,In-Store
Q2-01180,2023-06-11,3108,179.06,In-Store
Q2-01181,2023-04-17,753,245.87,Phone
Q2-01182,2023-06-24,4488,301.2,Online
Q2-01183,2023-05-15,3201,19.3,In-Store
Q2-01184,2023-06-22,1219,331.14,In-Store
Q2-01185,2023-06-30,1760,6.99,In-Store
Q2-01186,2023-05-02,227,221.68,In-Store
Q2-01187,2023-06-16,2274,454.99,Online
Q2-01188,2023-06-17,1359,395.8,Online
Q2-01189,2023-04-01,659,97.15,In-Store
Q2-01190,2023-06-25,3060,108.0,In-Store
Q2-01191,2023-04-02,2486,412.3,In-Store
Q2-01192,2023-05-22,3341,385.87,In-Store
Q2-01193,2023-05-14,991,363.77,Online
Q2-01194,2023-04-04,2033,92.21,Online
Q2-01195,2023-05-29,1955,303.05,Phone
Q2-01196,2023-04-01,3235,483.81,Online
Q2-01197,2023-05-20,2203,298.76,Online
Q2-01198,2023-06-21,2177,307.17,Phone
Q2-01199,2023-05-28,3124,331.33,Phone
Q2-01200,2023-06-05,1251,342.45,Phone
Q2-01201,2023-05-10,3948,275.73,Phone
Q2-01202,2023-05-20,3284,184.78,In-Store
Q2-01203,2023-06-07,1039,466.51,In-Store
Q2-01204,2023-05-02,4422,220.35,In-Store
Q2-01205,2023-04-16,4358,255.87,In-Store
Q2-01206,2023-05-23,406,406.2,Phone
Q2-01207,2023-06-23,221,442.01,Phone
Q2-01208,2023-04-14,2685,267.02,Phone
Q2-01209,2023-06-06,2825,489.91,Online
Q2-01210,2023-06-14,4185,291.77,In-Store
Q2-01211,2023-05-04,2420,134.08,Online
Q2-01212,2023-05-28,43,290.96,Online
Q2-01213,2023-06-29,931,26.14,Online
Q2-01214,2023-06-15,4496,306.02,In-Store
Q2-01215,2023-05-14,1646,298.43,Online
Q2-01216,2023-04-11,2455,465.67,Online
Q2-01217,2023-06-06,152,218.94,Phone
Q2-01218,2023-04-21,607,239.12,Online
Q2-01219,2023-04-04,1136,83.67,In-Store
Q2-01220,2023-04-25,4194,239.29,Phone
Q2-01221,2023-06-18,3165,105.34,In-Store
Q2-01222,2023-06-07,299,40.27,Phone
Q2-01223,2023-04-24,4762,424.41,Online
Q2-01224,2023-05-03,157,174.92,Phone
Q2-01225,2023-04-18,1965,470.86,In-Store
Q2-01226,2023-04-02,346,250.09,Phone
Q2-01227,2023-04-16,3218,454.03,Phone
Q2-01228,2023-05-25,547,192.92,In-Store
Q2-01229,2023-05-31,3808,386.46,In-Store
Q2-01230,2023-05-07,1616,208.34,Phone
Q2-01231,2023-04-15,4979,274.2,Online
Q2-01232,2023-04-01,3036,413.04,Phone
Q2-01233,2023-05-30,270,183.77,In-Store
Q2-01234,2023-04-03,311,353.52,Online
Q2-01235,2023-06-05,4129,148.76,Phone
Q2-01236,2023-06-09,4792,180.64,Phone
Q2-01237,2023-06-17,1606,9.32,In-Store
Q2-01238,2023-06-20,4843,281.61,Online
Q2-01239,2023-04-18,1793,309.26,Phone
Q2-01240,2023-05-07,1481,191.34,Online
Q2-01241,2023-05-08,522,7.52,Phone
Q2-01242,2023-06-03,4366,254.5,Phone
Q2-01243,2023-06-20,334,71.34,Online
Q2-01244,2023-05-27,2593,247.69,In-Store
Q2-01245,2023-05-24,4298,241.36,Phone
Q2-01246,2023-06-14,2146,365.02,In-Store
Q2-01247,2023-04-01,4337,341.45,Online
Q2-01248,2023-06-14,3822,372.2,Phone
Q2-01249,2023-05-13,645,169.88,In-Store
Q2-01250,2023-04-10,4043,63.66,Online
Q2-01251,2023-05-22,4974,54.04,Online
Q2-01252,2023-06-16,928,276.68,In-Store
Q2-01253,2023-05-30,2140,127.44,Phone
Q2-01254,2023-05-30,4259,487.9,In-Store
Q2-01255,2023-06-30,4033,224.9,Phone
Q2-01256,2023-06-02,41,130.68,In-Store
Q2-01257,2023-04-07,4740,427.38,Online
Q2-01258,2023-04-06,3626,73.86,Online
Q2-01259,2023-05-17,907,137.65,In-Store
Q2-01260,2023-05-31,2380,60.44,Online
Q2-01261,2023-06-16,1505,300.14,Phone
Q2-01262,2023-05-12,3053,63.33,In-Store
Q2-01263,2023-05-02,1576,417.58,In-Store
Q2-01264,2023-06-26,933,435.64,Online
Q2-01265,2023-06-12,1310,55.19,In-Store
Q2-01266,2023-05-07,3406,133.48,In-Store
Q2-01267,2023-04-25,3354,96.42,Phone
Q2-01268,2023-05-06,4757,68.71,Online
Q2-01269,2023-06-09,352,257.62,Online
Q2-01270,2023-06-03,715,131.83,Phone
Q2-01271,2023-06-29,4254,125.81,In-Store
Q2-01272,2023-06-04,116,366.18,In-Store
Q2-01273,2023-04-29,3601,272.47,In-Store
Q2-01274,2023-06-12,4515,235.94,In-Store
Q2-01275,2023-06-28,1389,270.26,Phone
Q2-01276,2023-06-08,3336,295.35,In-Store
Q2-01277,2023-05-09,1661,436.52,In-Store
Q2-01278,2023-06-20,3089,496.54,Phone
Q2-01279,2023-06-17,3987,24.11,Phone
Q2-01280,2023-06-29,4961,280.61,In-Store
Q2-01281,2023-05-19,1851,56.63,In-Store
Q2-01282,2023-06-01,1649,151.09,In-Store
Q2-01283,2023-06-12,2690,191.07,In-Store
Q2-01284,2023-05-03,3844,153.81,Phone
Q2-01285,2023-05-12,4958,194.01,Phone
Q2-01286,2023-06-10,3676,208.94,Online
Q2-01287,2023-05-28,3501,16.9,Online
Q2-01288,2023-06-05,1978,19.45,Online
Q2-01289,2023-06-12,227,62.21,In-Store
Q2-01290,2023-04-29,3970,209.62,Phone
Q2-01291,2023-05-17,3339,252.0,Phone
Q2-01292,2023-06-20,4626,70.25,Phone
Q2-01293,2023-05-20,3031,44.61,Phone
Q2-01294,2023-05-23,1341,414.98,Phone
Q2-01295,2023-05-08,1284,234.92,In-Store
Q2-01296,2023-06-17,3096,258.14,In-Store
Q2-01297,2023-06-04,209,374.45,In-Store
Q2-01298,2023-04-08,410,397.02,Phone
Q2-01299,2023-05-28,1869,262.8,Online
Q2-01300,2023-05-14,351,238.74,Phone
Q2-01301,2023-05-20,22,23.45,Online
Q2-01302,2023-04-27,4738,466.39,Phone
Q2-01303,2023-06-12,2017,269.21,Phone
Q2-01304,2023-06-01,2226,115.13,Online
Q2-01305,2023-06-29,1839,403.34,In-Store
Q2-01306,2023-04-18,3273,157.35,In-Store
Q2-01307,2023-05-21,613,230.96,Online
Q2-01308,2023-04-01,2563,341.87,Online
Q2-01309,2023-05-30,328,333.56,Online
Q2-01310,2023-04-15,2183,403.17,Online
Q2-01311,2023-06-15,1021,479.41,Online
Q2-01312,2023-04-03,2693,434.08,In-Store
Q2-01313,2023-05-03,811,380.63,Online
Q2-01314,2023-06-14,4449,151.6,Phone
Q2-01315,2023-04-28,3595,385.88,Online
Q2-01316,2023-05-10,3558,334.29,Online
Q2-01317,2023-04-29,4529,113.39,In-Store
Q2-01318,2023-06-11,1182,151.55,Online
Q2-01319,2023-05-13,2799,424.53,In-Store
Q2-01320,2023-04-04,2548,174.2,In-Store
Q2-01321,2023-05-07,2179,91.31,Phone
Q2-01322,2023-05-01,3185,254.08,Online
Q2-01323,2023-06-28,3828,79.11,Phone
Q2-01324,2023-06-04,3343,124.14,Online
Q2-01325,2023-04-10,435,16.79,Online
Q2-01326,2023-06-16,1471,245.92,In-Store
Q2-01327,2023-06-28,1815,417.55,Online
Q2-01328,2023-04-14,4172,446.17,Phone
Q2-01329,2023-04-04,4185,36.73,Phone
Q2-01330,2023-04-24,4229,458.07,Phone
Q2-01331,2023-06-18,4089,498.34,In-Store
Q2-01332,2023-06-11,4306,202.95,Online
Q2-01333,2023-05-11,1372,102.46,Phone
Q2-01334,2023-04-17,352,462.46,Phone
Q2-01335,2023-04-29,1308,13.97,In-Store
Q2-01336,2023-06-20,91,317.23,Phone
Q2-01337,2023-04-01,2673,248.32,In-Store
Q2-01338,2023-05-29,4865,499.89,Phone
Q2-01339,2023-04-02,1509,440.2,Phone
Q2-01340,2023-05-20,3570,396.68,In-Store
Q2-01341,2023-05-25,2759,276.52,Phone
Q2-01342,2023-05-11,2037,302.49,In-Store
Q2-01343,2023-06-02,4504,283.26,In-Store
Q2-01344,2023-06-16,1456,323.62,Phone
Q2-01345,2023-06-09,313,436.22,In-Store
Q2-01346,2023-04-18,2948,248.05,Online
Q2-01347,2023-04-06,3363,309.6,In-Store
Q2-01348,2023-04-24,2438,368.15,Online
Q2-01349,2023-06-16,885,335.9,Online
Q2-01350,2023-04-10,4714,455.2,Online
Q2-01351,2023-06-02,2740,463.61,Online
Q2-01352,2023-06-01,3335,366.7,Online
Q2-01353,2023-04-02,2095,323.44,In-Store
Q2-01354,2023-06-17,4197,107.51,Online
Q2-01355,2023-06-02,2920,67.25,Phone
Q2-01356,2023-05-28,4023,447.36,Online
Q2-01357,2023-04-30,2363,198.96,In-Store
Q2-01358,2023-04-06,3317,262.57,Online
Q2-01359,2023-06-18,214,339.43,Online
Q2-01360,2023-05-24,1588,67.91,Online
Q2-01361,2023-04-19,4727,440.72,In-Store
Q2-01362,2023-05-09,1836,276.65,Phone
Q2-01363,2023-06-09,4159,454.78,In-Store
Q2-01364,2023-06-06,4741,319.33,Phone
Q2-01365,2023-04-18,4455,442.06,Phone
Q2-01366,2023-06-24,1529,195.35,In-Store
Q2-01367,2023-04-18,1139,198.21,Online
Q2-01368,2023-04-11,434,81.15,In-Store
Q2-01369,2023-04-01,3241,293.7,Phone
Q2-01370,2023-04-17,2146,45.8,Online
Q2-01371,2023-05-24,4842,483.6,Phone
Q2-01372,2023-05-05,4740,331.02,Online
Q2-01373,2023-05-18,3633,221.07,Online
Q2-01374,2023-04-05,4949,55.21,Phone
Q2-01375,2023-06-29,1834,498.23,Online
Q2-01376,2023-06-22,3896,403.84,In-Store
Q2-01377,2023-06-24,2108,395.76,Phone
Q2-01378,2023-05-17,2858,154.28,Online
Q2-01379,2023-05-27,3890,370.03,In-Store
Q2-01380,2023-05-12,2908,476.39,Phone
Q2-01381,2023-05-04,3160,100.9,Online
Q2-01382,2023-04-27,2347,129.29,Phone
Q2-01383,2023-05-09,4750,86.54,Online
Q2-01384,2023-06-03,235,56.88,In-Store
Q2-01385,2023-05-17,1889,93.93,Online
Q2-01386,2023-04-29,1740,415.85,In-Store
Q2-01387,2023-04-27,3460,376.36,Phone
Q2-01388,2023-05-18,2260,35.52,Online
Q2-01389,2023-06-07,347,478.78,Phone
Q2-01390,2023-06-20,1538,447.26,Phone
Q2-01391,2023-06-20,1571,361.58,Online
Q2-01392,2023-05-23,3197,481.89,Phone
Q2-01393,2023-04-26,1924,384.95,Phone
Q2-01394,2023-06-25,377,249.17,In-Store
Q2-01395,2023-05-18,4745,91.71,In-Store
Q2-01396,2023-06-26,3849,150.15,Online
Q2-01397,2023-05-24,599,493.09,Online
Q2-01398,2023-06-23,2204,12.39,Online
Q2-01399,2023-05-05,3148,204.99,Online
Q2-01400,2023-06-18,3436,128.82,Phone
Q2-01401,2023-04-07,1975,249.55,Online
Q2-01402,2023-04-19,3678,34.63,Online
Q2-01403,2023-04-12,326,181.38,Phone
Q2-01404,2023-04-05,4598,186.36,Phone
Q2-01405,2023-05-08,4321,188.89,Phone
Q2-01406,2023-04-05,1710,66.99,In-Store
Q2-01407,2023-06-17,3358,53.8,Phone
Q2-01408,2023-05-30,275,370.29,Phone
Q2-01409,2023-04-25,3795,166.35,Phone
Q2-01410,2023-04-21,454,448.95,Online
Q2-01411,2023-05-14,3068,407.15,In-Store
Q2-01412,2023-05-28,641,88.98,In-Store
Q2-01413,2023-04-09,1488,103.87,Online
Q2-01414,2023-06-26,3300,44.45,Online
Q2-01415,2023-05-31,2357,496.69,In-Store
Q2-01416,2023-05-07,2066,276.16,In-Store
Q2-01417,2023-04-29,9,392.36,Online
Q2-01418,2023-05-06,1959,68.72,In-Store
Q2-01419,2023-06-13,3964,92.26,In-Store
Q2-01420,2023-05-15,1813,155.62,In-Store
Q2-01421,2023-04-22,741,202.49,Phone
Q2-01422,2023-06-19,457,319.21,Online
Q2-01423,2023-05-25,4483,426.63,Phone
Q2-01424,2023-04-17,4018,461.56,Online
Q2-01425,2023-04-24,234,349.67,Online
Q2-01426,2023-05-21,2642,483.82,Online
Q2-01427,2023-06-06,548,101.63,Online
Q2-01428,2023-04-19,747,230.05,In-Store
Q2-01429,2023-06-20,531,74.4,Online
Q2-01430,2023-06-07,2353,491.2,Online
Q2-01431,2023-04-10,3766,54.2,Online
Q2-01432,2023-06-07,3197,109.19,In-Store
Q2-01433,2023-04-28,1768,11.61,In-Store
Q2-01434,2023-06-29,2026,47.23,In-Store
Q2-01435,2023-06-08,2927,451.99,Online
Q2-01436,2023-06-16,392,393.76,Online
Q2-01437,2023-05-17,4108,493.5,Online
Q2-01438,2023-06-24,4621,191.69,Phone
Q2-01439,2023-05-25,4630,221.16,Phone
Q2-01440,2023-04-12,3365,389.41,Phone
Q2-01441,2023-05-04,3688,239.34,Online
Q2-01442,2023-05-24,2491,22.91,Phone
Q2-01443,2023-06-23,1102,314.16,In-Store
Q2-01444,2023-05-29,1293,407.07,Phone
Q2-01445,2023-05-07,35,321.66,Phone
Q2-01446,2023-06-11,2405,274.45,Phone
Q2-01447,2023-06-15,3491,456.92,Online
Q2-01448,2023-06-06,4114,163.35,Phone
Q2-01449,2023-04-03,1166,491.11,Online
Q2-01450,2023-04-17,4248,450.32,Phone
Q2-01451,2023-04-06,377,402.93,Phone
Q2-01452,2023-04-04,3091,265.98,In-Store
Q2-01453,2023-06-29,479,76.79,In-Store
Q2-01454,2023-06-15,1995,284.01,Online
Q2-01455,2023-05-17,1483,172.19,Phone
Q2-01456,2023-04-13,4160,481.44,Online
Q2-01457,2023-04-23,1326,254.93,Phone
Q2-01458,2023-06-13,4685,461.95,Online
Q2-01459,2023-04-16,1203,45.93,In-Store
Q2-01460,2023-04-11,2460,8.03,Phone
Q2-01461,2023-06-27,1804,304.19,Phone
Q2-01462,2023-05-02,3951,476.31,Phone
Q2-01463,2023-06-13,4826,445.52,Online
Q2-01464,2023-05-08,1919,349.56,Phone
Q2-01465,2023-04-24,689,60.37,In-Store
Q2-01466,2023-04-07,1000,451.54,Phone
Q2-01467,2023-04-10,3440,259.13,Phone
Q2-01468,2023-06-27,1169,360.5,Online
Q2-01469,2023-06-20,1544,308.1,Online
Q2-01470,2023-04-02,3226,272.27,Online
Q2-01471,2023-05-15,2521,490.86,In-Store
Q2-01472,2023-05-16,3989,137.39,Online
Q2-01473,2023-06-14,4700,485.9,Online
Q2-01474,2023-06-17,1968,225.77,Phone
Q2-01475,2023-06-16,352,203.29,Online
Q2-01476,2023-06-10,2833,100.49,Online
Q2-01477,2023-06-11,918,477.66,In-Store
Q2-01478,2023-04-21,1015,320.16,Online
Q2-01479,2023-05-17,1419,498.53,Online
Q2-01480,2023-05-08,4681,481.11,Online
Q2-01481,2023-06-02,680,187.33,Phone
Q2-01482,2023-05-09,4723,221.78,Online
Q2-01483,2023-05-23,643,362.11,Phone
Q2-01484,2023-05-06,3553,376.03,Phone
Q2-01485,2023-06-25,1414,68.42,Phone
Q2-01486,2023-06-23,4361,426.42,Phone
Q2-01487,2023-04-02,2796,441.71,Phone
Q2-01488,2023-06-15,848,150.05,Online
Q2-01489,2023-04-13,1602,415.93,Phone
Q2-01490,2023-04-24,1714,77.57,Online
Q2-01491,2023-06-28,1766,188.62,In-Store
Q2-01492,2023-06-09,2388,248.72,Online
Q2-01493,2023-04-12,4483,324.15,Phone
Q2-01494,2023-04-04,3060,417.24,Online
Q2-01495,2023-04-25,2133,494.09,Phone
Q2-01496,2023-05-21,43,272.05,Online
Q2-01497,2023-06-14,1103,234.16,Phone
Q2-01498,2023-05-04,4085,257.7,Online
Q2-01499,2023-06-19,3092,197.59,Online
Q2-01500,2023-05-03,604,316.78,Online
Q2-01501,2023-06-01,2000,392.71,Online
Q2-01502,2023-04-17,3367,423.91,Online
Q2-01503,2023-05-29,4938,249.37,Phone
Q2-01504,2023-05-21,1081,365.56,In-Store
Q2-01505,2023-05-19,3623,97.9,Online
Q2-01506,2023-05-13,3114,134.59,In-Store
Q2-01507,2023-05-11,3787,397.12,Online
Q2-01508,2023-06-23,569,438.26,Phone
Q2-01509,2023-04-19,2765,341.81,In-Store
Q2-01510,2023-04-03,3972,65.78,Phone
Q2-01511,2023-04-14,680,35.89,In-Store
Q2-01512,2023-06-02,1457,213.01,Online
Q2-01513,2023-05-26,2556,15.51,Online
Q2-01514,2023-06-10,3350,266.44,In-Store
Q2-01515,2023-04-25,99,342.41,Phone
Q2-01516,2023-06-03,1436,92.42,Online
Q2-01517,2023-04-13,2149,276.47,Online
Q2-01518,2023-06-28,1954,41.78,In-Store
Q2-01519,2023-05-11,4653,44.45,Phone
Q2-01520,2023-04-10,3024,483.49,Online
Q2-01521,2023-05-18,1613,162.67,Phone
Q2-01522,2023-05-28,3289,334.38,In-Store
Q2-01523,2023-06-11,4296,74.67,Phone
Q2-01524,2023-04-13,1480,459.67,In-Store
Q2-01525,2023-05-18,1397,335.76,Phone
Q2-01526,2023-04-18,2936,152.29,In-Store
Q2-01527,2023-05-08,3717,100.16,Phone
Q2-01528,2023-05-06,4134,210.21,Online
Q2-01529,2023-04-10,2497,420.65,Phone
Q2-01530,2023-04-12,413,230.43,Online
Q2-01531,2023-04-20,1452,103.05,Online
Q2-01532,2023-06-25,2601,481.15,In-Store
Q2-01533,2023-04-13,1824,470.28,Phone
Q2-01534,2023-04-23,1844,210.23,Online
Q2-01535,2023-04-11,1946,253.53,Online
Q2-01536,2023-05-19,4119,435.61,Phone
Q2-01537,2023-04-07,4434,241.13,In-Store
Q2-01538,2023-06-05,4258,446.78,Online
Q2-01539,2023-05-09,366,412.99,Online
Q2-01540,2023-04-19,3767,213.13,In-Store
Q2-01541,2023-05-06,1637,438.82,In-Store
Q2-01542,2023-04-17,925,126.8,Online
Q2-01543,2023-05-24,3657,53.35,In-Store
Q2-01544,2023-06-06,1198,484.58,Online
Q2-01545,2023-04-12,3298,22.16,In-Store
Q2-01546,2023-04-25,1766,69.79,In-Store
Q2-01547,2023-05-25,3400,293.21,Online
Q2-01548,2023-06-15,1343,407.6,Phone
Q2-01549,2023-05-31,1409,45.64,Phone
Q2-01550,2023-05-21,3683,455.73,Online
Q2-01551,2023-06-27,4809,436.72,Phone
Q2-01552,2023-06-05,3744,338.09,In-Store
Q2-01553,2023-06-01,3803,126.51,Online
Q2-01554,2023-05-13,1479,443.85,Online
Q2-01555,2023-05-07,2274,263.0,Phone
Q2-01556,2023-05-14,2018,319.54,In-Store
Q2-01557,2023-06-18,1212,197.11,Online
Q2-01558,2023-04-19,3694,440.01,In-Store
Q2-01559,2023-06-22,4930,498.79,Online
Q2-01560,2023-04-25,1110,297.88,In-Store
Q2-01561,2023-06-07,316,112.61,Phone
Q2-01562,2023-04-07,4984,20.13,In-Store
Q2-01563,2023-04-24,2348,211.71,In-Store
Q2-01564,2023-06-04,3350,134.91,Online
Q2-01565,2023-05-26,2159,433.53,Online
Q2-01566,2023-05-13,336,294.72,In-Store
Q2-01567,2023-05-27,2510,8.01,Online
Q2-01568,2023-06-24,3985,267.6,Online
Q2-01569,2023-04-02,771,383.42,Online
Q2-01570,2023-05-02,1443,298.14,Phone
Q2-01571,2023-04-19,4517,465.27,In-Store
Q2-01572,2023-05-21,3584,448.37,Phone
Q2-01573,2023-05-30,717,98.95,Online
Q2-01574,2023-05-06,3341,248.96,In-Store
Q2-01575,2023-04-06,395,423.69,Online
Q2-01576,2023-06-12,3078,449.22,In-Store
Q2-01577,2023-05-05,4341,340.8,In-Store
Q2-01578,2023-06-30,2931,260.86,Online
Q2-01579,2023-04-07,4692,227.82,Phone
Q2-01580,2023-04-30,3568,44.88,Phone
Q2-01581,2023-05-11,3767,340.23,In-Store
Q2-01582,2023-06-03,1432,350.13,In-Store
Q2-01583,2023-06-23,627,165.26,Online
Q2-01584,2023-05-08,4908,398.08,Phone
Q2-01585,2023-04-12,1225,129.33,In-Store
Q2-01586,2023-05-13,525,343.39,In-Store
Q2-01587,2023-04-29,1585,106.09,Online
Q2-01588,2023-04-25,2188,481.54,Phone
Q2-01589,2023-05-14,1536,247.27,Phone
Q2-01590,2023-04-27,4845,356.25,In-Store
Q2-01591,2023-06-24,2998,393.44,Phone
Q2-01592,2023-04-23,686,182.81,Online
Q2-01593,2023-05-04,1888,373.89,Phone
Q2-01594,2023-04-30,2610,176.74,Online
Q2-01595,2023-05-04,3343,175.27,Online
Q2-01596,2023-04-01,4559,348.0,Online
Q2-01597,2023-06-09,3832,151.65,Phone
Q2-01598,2023-04-12,2431,390.71,Phone
Q2-01599,2023-04-04,3254,181.75,In-Store
Q2-01600,2023-05-17,4171,31.51,In-Store
Q2-01601,2023-05-31,1065,380.77,In-Store
Q2-01602,2023-05-18,3594,223.74,Online
Q2-01603,2023-04-22,2825,218.43,Online
Q2-01604,2023-05-05,4430,263.58,Phone
Q2-01605,2023-05-30,3160,99.56,Phone
Q2-01606,2023-06-23,4176,446.45,Phone
Q2-01607,2023-06-19,1187,409.68,In-Store
Q2-01608,2023-04-04,225,232.07,In-Store
Q2-01609,2023-04-07,1680,289.7,Phone
Q2-01610,2023-04-22,535,411.37,In-Store
Q2-01611,2023-05-18,593,319.88,In-Store
Q2-01612,2023-05-25,656,391.85,Online
Q2-01613,2023-04-08,4047,68.42,In-Store
Q2-01614,2023-05-10,4429,289.33,Online
Q2-01615,2023-06-04,2305,270.29,Phone
Q2-01616,2023-05-31,4938,336.91,In-Store
Q2-01617,2023-06-19,3228,298.86,Online
Q2-01618,2023-06-20,3747,375.21,Online
Q2-01619,2023-05-17,1274,249.86,Online
Q2-01620,2023-06-18,4804,387.13,Phone
Q2-01621,2023-04-10,400,127.06,Online
Q2-01622,2023-05-20,444,350.25,Online
Q2-01623,2023-04-12,3829,409.63,Online
Q2-01624,2023-06-10,3676,406.11,Phone
Q2-01625,2023-05-07,4048,171.76,Phone
Q2-01626,2023-05-22,4786,121.33,In-Store
Q2-01627,2023-04-23,4469,227.44,In-Store
Q2-01628,2023-05-22,69,361.74,In-Store
Q2-01629,2023-05-16,1958,390.73,In-Store
Q2-01630,2023-05-12,1531,224.36,Online
Q2-01631,2023-05-19,4680,410.6,Online
Q2-01632,2023-06-08,1192,418.96,Online
Q2-01633,2023-06-28,3405,255.14,In-Store
Q2-01634,2023-04-21,1531,127.57,Online
Q2-01635,2023-06-05,343,199.66,In-Store
Q2-01636,2023-04-01,1579,149.6,In-Store
Q2-01637,2023-05-13,3479,180.21,Phone
Q2-01638,2023-04-27,4839,112.83,In-Store
Q2-01639,2023-06-15,740,496.74,Online
Q2-01640,2023-04-15,3443,59.93,In-Store
Q2-01641,2023-04-22,826,461.74,In-Store
Q2-01642,2023-06-06,4429,120.84,Online
Q2-01643,2023-06-26,3216,125.92,In-Store
Q2-01644,2023-06-29,825,265.94,In-Store
Q2-01645,2023-04-13,1956,148.06,Phone
Q2-01646,2023-06-17,783,255.21,In-Store
Q2-01647,2023-06-30,4594,281.42,Phone
Q2-01648,2023-05-04,123,499.14,In-Store
Q2-01649,2023-04-14,4496,453.17,Phone
Q2-01650,2023-05-12,4932,162.32,Online
Q2-01651,2023-06-21,98,62.53,In-Store
Q2-01652,2023-06-06,1032,471.33,Phone
Q2-01653,2023-05-16,889,139.86,In-Store
Q2-01654,2023-05-28,1106,210.3,Phone
Q2-01655,2023-05-10,1190,311.1,Phone
Q2-01656,2023-04-28,3640,488.2,In-Store
Q2-01657,2023-06-05,2953,469.1,Phone
Q2-01658,2023-06-04,1131,178.33,Online
Q2-01659,2023-06-12,2310,89.19,In-Store
Q2-01660,2023-06-25,3908,424.63,In-Store
Q2-01661,2023-05-26,1248,111.8,Online
Q2-01662,2023-05-27,4085,92.48,Online
Q2-01663,2023-04-01,3877,187.94,Phone
Q2-01664,2023-05-29,2608,120.46,Phone
Q2-01665,2023-06-01,188,16.99,Phone
Q2-01666,2023-05-24,785,420.83,Online
Q2-01667,2023-06-13,4666,477.31,In-Store
Q2-01668,2023-05-17,1284,433.42,Phone
Q2-01669,2023-06-14,1335,282.84,In-Store
Q2-01670,2023-06-16,3958,168.11,In-Store
Q2-01671,2023-04-22,1168,250.67,In-Store
Q2-01672,2023-05-06,2414,94.98,Online
Q2-01673,2023-06-25,97,220.4,In-Store
Q2-01674,2023-06-01,2393,104.35,Online
Q2-01675,2023-06-19,4155,232.04,Online
Q2-01676,2023-06-09,3235,326.38,In-Store
Q2-01677,2023-04-10,4494,362.89,Online
Q2-01678,2023-05-04,2010,130.6,In-Store
Q2-01679,2023-06-18,1044,267.86,Phone
Q2-01680,2023-05-01,3803,216.1,Phone
Q2-01681,2023-05-18,1027,225.33,Phone
Q2-01682,2023-04-17,1072,355.09,Phone
Q2-01683,2023-05-02,1316,36.17,In-Store
Q2-01684,2023-06-13,794,115.53,Phone
Q2-01685,2023-05-29,2033,191.56,Online
Q2-01686,2023-05-31,1382,180.03,Online
Q2-01687,2023-05-27,1400,59.23,In-Store
Q2-01688,2023-05-24,2633,281.24,Online
Q2-01689,2023-05-18,4383,390.88,In-Store
Q2-01690,2023-06-21,146,170.23,Phone
Q2-01691,2023-05-11,251,8.96,Online
Q2-01692,2023-05-21,1751,290.34,In-Store
Q2-01693,2023-06-10,2997,362.59,Online
Q2-01694,2023-06-02,1480,447.76,Phone
Q2-01695,2023-06-01,3165,499.81,Online
Q2-01696,2023-06-12,3410,199.99,Phone
Q2-01697,2023-06-06,1650,113.19,In-Store
Q2-01698,2023-05-31,538,353.57,In-Store
Q2-01699,2023-05-19,931,154.47,In-Store
Q2-01700,2023-04-09,2384,206.88,Online
Q2-01701,2023-06-26,2396,334.39,Phone
Q2-01702,2023-05-12,4428,462.07,Phone
Q2-01703,2023-06-11,4299,116.14,Online
Q2-01704,2023-04-22,982,177.11,Online
Q2-01705,2023-06-04,3015,383.88,Phone
Q2-01706,2023-06-25,485,431.49,In-Store
Q2-01707,2023-05-27,2023,247.35,Phone
Q2-01708,2023-05-16,639,92.56,Phone
Q2-01709,2023-06-28,3224,62.48,Phone
Q2-01710,2023-04-03,797,472.33,In-Store
Q2-01711,2023-04-19,2221,34.11,In-Store
Q2-01712,2023-05-28,1288,465.96,Phone
Q2-01713,2023-05-31,2566,35.16,Phone
Q2-01714,2023-04-04,3986,193.39,Phone
Q2-01715,2023-04-05,2423,139.21,Phone
Q2-01716,2023-04-28,2334,253.04,Online
Q2-01717,2023-06-12,2010,499.23,In-Store
Q2-01718,2023-04-16,1367,350.66,Online
Q2-01719,2023-05-21,1133,242.25,In-Store
Q2-01720,2023-05-02,131,157.42,In-Store
Q2-01721,2023-05-19,28,25.64,Phone
Q2-01722,2023-06-16,4971,373.36,Online
Q2-01723,2023-06-07,3279,278.61,In-Store
Q2-01724,2023-05-21,134,286.72,In-Store
Q2-01725,2023-04-08,777,425.96,In-Store
Q2-01726,2023-05-06,262,386.68,Online
Q2-01727,2023-05-22,1394,444.97,Phone
Q2-01728,2023-04-23,3860,126.92,Phone
Q2-01729,2023-04-05,3514,495.92,Phone
Q2-01730,2023-06-23,831,287.18,In-Store
Q2-01731,2023-05-03,2893,42.3,In-Store
Q2-01732,2023-04-27,4483,499.48,Online
Q2-01733,2023-06-15,2067,136.36,Phone
Q2-01734,2023-06-23,3510,89.61,In-Store
Q2-01735,2023-05-22,4154,5.82,In-Store
Q2-01736,2023-06-19,879,410.17,Phone
Q2-01737,2023-06-20,1443,58.59,In-Store
Q2-01738,2023-05-25,682,474.61,Online
Q2-01739,2023-04-06,3851,5.21,In-Store
Q2-01740,2023-06-16,4593,210.4,In-Store
Q2-01741,2023-04-30,2124,257.73,Phone
Q2-01742,2023-04-13,547,447.65,Online
Q2-01743,2023-06-29,1388,131.39,Online
Q2-01744,2023-05-19,44,498.21,Phone
Q2-01745,2023-06-19,3437,18.15,In-Store
Q2-01746,2023-06-27,2925,40.4,Online
Q2-01747,2023-04-23,3974,204.77,In-Store
Q2-01748,2023-04-19,65,250.7,In-Store
Q2-01749,2023-04-11,1768,225.69,Phone
Q2-01750,2023-05-15,2999,492.91,Phone
Q2-01751,2023-05-15,648,446.89,In-Store
Q2-01752,2023-05-24,1103,172.42,Phone
Q2-01753,2023-06-27,2764,391.53,Online
Q2-01754,2023-06-22,366,374.92,Phone
Q2-01755,2023-05-22,4133,362.63,Phone
Q2-01756,2023-06-01,3402,90.97,Online
Q2-01757,2023-05-14,4586,300.05,In-Store
Q2-01758,2023-05-02,4424,135.27,In-Store
Q2-01759,2023-05-27,1157,350.51,Online
Q2-01760,2023-06-09,121,84.68,Phone
Q2-01761,2023-05-12,1347,42.79,Online
Q2-01762,2023-06-20,4427,351.32,Phone
Q2-01763,2023-06-04,658,275.15,In-Store
Q2-01764,2023-06-10,1039,173.91,In-Store
Q2-01765,2023-05-18,3270,315.98,Online
Q2-01766,2023-05-23,4849,461.68,Online
Q2-01767,2023-05-06,2290,130.36,Phone
Q2-01768,2023-06-05,4201,437.94,Phone
Q2-01769,2023-04-04,3155,229.19,Online
Q2-01770,2023-04-13,820,455.77,Phone
Q2-01771,2023-05-07,4417,363.09,Phone
Q2-01772,2023-06-13,4900,63.65,Phone
Q2-01773,2023-06-15,580,90.86,In-Store
Q2-01774,2023-05-12,929,177.08,In-Store
Q2-01775,2023-05-13,3179,130.75,In-Store
Q2-01776,2023-05-03,2265,65.19,In-Store
Q2-01777,2023-04-07,3804,224.52,Phone
Q2-01778,2023-05-21,271,224.08,Online
Q2-01779,2023-06-25,100,403.75,In-Store
Q2-01780,2023-04-23,4140,176.36,In-Store
Q2-01781,2023-06-16,3983,205.25,Phone
Q2-01782,2023-06-05,2973,247.65,Online
Q2-01783,2023-04-27,3290,148.42,Online
Q2-01784,2023-04-06,3494,212.08,Online
Q2-01785,2023-06-18,2159,206.28,Phone
Q2-01786,2023-04-15,1245,139.53,In-Store
Q2-01787,2023-06-21,2193,253.84,Phone
Q2-01788,2023-05-06,1133,405.13,Online
Q2-01789,2023-06-03,1836,181.17,Phone
Q2-01790,2023-06-09,2629,78.34,Online
Q2-01791,2023-06-19,1747,278.02,Phone
Q2-01792,2023-06-01,787,88.74,Online
Q2-01793,2023-04-12,4235,402.66,In-Store
Q2-01794,2023-05-28,4076,437.91,In-Store
Q2-01795,2023-06-12,2365,378.25,Online
Q2-01796,2023-04-26,4542,280.24,Phone
Q2-01797,2023-05-15,1942,234.72,Online
Q2-01798,2023-05-19,183,102.04,Phone
Q2-01799,2023-04-30,925,312.66,Online
Q2-01800,2023-06-20,995,268.31,In-Store
Q2-01801,2023-06-22,4561,339.78,In-Store
Q2-01802,2023-06-15,4286,499.62,Online
Q2-01803,2023-05-13,3016,82.09,Online
Q2-01804,2023-05-14,470,410.33,Phone
Q2-01805,2023-06-15,2965,111.04,In-Store
Q2-01806,2023-06-25,4565,160.12,Phone
Q2-01807,2023-04-19,1666,206.96,In-Store
Q2-01808,2023-04-02,830,174.08,Online
Q2-01809,2023-06-04,2552,424.37,In-Store
Q2-01810,2023-05-19,3009,343.12,Phone
Q2-01811,2023-05-02,1324,242.39,Phone
Q2-01812,2023-05-04,3741,339.5,Phone
Q2-01813,2023-05-05,2957,76.03,Online
Q2-01814,2023-06-27,1857,275.65,In-Store
Q2-01815,2023-05-08,3599,219.65,Phone
Q2-01816,2023-05-07,1473,66.22,In-Store
Q2-01817,2023-06-27,584,192.06,In-Store
Q2-01818,2023-06-11,1762,404.34,Phone
Q2-01819,2023-04-02,329,203.63,Phone
Q2-01820,2023-06-30,1241,404.5,Online
Q2-01821,2023-06-23,2850,229.66,Online
Q2-01822,2023-05-27,2504,344.84,In-Store
Q2-01823,2023-06-26,1000,288.57,Phone
Q2-01824,2023-06-06,11,362.75,In-Store
Q2-01825,2023-05-04,663,199.61,Phone
Q2-01826,2023-05-04,3578,430.82,Online
Q2-01827,2023-04-15,3096,392.21,In-Store
Q2-01828,2023-05-18,3508,287.63,Phone
Q2-01829,2023-04-19,4394,261.69,Online
Q2-01830,2023-05-19,2771,82.73,In-Store
Q2-01831,2023-04-30,1479,399.69,Online
Q2-01832,2023-06-15,808,381.37,Phone
Q2-01833,2023-06-28,3951,284.48,Phone
Q2-01834,2023-04-07,4431,466.13,Online
Q2-01835,2023-06-05,932,58.31,In-Store
Q2-01836,2023-05-12,4530,375.89,In-Store
Q2-01837,2023-05-18,3166,478.33,Online
Q2-01838,2023-04-21,4981,357.22,Online
Q2-01839,2023-06-30,2053,207.43,Online
Q2-01840,2023-05-16,2556,383.86,In-Store
Q2-01841,2023-06-29,1081,401.88,Phone
Q2-01842,2023-05-20,4877,241.09,Online
Q2-01843,2023-06-12,1451,325.36,Online
Q2-01844,2023-05-19,2079,219.89,Phone
Q2-01845,2023-06-10,1999,435.6,Phone
Q2-01846,2023-06-27,1504,193.69,In-Store
Q2-01847,2023-06-26,42,296.08,Online
Q2-01848,2023-05-01,939,74.4,In-Store
Q2-01849,2023-04-09,1801,206.18,In-Store
Q2-01850,2023-06-15,4497,448.79,Online
Q2-01851,2023-04-13,870,190.28,In-Store
Q2-01852,2023-04-14,551,410.54,Online
Q2-01853,2023-05-28,4561,66.97,Online
Q2-01854,2023-05-20,4643,384.94,Online
Q2-01855,2023-04-22,4851,367.25,Online
Q2-01856,2023-04-28,836,14.88,Phone
Q2-01857,2023-04-01,2618,192.41,Online
Q2-01858,2023-04-04,1579,352.17,In-Store
Q2-01859,2023-05-14,4395,32.17,In-Store
Q2-01860,2023-06-18,3957,173.9,Online
Q2-01861,2023-05-11,535,273.59,Online
Q2-01862,2023-06-08,1202,222.05,In-Store
Q2-01863,2023-06-30,2127,211.86,Phone
Q2-01864,2023-05-15,2602,53.76,Phone
Q2-01865,2023-04-30,3939,260.53,Online
Q2-01866,2023-04-23,4217,488.2,In-Store
Q2-01867,2023-04-02,3111,152.41,Phone
Q2-01868,2023-04-10,4964,450.11,In-Store
Q2-01869,2023-04-03,3923,7.29,Online
Q2-01870,2023-06-12,3352,475.57,Online
Q2-01871,2023-05-10,1650,56.0,Online
Q2-01872,2023-05-29,4873,424.22,In-Store
Q2-01873,2023-05-06,4989,247.38,Online
Q2-01874,2023-06-14,1947,366.94,Online
Q2-01875,2023-05-22,1322,316.12,Phone
Q2-01876,2023-05-26,2090,283.3,In-Store
Q2-01877,2023-04-24,377,223.98,In-Store
Q2-01878,2023-04-02,658,303.73,Online
Q2-01879,2023-06-23,73,46.87,In-Store
Q2-01880,2023-04-04,4881,408.02,Phone
Q2-01881,2023-05-14,1411,357.14,Online
Q2-01882,2023-04-19,2936,328.16,Online
Q2-01883,2023-04-12,2904,440.07,Online
Q2-01884,2023-06-11,1465,216.57,Online
Q2-01885,2023-06-16,1190,140.8,In-Store
Q2-01886,2023-04-09,574,168.61,Phone
Q2-01887,2023-04-04,3046,142.86,In-Store
Q2-01888,2023-06-27,2009,104.3,Online
Q2-01889,2023-06-30,436,430.08,In-Store
Q2-01890,2023-06-17,2628,65.18,In-Store
Q2-01891,2023-05-26,249,232.53,Phone
Q2-01892,2023-04-24,2407,290.37,In-Store
Q2-01893,2023-05-14,2947,94.32,Online
Q2-01894,2023-05-26,739,162.75,Phone
Q2-01895,2023-04-21,244,176.13,In-Store
Q2-01896,2023-06-23,2360,60.07,Online
Q2-01897,2023-06-16,1458,247.76,In-Store
Q2-01898,2023-04-08,517,480.68,In-Store
Q2-01899,2023-06-09,766,32.32,Phone
Q2-01900,2023-06-25,240,226.63,In-Store
Q2-01901,2023-06-13,2003,17.79,Online
Q2-01902,2023-05-10,480,264.73,Phone
Q2-01903,2023-06-05,4203,440.31,In-Store
Q2-01904,2023-06-07,750,244.88,In-Store
Q2-01905,2023-06-10,1699,402.01,Online
Q2-01906,2023-06-23,1754,213.05,Phone
Q2-01907,2023-06-07,2880,490.52,Phone
Q2-01908,2023-04-21,2197,427.46,Phone
Q2-01909,2023-06-25,1935,445.68,Online
Q2-01910,2023-04-03,3645,17.38,Phone
Q2-01911,2023-06-20,4261,319.42,Phone
Q2-01912,2023-05-21,2016,27.92,Phone
Q2-01913,2023-04-29,3007,253.35,Phone
Q2-01914,2023-05-03,551,479.21,Phone
Q2-01915,2023-04-07,4055,418.88,Online
Q2-01916,2023-04-29,1379,199.91,Phone
Q2-01917,2023-05-26,415,174.17,Online
Q2-01918,2023-06-24,4934,278.74,In-Store
Q2-01919,2023-06-19,2532,475.91,Online
Q2-01920,2023-06-26,4986,169.27,Phone
Q2-01921,2023-06-23,3708,142.05,Phone
Q2-01922,2023-05-02,4780,203.16,Online
Q2-01923,2023-06-08,1586,377.38,In-Store
Q2-01924,2023-06-10,964,396.17,In-Store
Q2-01925,2023-06-06,954,360.24,Phone
Q2-01926,2023-04-02,1937,392.53,In-Store
Q2-01927,2023-06-13,1208,76.94,Phone
Q2-01928,2023-06-02,1340,208.42,Phone
Q2-01929,2023-04-13,4853,301.94,Online
Q2-01930,2023-06-06,2615,472.86,In-Store
Q2-01931,2023-06-12,3642,391.15,Online
Q2-01932,2023-06-11,3566,108.56,Phone
Q2-01933,2023-05-08,577,5.99,Phone
Q2-01934,2023-04-30,3283,31.31,Online
Q2-01935,2023-06-20,2536,92.34,Phone
Q2-01936,2023-06-16,4580,18.45,Phone
Q2-01937,2023-06-13,553,218.02,In-Store
Q2-01938,2023-04-08,2072,482.01,Phone
Q2-01939,2023-06-11,2811,346.01,Online
Q2-01940,2023-06-18,2185,398.59,In-Store
Q2-01941,2023-04-08,82,484.41,Online
Q2-01942,2023-05-19,1661,293.73,Phone
Q2-01943,2023-05-01,4153,304.04,In-Store
Q2-01944,2023-04-06,2041,444.78,Phone
Q2-01945,2023-04-06,2039,306.54,Phone
Q2-01946,2023-06-03,2881,120.8,Online
Q2-01947,2023-05-28,451,490.96,In-Store
Q2-01948,2023-06-22,2834,70.98,Online
Q2-01949,2023-05-03,2156,286.22,In-Store
Q2-01950,2023-06-28,3796,78.27,Phone
Q2-01951,2023-04-17,4449,291.36,In-Store
Q2-01952,2023-06-21,4324,453.2,In-Store
Q2-01953,2023-04-25,4760,201.73,Online
Q2-01954,2023-05-16,4887,153.73,Phone
Q2-01955,2023-06-19,3964,495.79,Online
Q2-01956,2023-05-15,426,107.01,In-Store
Q2-01957,2023-04-01,4037,332.29,Online
Q2-01958,2023-06-23,2602,416.0,In-Store
Q2-01959,2023-05-12,957,111.49,Phone
Q2-01960,2023-04-01,2912,19.53,Online
Q2-01961,2023-05-08,3417,322.14,Online
Q2-01962,2023-06-14,2366,83.36,Online
Q2-01963,2023-04-09,1964,439.72,In-Store
Q2-01964,2023-04-14,673,222.13,In-Store
Q2-01965,2023-04-06,4041,75.88,Online
Q2-01966,2023-06-21,2709,341.73,Online
Q2-01967,2023-04-06,4966,377.14,Online
Q2-01968,2023-06-08,3707,394.75,Online
Q2-01969,2023-04-07,1897,67.7,Online
Q2-01970,2023-05-07,1823,373.38,In-Store
Q2-01971,2023-06-21,4309,448.02,Online
Q2-01972,2023-06-23,281,421.77,Phone
Q2-01973,2023-04-14,1804,322.76,Phone
Q2-01974,2023-04-03,1852,476.0,In-Store
Q2-01975,2023-04-05,1906,447.63,Phone
Q2-01976,2023-06-06,4760,244.21,In-Store
Q2-01977,2023-06-12,800,72.44,Online
Q2-01978,2023-05-11,4146,24.18,In-Store
Q2-01979,2023-04-17,3848,77.86,Online
Q2-01980,2023-05-12,4588,309.99,Online
Q2-01981,2023-06-11,3686,62.75,In-Store
Q2-01982,2023-06-24,3781,154.46,Online
Q2-01983,2023-04-13,4956,171.63,Phone
Q2-01984,2023-05-10,4926,63.34,Online
Q2-01985,2023-05-22,2590,308.89,Online
Q2-01986,2023-04-05,2110,163.27,Online
Q2-01987,2023-06-09,4938,454.07,In-Store
Q2-01988,2023-06-20,4155,369.41,Phone
Q2-01989,2023-05-05,4012,144.13,In-Store
Q2-01990,2023-05-16,1560,318.49,Phone
Q2-01991,2023-04-05,3629,424.6,Online
Q2-01992,2023-06-29,1053,157.77,In-Store
Q2-01993,2023-05-28,1172,310.57,In-Store
Q2-01994,2023-05-27,1577,185.76,Phone
Q2-01995,2023-04-14,4911,169.12,Phone
Q2-01996,2023-05-12,4259,274.72,In-Store
Q2-01997,2023-06-01,1979,175.88,Online
Q2-01998,2023-06-27,3708,253.17,Online
Q2-01999,2023-04-11,1990,253.53,Phone
Q2-02000,2023-05-13,3817,337.2,Online
Q2-02001,2023-06-28,4317,405.58,Phone
Q2-02002,2023-06-25,3042,387.02,In-Store
Q2-02003,2023-04-09,3360,269.63,Online
Q2-02004,2023-06-09,2952,385.81,Phone
Q2-02005,2023-05-22,107,207.11,Phone
Q2-02006,2023-04-20,2928,24.08,In-Store
Q2-02007,2023-06-11,318,16.74,In-Store
Q2-02008,2023-05-02,265,427.65,In-Store
Q2-02009,2023-04-06,3442,170.38,Online
Q2-02010,2023-05-20,1921,458.89,Online
Q2-02011,2023-04-04,24,126.25,In-Store
Q2-02012,2023-06-02,2804,178.5,Online
Q2-02013,2023-06-03,1505,322.39,In-Store
Q2-02014,2023-04-30,4482,129.95,In-Store
Q2-02015,2023-05-10,369,301.79,Online
Q2-02016,2023-04-17,4155,5.79,Online
Q2-02017,2023-06-15,2445,81.15,Phone
Q2-02018,2023-05-26,797,484.16,Online
Q2-02019,2023-04-11,1164,216.57,In-Store
Q2-02020,2023-05-15,2861,167.41,Phone
Q2-02021,2023-04-15,4343,247.39,Phone
Q2-02022,2023-04-04,2142,418.1,Online
Q2-02023,2023-06-07,4181,247.05,Phone
Q2-02024,2023-04-18,406,356.49,In-Store
Q2-02025,2023-06-02,1258,154.26,In-Store
Q2-02026,2023-06-22,991,107.24,In-Store
Q2-02027,2023-06-13,2874,434.13,Phone
Q2-02028,2023-05-04,1480,157.66,Online
Q2-02029,2023-06-19,1988,487.49,Phone
Q2-02030,2023-06-01,872,48.74,In-Store
Q2-02031,2023-05-25,919,153.57,In-Store
Q2-02032,2023-06-30,2293,13.8,Online
Q2-02033,2023-04-30,781,136.74,Phone
Q2-02034,2023-06-26,4068,272.15,In-Store
Q2-02035,2023-06-18,312,217.71,Online
Q2-02036,2023-05-16,3319,453.7,Online
Q2-02037,2023-05-13,4886,55.61,Phone
Q2-02038,2023-06-21,2546,286.88,In-Store
Q2-02039,2023-04-30,4029,156.09,In-Store
Q2-02040,2023-06-12,2492,153.3,In-Store
Q2-02041,2023-05-20,2213,317.64,Phone
Q2-02042,2023-06-19,4906,385.22,Online
Q2-02043,2023-04-26,1013,226.56,Phone
Q2-02044,2023-04-13,3884,462.72,Online
Q2-02045,2023-06-18,3530,238.72,Online
Q2-02046,2023-05-25,2710,150.66,Online
Q2-02047,2023-04-30,299,6.53,Phone
Q2-02048,2023-05-28,114,378.57,In-Store
Q2-02049,2023-06-23,3160,408.48,Phone
Q2-02050,2023-06-28,532,13.95,Online
Q2-02051,2023-06-01,537,340.39,Phone
Q2-02052,2023-06-08,3752,418.59,In-Store
Q2-02053,2023-05-15,2657,224.13,In-Store
Q2-02054,2023-05-31,1679,139.91,In-Store
Q2-02055,2023-04-17,4614,204.73,Phone
Q2-02056,2023-04-06,1517,427.71,Phone
Q2-02057,2023-05-31,2257,292.55,Online
Q2-02058,2023-05-31,1068,46.41,In-Store
Q2-02059,2023-04-14,517,213.36,Online
Q2-02060,2023-05-03,2786,209.4,Online
Q2-02061,2023-06-03,4751,167.95,In-Store
Q2-02062,2023-05-06,1736,481.75,Online
Q2-02063,2023-06-14,137,184.5,Phone
Q2-02064,2023-05-31,1803,122.75,In-Store
Q2-02065,2023-04-19,2034,101.62,Online
Q2-02066,2023-06-10,2801,442.59,Online
Q2-02067,2023-06-03,3132,267.26,In-Store
Q2-02068,2023-04-12,3134,413.06,Online
Q2-02069,2023-05-01,3002,375.14,In-Store
Q2-02070,2023-04-09,320,195.4,In-Store
Q2-02071,2023-06-19,2971,239.89,Phone
Q2-02072,2023-05-02,4349,63.96,Online
Q2-02073,2023-06-06,3475,382.73,In-Store
Q2-02074,2023-06-12,2243,421.09,In-Store
Q2-02075,2023-04-12,2799,69.17,Online
Q2-02076,2023-04-10,1499,347.82,Online
Q2-02077,2023-05-22,1638,443.54,In-Store
Q2-02078,2023-04-24,3608,53.31,Phone
Q2-02079,2023-04-15,4141,229.64,Phone
Q2-02080,2023-06-17,4986,364.82,Phone
Q2-02081,2023-05-06,3280,175.77,Online
Q2-02082,2023-06-28,636,378.02,Online
Q2-02083,2023-05-27,1962,392.38,In-Store
Q2-02084,2023-05-17,4624,245.86,Phone
Q2-02085,2023-05-14,651,71.41,In-Store
Q2-02086,2023-06-12,1880,223.59,Phone
Q2-02087,2023-04-07,2344,434.31,Online
Q2-02088,2023-05-08,3417,194.56,Phone
Q2-02089,2023-05-09,3941,51.4,Phone
Q2-02090,2023-04-06,451,299.66,Phone
Q2-02091,2023-06-03,2870,170.21,Phone
Q2-02092,2023-06-27,3233,395.49,Online
Q2-02093,2023-05-19,2796,365.35,In-Store
Q2-02094,2023-04-20,4956,200.02,Online
Q2-02095,2023-06-05,3138,131.97,Phone
Q2-02096,2023-04-05,319,443.11,In-Store
Q2-02097,2023-04-15,328,111.0,Phone
Q2-02098,2023-04-26,4671,208.61,In-Store
Q2-02099,2023-04-11,4455,371.0,Online
Q2-02100,2023-05-31,391,157.79,Online
Q2-02101,2023-06-07,1298,59.58,Online
Q2-02102,2023-06-20,1307,182.52,Phone
Q2-02103,2023-06-08,3793,115.16,Phone
Q2-02104,2023-05-15,3420,41.59,In-Store
Q2-02105,2023-05-03,3141,129.42,In-Store
Q2-02106,2023-06-15,2302,203.37,Online
Q2-02107,2023-06-15,2696,167.7,In-Store
Q2-02108,2023-04-14,4013,90.38,Online
Q2-02109,2023-05-31,4839,346.61,Online
Q2-02110,2023-05-01,4418,347.27,In-Store
Q2-02111,2023-05-23,2657,201.39,Online
Q2-02112,2023-06-14,3924,171.42,In-Store
Q2-02113,2023-05-17,1773,328.99,Online
Q2-02114,2023-04-03,797,204.98,Online
Q2-02115,2023-04-12,443,144.45,In-Store
Q2-02116,2023-04-28,2785,196.04,Online
Q2-02117,2023-06-03,3956,417.67,In-Store
Q2-02118,2023-04-22,3276,45.28,Online
Q2-02119,2023-04-03,380,331.52,In-Store
Q2-02120,2023-06-25,255,53.1,Phone
Q2-02121,2023-04-18,1512,367.75,In-Store
Q2-02122,2023-04-03,5,428.57,In-Store
Q2-02123,2023-06-26,4468,450.19,In-Store
Q2-02124,2023-06-09,1347,435.76,Phone
Q2-02125,2023-06-19,4276,486.87,In-Store
Q2-02126,2023-04-12,3289,300.62,Online
Q2-02127,2023-04-30,1331,291.16,Online
Q2-02128,2023-05-11,4760,252.06,In-Store
Q2-02129,2023-04-06,184,150.49,Phone
Q2-02130,2023-05-31,852,477.83,Phone
Q2-02131,2023-05-04,3572,472.06,Online
Q2-02132,2023-04-07,780,51.03,In-Store
Q2-02133,2023-06-03,961,71.03,Phone
Q2-02134,2023-05-28,2090,50.08,Online
Q2-02135,2023-04-04,1210,268.36,Phone
Q2-02136,2023-04-02,1478,163.91,Phone
Q2-02137,2023-04-04,2026,217.69,In-Store
Q2-02138,2023-04-19,3893,19.52,In-Store
Q2-02139,2023-05-26,2914,342.74,Phone
Q2-02140,2023-04-01,2310,237.2,Phone
Q2-02141,2023-06-08,4658,249.24,Online
Q2-02142,2023-06-06,1108,359.44,Phone
Q2-02143,2023-05-07,1212,347.81,Phone
Q2-02144,2023-06-11,1086,372.18,Phone
Q2-02145,2023-04-23,299,257.41,Online
Q2-02146,2023-06-23,4888,490.25,In-Store
Q2-02147,2023-05-19,4849,147.08,In-Store
Q2-02148,2023-04-30,1844,411.56,Phone
Q2-02149,2023-04-22,1390,190.91,In-Store
Q2-02150,2023-06-06,1,263.67,In-Store
Q2-02151,2023-06-07,3862,197.52,Online
Q2-02152,2023-06-08,1202,447.91,Online
Q2-02153,2023-05-30,3446,198.66,In-Store
Q2-02154,2023-06-07,2038,20.68,In-Store
Q2-02155,2023-04-03,3693,350.12,Phone
Q2-02156,2023-05-21,3392,361.87,In-Store
Q2-02157,2023-06-21,3384,288.29,Online
Q2-02158,2023-06-29,737,63.34,In-Store
Q2-02159,2023-06-13,220,170.93,Online
Q2-02160,2023-04-01,4806,447.26,Phone
Q2-02161,2023-05-23,4313,273.12,In-Store
Q2-02162,2023-04-16,2186,87.08,In-Store
Q2-02163,2023-05-26,1486,36.91,Phone
Q2-02164,2023-05-31,1628,273.87,Online
Q2-02165,2023-04-17,2666,458.64,Online
Q2-02166,2023-06-10,2026,241.63,In-Store
Q2-02167,2023-04-03,3099,251.93,In-Store
Q2-02168,2023-04-28,2284,83.04,In-Store
Q2-02169,2023-04-23,991,28.45,Phone
Q2-02170,2023-04-04,4520,429.68,Phone
Q2-02171,2023-05-18,4608,486.56,Phone
Q2-02172,2023-05-01,2958,459.1,Phone
Q2-02173,2023-04-23,1236,154.87,Online
Q2-02174,2023-06-07,209,290.33,Phone
Q2-02175,2023-05-09,965,458.93,Online
Q2-02176,2023-06-08,1510,22.26,Online
Q2-02177,2023-04-04,4611,336.16,Phone
Q2-02178,2023-06-16,4670,26.59,In-Store
Q2-02179,2023-04-09,4740,185.98,Phone
Q2-02180,2023-04-05,1779,299.14,In-Store
Q2-02181,2023-04-11,1012,268.23,Phone
Q2-02182,2023-06-05,3443,71.23,Online
Q2-02183,2023-06-22,3144,292.99,In-Store
Q2-02184,2023-05-17,4970,263.3,Online
Q2-02185,2023-06-22,2285,381.11,Phone
Q2-02186,2023-06-21,3181,172.29,In-Store
Q2-02187,2023-06-22,1204,459.37,Phone
Q2-02188,2023-04-23,3188,46.98,Phone
Q2-02189,2023-04-06,4479,78.11,Online
Q2-02190,2023-05-29,2984,198.44,Phone
Q2-02191,2023-06-08,268,236.94,In-Store
Q2-02192,2023-04-09,1536,285.4,Online
Q2-02193,2023-06-17,4383,31.67,Phone
Q2-02194,2023-06-13,1186,266.15,Phone
Q2-02195,2023-05-27,2699,203.32,Online
Q2-02196,2023-05-10,4410,278.26,Phone
Q2-02197,2023-06-15,1010,297.28,Online
Q2-02198,2023-06-26,288,466.38,In-Store
Q2-02199,2023-06-15,669,478.98,Phone
Q2-02200,2023-06-26,137,76.6,Phone
Q2-02201,2023-04-18,1464,443.95,Online
Q2-02202,2023-06-25,3370,463.45,In-Store
Q2-02203,2023-06-09,1470,36.81,In-Store
Q2-02204,2023-04-22,682,248.0,In-Store
Q2-02205,2023-05-03,1515,387.81,In-Store
Q2-02206,2023-04-26,1513,356.31,Online
Q2-02207,2023-05-08,1708,20.3,Online
Q2-02208,2023-06-21,1777,480.71,Online
Q2-02209,2023-04-29,639,264.35,Online
Q2-02210,2023-05-17,2216,370.38,Phone
Q2-02211,2023-05-30,1180,288.71,In-Store
Q2-02212,2023-04-17,2568,307.63,Phone
Q2-02213,2023-04-04,657,448.36,Phone
Q2-02214,2023-06-27,1230,150.25,In-Store
Q2-02215,2023-06-20,2829,263.58,In-Store
Q2-02216,2023-04-22,3736,481.68,In-Store
Q2-02217,2023-04-15,4814,194.54,Phone
Q2-02218,2023-05-09,1004,61.82,Phone
Q2-02219,2023-04-20,4550,443.29,In-Store
Q2-02220,2023-04-26,341,101.19,Online
Q2-02221,2023-04-02,3707,9.32,Online
Q2-02222,2023-05-08,755,431.05,Online
Q2-02223,2023-06-05,3977,176.75,Phone
Q2-02224,2023-06-20,4215,406.33,In-Store
Q2-02225,2023-06-24,94,88.56,Phone
Q2-02226,2023-05-02,1344,69.24,Phone
Q2-02227,2023-04-28,137,159.96,Online
Q2-02228,2023-06-07,3883,391.91,In-Store
Q2-02229,2023-04-06,1596,492.53,In-Store
Q2-02230,2023-06-30,10,421.85,In-Store
Q2-02231,2023-06-09,213,364.82,Phone
Q2-02232,2023-05-19,3999,53.98,Online
Q2-02233,2023-05-23,4155,175.94,In-Store
Q2-02234,2023-04-07,1951,448.08,Online
Q2-02235,2023-05-13,3066,56.78,Online
Q2-02236,2023-05-26,4759,108.29,In-Store
Q2-02237,2023-06-01,1437,317.45,In-Store
Q2-02238,2023-05-30,5,361.78,Phone
Q2-02239,2023-04-09,2441,202.59,Online
Q2-02240,2023-05-23,915,198.58,Phone
Q2-02241,2023-04-26,1841,382.51,Online
Q2-02242,2023-05-01,3761,168.99,Online
Q2-02243,2023-06-09,3218,295.03,In-Store
Q2-02244,2023-04-26,1535,48.7,In-Store
Q2-02245,2023-04-21,4441,195.32,Online
Q2-02246,2023-06-12,4992,323.83,Phone
Q2-02247,2023-05-11,1274,391.02,Phone
Q2-02248,2023-04-11,79,242.17,In-Store
Q2-02249,2023-05-28,2965,323.09,In-Store
Q2-02250,2023-05-30,3109,55.35,In-Store
Q2-02251,2023-05-03,4568,176.03,Phone
Q2-02252,2023-06-01,525,339.01,In-Store
Q2-02253,2023-06-02,1418,200.41,Online
Q2-02254,2023-06-03,2280,38.96,Phone
Q2-02255,2023-05-24,3730,136.99,Phone
Q2-02256,2023-06-12,4694,300.29,Online
Q2-02257,2023-05-30,4462,494.51,Phone
Q2-02258,2023-06-09,158,348.62,Online
Q2-02259,2023-04-19,1592,185.59,In-Store
Q2-02260,2023-04-01,2588,181.02,Online
Q2-02261,2023-06-01,514,471.16,Online
Q2-02262,2023-05-24,4670,421.08,Phone
Q2-02263,2023-06-25,2155,318.26,Online
Q2-02264,2023-05-05,1198,417.97,In-Store
Q2-02265,2023-06-21,1589,499.61,In-Store
Q2-02266,2023-04-21,1179,397.68,Phone
Q2-02267,2023-06-21,1877,292.19,In-Store
Q2-02268,2023-05-25,869,473.79,Phone
Q2-02269,2023-06-18,4870,346.73,In-Store
Q2-02270,2023-04-21,1858,418.2,In-Store
Q2-02271,2023-05-29,4184,192.68,Phone
Q2-02272,2023-04-25,3908,473.53,Phone
Q2-02273,2023-04-13,92,259.32,Online
Q2-02274,2023-04-26,2464,68.57,Phone
Q2-02275,2023-05-09,1647,443.72,Phone
Q2-02276,2023-06-07,1835,195.22,Online
Q2-02277,2023-04-14,59,191.56,In-Store
Q2-02278,2023-06-06,2573,94.98,Phone
Q2-02279,2023-04-29,3766,475.14,Phone
Q2-02280,2023-06-12,78,74.46,In-Store
Q2-02281,2023-06-07,656,232.32,In-Store
Q2-02282,2023-06-09,960,152.23,Phone
Q2-02283,2023-06-02,1041,264.8,Phone
Q2-02284,2023-04-27,2985,491.77,Online
Q2-02285,2023-05-26,170,395.08,In-Store
Q2-02286,2023-06-12,4010,316.12,Online
Q2-02287,2023-06-19,115,131.54,Online
Q2-02288,2023-05-21,2624,448.91,In-Store
Q2-02289,2023-05-26,1117,414.67,Online
Q2-02290,2023-06-08,4847,169.19,Phone
Q2-02291,2023-05-18,4674,423.33,In-Store
Q2-02292,2023-06-21,4509,330.26,Phone
Q2-02293,2023-04-02,4188,113.35,Online
Q2-02294,2023-04-21,1359,104.0,Phone
Q2-02295,2023-04-18,800,490.38,Online
Q2-02296,2023-06-26,438,175.37,In-Store
Q2-02297,2023-05-14,4807,335.12,In-Store
Q2-02298,2023-06-01,3629,66.96,Online
Q2-02299,2023-06-27,1979,401.29,Phone
Q2-02300,2023-04-07,1132,356.8,In-Store
Q2-02301,2023-06-27,2237,309.47,Phone
Q2-02302,2023-06-30,2603,347.71,In-Store
Q2-02303,2023-04-08,4975,160.67,In-Store
Q2-02304,2023-04-20,2994,285.98,Phone
Q2-02305,2023-04-24,2430,167.21,Phone
Q2-02306,2023-06-26,3628,477.84,Online
Q2-02307,2023-04-18,3664,49.44,In-Store
Q2-02308,2023-06-29,3233,321.39,In-Store
Q2-02309,2023-04-15,3175,317.88,Online
Q2-02310,2023-05-03,11,284.27,Online
Q2-02311,2023-04-24,3465,380.09,Online
Q2-02312,2023-05-13,3550,311.24,Phone
Q2-02313,2023-04-17,3806,463.22,Online
Q2-02314,2023-05-18,35,292.81,Phone
Q2-02315,2023-05-12,1957,55.62,Phone
Q2-02316,2023-05-14,4533,375.86,In-Store
Q2-02317,2023-04-28,4733,83.51,In-Store
Q2-02318,2023-05-12,4611,331.7,Phone
Q2-02319,2023-04-25,272,257.18,In-Store
Q2-02320,2023-04-02,3816,362.39,Online
Q2-02321,2023-04-12,2077,216.94,In-Store
Q2-02322,2023-04-15,3995,476.16,Phone
Q2-02323,2023-06-26,1412,279.27,Online
Q2-02324,2023-06-28,3678,356.98,Online
Q2-02325,2023-06-24,2584,308.34,In-Store
Q2-02326,2023-04-24,1597,64.63,Online
Q2-02327,2023-06-23,4342,112.07,In-Store
Q2-02328,2023-05-10,4590,40.94,In-Store
Q2-02329,2023-06-01,957,182.56,Phone
Q2-02330,2023-06-27,2506,404.02,In-Store
Q2-02331,2023-06-04,4387,24.62,In-Store
Q2-02332,2023-06-14,945,46.98,Phone
Q2-02333,2023-06-25,867,499.91,In-Store
Q2-02334,2023-05-16,3503,268.65,Phone
Q2-02335,2023-06-03,547,249.65,Phone
Q2-02336,2023-04-10,2345,300.02,Phone
Q2-02337,2023-05-04,3560,133.59,Online
Q2-02338,2023-05-25,4827,497.99,Online
Q2-02339,2023-05-10,4688,245.64,Online
Q2-02340,2023-04-17,4610,331.81,In-Store
Q2-02341,2023-04-14,4618,395.33,Phone
Q2-02342,2023-04-13,4173,75.09,Phone
Q2-02343,2023-06-25,177,402.38,In-Store
Q2-02344,2023-05-12,687,263.74,Online
Q2-02345,2023-04-05,1064,163.68,In-Store
Q2-02346,2023-04-29,2622,433.53,In-Store
Q2-02347,2023-06-16,4016,440.18,Online
Q2-02348,2023-04-30,4036,335.93,Online
Q2-02349,2023-05-02,1925,98.87,Phone
Q2-02350,2023-04-03,775,386.62,Phone
Q2-02351,2023-06-09,208,73.16,Online
Q2-02352,2023-04-17,4580,126.65,Online
Q2-02353,2023-06-18,3192,453.43,In-Store
Q2-02354,2023-06-07,3903,16.01,Phone
Q2-02355,2023-06-23,2550,310.52,Online
Q2-02356,2023-04-15,1056,469.06,In-Store
Q2-02357,2023-05-29,3585,90.63,Phone
Q2-02358,2023-04-14,491,447.99,In-Store
Q2-02359,2023-04-23,418,352.57,Phone
Q2-02360,2023-06-16,1808,156.8,Phone
Q2-02361,2023-06-08,1212,348.22,Online
Q2-02362,2023-04-13,1791,156.47,Phone
Q2-02363,2023-04-22,695,481.23,Online
Q2-02364,2023-04-14,1683,18.06,Phone
Q2-02365,2023-05-30,408,483.01,Online
Q2-02366,2023-04-29,4519,113.46,Online
Q2-02367,2023-05-28,629,163.2,Phone
Q2-02368,2023-06-03,3651,123.54,Phone
Q2-02369,2023-06-12,474,218.8,Phone
Q2-02370,2023-06-04,897,143.3,Online
Q2-02371,2023-06-11,4382,139.11,Online
Q2-02372,2023-04-16,769,49.56,In-Store
Q2-02373,2023-05-21,2967,389.28,Online
Q2-02374,2023-06-05,3076,199.67,Online
Q2-02375,2023-05-23,1542,264.46,Phone
Q2-02376,2023-05-05,4393,439.34,Phone
Q2-02377,2023-06-07,911,177.15,Phone
Q2-02378,2023-04-08,3511,166.82,In-Store
Q2-02379,2023-06-25,2768,221.52,Online
Q2-02380,2023-06-08,3006,82.92,In-Store
Q2-02381,2023-05-28,313,131.77,Phone
Q2-02382,2023-05-11,3392,241.17,Phone
Q2-02383,2023-06-05,3009,324.93,Phone
Q2-02384,2023-05-05,342,218.32,Phone
Q2-02385,2023-05-14,4965,341.5,In-Store
Q2-02386,2023-05-03,2991,460.43,In-Store
Q2-02387,2023-05-04,349,307.1,Online
Q2-02388,2023-04-09,1972,463.93,Online
Q2-02389,2023-04-11,3349,382.39,Phone
Q2-02390,2023-05-19,3972,84.79,Online
Q2-02391,2023-06-08,598,162.66,Online
Q2-02392,2023-06-18,3526,418.89,Phone
Q2-02393,2023-04-26,2843,389.77,In-Store
Q2-02394,2023-06-24,547,114.91,Phone
Q2-02395,2023-06-02,3951,203.21,In-Store
Q2-02396,2023-05-09,1201,119.36,In-Store
Q2-02397,2023-05-09,4292,359.16,Phone
Q2-02398,2023-04-21,4205,226.96,In-Store
Q2-02399,2023-06-09,4372,222.61,Phone
Q2-02400,2023-06-24,4126,411.11,In-Store
Q2-02401,2023-04-13,3650,171.71,Phone
Q2-02402,2023-05-09,2424,133.22,In-Store
Q2-02403,2023-04-02,4180,373.31,Online
Q2-02404,2023-04-28,4163,381.02,In-Store
Q2-02405,2023-05-29,1955,231.16,In-Store
Q2-02406,2023-05-27,4156,298.36,Online
Q2-02407,2023-06-25,1174,432.85,In-Store
Q2-02408,2023-05-28,406,349.05,In-Store
Q2-02409,2023-06-07,4205,8.75,In-Store
Q2-02410,2023-05-28,3448,462.93,In-Store
Q2-02411,2023-06-30,4893,313.03,Phone
Q2-02412,2023-04-22,4820,113.48,Phone
Q2-02413,2023-05-19,2228,370.48,Phone
Q2-02414,2023-05-24,4343,318.17,Online
Q2-02415,2023-04-29,3895,155.01,In-Store
Q2-02416,2023-06-08,1079,232.64,In-Store
Q2-02417,2023-06-01,1865,199.81,In-Store
Q2-02418,2023-05-16,1652,249.91,Online
Q2-02419,2023-05-25,107,398.0,Phone
Q2-02420,2023-04-04,816,132.16,Online
Q2-02421,2023-04-20,915,445.25,Online
Q2-02422,2023-05-21,1219,385.74,In-Store
Q2-02423,2023-04-11,626,168.07,Online
Q2-02424,2023-06-12,1929,327.2,Phone
Q2-02425,2023-04-25,594,10.17,Online
Q2-02426,2023-06-05,4634,333.52,In-Store
Q2-02427,2023-06-18,1353,362.76,In-Store
Q2-02428,2023-06-10,3935,349.39,Phone
Q2-02429,2023-04-13,4013,168.64,Phone
Q2-02430,2023-05-15,2365,71.3,Phone
Q2-02431,2023-06-06,932,463.51,Phone
Q2-02432,2023-05-15,20,67.22,In-Store
Q2-02433,2023-05-24,4419,379.64,Online
Q2-02434,2023-06-28,1243,406.06,Online
Q2-02435,2023-05-25,887,345.0,In-Store
Q2-02436,2023-04-26,4858,477.66,Phone
Q2-02437,2023-06-05,2920,376.07,Online
Q2-02438,2023-05-17,3939,486.16,Phone
Q2-02439,2023-04-02,915,491.41,Online
Q2-02440,2023-06-12,4114,468.84,Phone
Q2-02441,2023-06-02,598,271.35,Online
Q2-02442,2023-04-02,4248,494.65,In-Store
Q2-02443,2023-04-05,366,153.26,Online
Q2-02444,2023-06-16,799,219.46,Online
Q2-02445,2023-04-29,4281,369.72,Online
Q2-02446,2023-05-11,4023,394.21,In-Store
Q2-02447,2023-06-02,4930,154.55,Online
Q2-02448,2023-04-26,4595,342.99,Phone
Q2-02449,2023-05-14,1897,461.19,Phone
Q2-02450,2023-04-06,1962,108.66,In-Store
Q2-02451,2023-06-04,1690,370.83,In-Store
Q2-02452,2023-05-25,4127,172.05,Phone
Q2-02453,2023-05-28,3211,473.23,Online
Q2-02454,2023-05-04,2540,326.68,Online
Q2-02455,2023-05-27,1033,16.77,Phone
Q2-02456,2023-04-30,3686,376.84,Online
Q2-02457,2023-06-14,1301,451.86,Online
Q2-02458,2023-05-05,3494,474.4,Online
Q2-02459,2023-06-19,869,201.1,Phone
Q2-02460,2023-04-11,2989,409.76,In-Store
Q2-02461,2023-05-30,48,292.91,Phone
Q2-02462,2023-04-10,2790,83.18,In-Store
Q2-02463,2023-04-07,3107,181.48,Online
Q2-02464,2023-04-23,2957,293.05,Online
Q2-02465,2023-05-14,3411,378.67,Online
Q2-02466,2023-06-04,4240,79.72,Online
Q2-02467,2023-06-22,1600,146.12,Phone
Q2-02468,2023-04-02,4052,316.97,Online
Q2-02469,2023-05-22,3802,495.7,Phone
Q2-02470,2023-06-02,1904,424.86,Online
Q2-02471,2023-05-29,974,32.18,Phone
Q2-02472,2023-05-01,1025,162.92,Online
Q2-02473,2023-04-09,783,430.3,Online
Q2-02474,2023-04-25,3535,184.99,In-Store
Q2-02475,2023-05-05,2150,7.04,Online
Q2-02476,2023-05-09,2733,422.98,Phone
Q2-02477,2023-04-11,2334,436.23,In-Store
Q2-02478,2023-06-04,2577,160.96,In-Store
Q2-02479,2023-06-25,1940,194.32,Online
Q2-02480,2023-04-26,553,278.25,Online
Q2-02481,2023-05-28,4422,456.09,Online
Q2-02482,2023-06-09,4570,296.5,Online
Q2-02483,2023-06-30,4288,124.54,In-Store
Q2-02484,2023-06-26,4504,55.75,Online
Q2-02485,2023-06-16,365,191.84,Online
Q2-02486,2023-05-30,2867,62.94,In-Store
Q2-02487,2023-05-12,2763,222.25,In-Store
Q2-02488,2023-04-29,2107,87.83,Online
Q2-02489,2023-04-26,1568,483.14,In-Store
Q2-02490,2023-05-20,1687,70.02,Online
Q2-02491,2023-06-02,2568,418.23,In-Store
Q2-02492,2023-06-28,3246,93.96,In-Store
Q2-02493,2023-04-25,4850,81.72,In-Store
Q2-02494,2023-06-08,2926,460.5,Phone
Q2-02495,2023-04-03,3314,266.16,Online
Q2-02496,2023-05-30,231,170.98,Online
Q2-02497,2023-06-23,3758,333.01,In-Store
Q2-02498,2023-04-08,1642,482.84,Phone
Q2-02499,2023-06-18,2401,207.43,Phone
Q2-02500,2023-06-17,680,406.09,In-Store
Q2-02501,2023-04-14,272,423.83,Phone
Q2-02502,2023-06-01,3847,412.8,Online
Q2-02503,2023-05-31,3271,404.26,Online
Q2-02504,2023-05-11,1091,281.36,Online
Q2-02505,2023-04-22,4152,145.84,Online
Q2-02506,2023-06-06,1150,165.87,In-Store
Q2-02507,2023-04-25,881,221.64,Phone
Q2-02508,2023-05-07,4809,365.47,Online
Q2-02509,2023-05-01,4312,14.83,Online
Q2-02510,2023-06-07,3359,62.97,In-Store
Q2-02511,2023-05-21,42,150.13,Online
Q2-02512,2023-04-18,1242,345.88,In-Store
Q2-02513,2023-04-25,3533,276.58,Online
Q2-02514,2023-06-27,4690,361.22,In-Store
Q2-02515,2023-05-20,1164,237.84,In-Store
Q2-02516,2023-06-09,4918,238.34,Online
Q2-02517,2023-04-02,3458,51.08,Online
Q2-02518,2023-05-24,631,98.14,In-Store
Q2-02519,2023-04-04,4984,51.68,Online
Q2-02520,2023-05-20,3725,233.84,In-Store
Q2-02521,2023-05-27,537,76.3,Online
Q2-02522,2023-06-01,4725,406.49,Phone
Q2-02523,2023-05-21,3468,390.92,Phone
Q2-02524,2023-06-29,2232,361.27,In-Store
Q2-02525,2023-06-24,4282,254.03,In-Store
Q2-02526,2023-05-05,4386,276.04,In-Store
Q2-02527,2023-06-13,62,138.6,In-Store
Q2-02528,2023-04-22,689,202.23,Online
Q2-02529,2023-05-29,3008,214.01,Phone
Q2-02530,2023-05-21,2976,295.6,Online
Q2-02531,2023-06-15,4238,367.64,Online
Q2-02532,2023-06-04,3033,363.04,Phone
Q2-02533,2023-04-17,3648,204.24,In-Store
Q2-02534,2023-05-31,3601,129.92,In-Store
Q2-02535,2023-04-23,1011,416.31,Phone
Q2-02536,2023-05-14,2158,473.75,In-Store
Q2-02537,2023-05-07,1806,253.01,Phone
Q2-02538,2023-05-07,4961,190.79,Phone
Q2-02539,2023-05-28,3355,364.76,In-Store
Q2-02540,2023-04-26,1113,110.31,In-Store
Q2-02541,2023-05-14,3068,164.13,In-Store
Q2-02542,2023-05-05,4602,201.97,In-Store
Q2-02543,2023-06-29,1738,213.27,Online
Q2-02544,2023-05-27,893,24.17,Online
Q2-02545,2023-05-18,132,275.94,Online
Q2-02546,2023-05-28,901,270.51,Phone
Q2-02547,2023-05-18,2998,384.76,In-Store
Q2-02548,2023-06-28,2688,25.32,Phone
Q2-02549,2023-06-04,2722,48.72,Phone
Q2-02550,2023-04-07,1839,429.67,In-Store
Q2-02551,2023-04-23,854,18.47,Phone
Q2-02552,2023-06-26,1572,27.28,In-Store
Q2-02553,2023-04-09,1559,157.22,Online
Q2-02554,2023-06-26,1209,325.08,In-Store
Q2-02555,2023-06-09,3102,80.75,Online
Q2-02556,2023-04-06,455,143.67,Phone
Q2-02557,2023-05-27,1256,351.82,Online
Q2-02558,2023-05-02,1618,385.66,Phone
Q2-02559,2023-05-03,3677,271.15,Online
Q2-02560,2023-04-30,4953,118.25,In-Store
Q2-02561,2023-06-26,1888,35.7,Online
Q2-02562,2023-04-13,322,348.08,Phone
Q2-02563,2023-04-26,4552,462.13,Online
Q2-02564,2023-05-05,3542,102.37,Phone
Q2-02565,2023-04-30,3942,9.23,Online
Q2-02566,2023-06-20,2113,360.55,In-Store
Q2-02567,2023-06-30,2535,83.03,Online
Q2-02568,2023-06-08,77,469.88,Online
Q2-02569,2023-06-11,4524,271.39,Online
Q2-02570,2023-05-06,2339,183.26,Online
Q2-02571,2023-05-02,345,477.58,Online
Q2-02572,2023-06-26,442,207.72,Online
Q2-02573,2023-06-02,1132,279.9,In-Store
Q2-02574,2023-04-24,2895,264.48,Online
Q2-02575,2023-05-01,1875,493.95,Phone
Q2-02576,2023-06-25,4914,430.18,In-Store
Q2-02577,2023-04-24,3545,196.17,Online
Q2-02578,2023-05-25,4077,499.73,Phone
Q2-02579,2023-05-19,4675,444.04,Online
Q2-02580,2023-05-16,3912,456.24,In-Store
Q2-02581,2023-05-04,1178,349.6,Online
Q2-02582,2023-04-30,1521,241.07,In-Store
Q2-02583,2023-06-09,1297,419.63,In-Store
Q2-02584,2023-06-13,220,20.6,Online
Q2-02585,2023-04-13,1542,441.28,In-Store
Q2-02586,2023-05-04,385,104.75,In-Store
Q2-02587,2023-05-18,4997,353.8,Online
Q2-02588,2023-04-28,1936,221.85,Online
Q2-02589,2023-04-01,3616,372.32,In-Store
Q2-02590,2023-06-18,1120,306.75,Online
Q2-02591,2023-04-19,227,149.03,Phone
Q2-02592,2023-06-30,2776,444.79,Phone
Q2-02593,2023-06-13,2760,325.81,Phone
Q2-02594,2023-06-02,1122,34.91,In-Store
Q2-02595,2023-05-08,4974,262.38,Phone
Q2-02596,2023-06-27,2040,430.45,Online
Q2-02597,2023-05-25,1014,218.86,Phone
Q2-02598,2023-05-04,4167,198.34,Phone
Q2-02599,2023-05-12,2674,387.04,Phone
Q2-02600,2023-06-23,4878,243.91,Online
Q2-02601,2023-05-01,564,291.61,Phone
Q2-02602,2023-05-30,4865,111.66,Online
Q2-02603,2023-04-01,1288,417.09,Phone
Q2-02604,2023-06-30,2220,93.65,Online
Q2-02605,2023-04-07,3056,29.0,Online
Q2-02606,2023-04-09,198,102.91,Online
Q2-02607,2023-06-03,77,183.94,Online
Q2-02608,2023-05-05,3898,44.88,Online
Q2-02609,2023-05-16,1563,205.57,Online
Q2-02610,2023-04-13,4661,433.59,In-Store
Q2-02611,2023-06-10,2859,211.28,In-Store
Q2-02612,2023-05-12,1948,162.89,Online
Q2-02613,2023-05-24,94,7.38,In-Store
Q2-02614,2023-04-13,4022,377.36,In-Store
Q2-02615,2023-06-25,2193,229.31,Phone
Q2-02616,2023-06-03,3748,281.48,Phone
Q2-02617,2023-04-28,3026,488.45,Phone
Q2-02618,2023-06-08,2787,352.13,In-Store
Q2-02619,2023-06-25,703,462.12,Online
Q2-02620,2023-06-02,1709,478.2,In-Store
Q2-02621,2023-04-30,4389,487.76,Online
Q2-02622,2023-05-31,1277,407.73,Online
Q2-02623,2023-06-07,1118,419.48,Online
Q2-02624,2023-06-04,4736,322.57,In-Store
Q2-02625,2023-06-28,69,421.54,In-Store
Q2-02626,2023-04-15,1419,414.73,In-Store
Q2-02627,2023-05-05,2227,142.98,Online
Q2-02628,2023-05-21,1138,150.03,In-Store
Q2-02629,2023-06-24,3149,59.37,In-Store
Q2-02630,2023-05-31,3922,240.25,Phone
Q2-02631,2023-05-17,4286,374.68,Phone
Q2-02632,2023-05-11,4164,124.32,Phone
Q2-02633,2023-06-26,1445,60.44,In-Store
Q2-02634,2023-04-23,1043,433.48,Online
Q2-02635,2023-06-29,4921,93.78,Online
Q2-02636,2023-05-24,23,86.64,Phone
Q2-02637,2023-06-17,4008,316.24,In-Store
Q2-02638,2023-05-19,2607,393.01,In-Store
Q2-02639,2023-04-30,687,120.39,In-Store
Q2-02640,2023-04-04,3199,461.14,In-Store
Q2-02641,2023-04-05,4237,47.46,Phone
Q2-02642,2023-04-30,142,227.52,In-Store
Q2-02643,2023-05-29,4088,341.3,Phone
Q2-02644,2023-05-15,2516,239.25,Phone
Q2-02645,2023-05-18,1968,474.06,In-Store
Q2-02646,2023-04-26,1344,210.53,In-Store
Q2-02647,2023-06-28,3050,162.52,Online
Q2-02648,2023-05-14,4999,83.71,In-Store
Q2-02649,2023-06-20,2520,416.75,Online
Q2-02650,2023-05-02,538,141.5,Phone
Q2-02651,2023-06-09,3173,385.26,Phone
Q2-02652,2023-06-24,2711,426.13,Online
Q2-02653,2023-04-02,4165,291.3,Online
Q2-02654,2023-04-26,2248,39.81,In-Store
Q2-02655,2023-06-22,3581,179.18,Phone
Q2-02656,2023-06-23,2096,296.15,Phone
Q2-02657,2023-04-29,4980,406.0,Phone
Q2-02658,2023-06-20,274,434.65,Phone
Q2-02659,2023-04-08,1883,345.62,In-Store
Q2-02660,2023-06-15,3929,356.54,In-Store
Q2-02661,2023-05-18,4596,86.38,Phone
Q2-02662,2023-06-06,736,10.77,Online
Q2-02663,2023-06-23,2727,88.51,In-Store
Q2-02664,2023-05-01,3835,329.36,Phone
Q2-02665,2023-06-16,2356,170.9,Online
Q2-02666,2023-04-23,962,255.42,Online
Q2-02667,2023-05-03,2854,44.53,In-Store
Q2-02668,2023-05-22,2099,383.25,In-Store
Q2-02669,2023-06-27,639,53.67,Online
Q2-02670,2023-06-07,3253,39.12,Phone
Q2-02671,2023-05-12,4307,221.05,Phone
Q2-02672,2023-04-12,299,8.63,Phone
Q2-02673,2023-04-09,808,127.45,Online
Q2-02674,2023-06-26,3225,440.04,Online
Q2-02675,2023-05-21,4296,256.76,In-Store
Q2-02676,2023-05-14,4192,77.12,In-Store
Q2-02677,2023-05-02,1108,234.98,In-Store
Q2-02678,2023-06-21,4136,362.74,Online
Q2-02679,2023-05-16,1839,24.82,Online
Q2-02680,2023-04-30,187,293.84,In-Store
Q2-02681,2023-06-15,4199,230.52,Online
Q2-02682,2023-05-05,2118,477.73,Online
Q2-02683,2023-05-08,781,260.39,Online
Q2-02684,2023-06-04,4095,183.64,Online
Q2-02685,2023-04-07,4217,447.46,In-Store
Q2-02686,2023-05-21,3484,466.56,Online
Q2-02687,2023-05-27,1731,146.73,Online
Q2-02688,2023-05-03,3053,90.55,Online
Q2-02689,2023-04-01,284,132.49,In-Store
Q2-02690,2023-06-29,2058,265.72,Online
Q2-02691,2023-06-15,1805,363.26,Phone
Q2-02692,2023-05-28,1061,204.62,Phone
Q2-02693,2023-05-30,4682,146.77,Online
Q2-02694,2023-04-23,1222,395.78,In-Store
Q2-02695,2023-04-10,618,458.69,In-Store
Q2-02696,2023-05-28,1919,16.34,Online
Q2-02697,2023-06-12,4398,63.68,Online
Q2-02698,2023-04-08,4836,64.6,In-Store
Q2-02699,2023-06-25,2934,375.75,In-Store
Q2-02700,2023-06-24,4738,475.23,Phone
Q2-02701,2023-04-13,353,43.58,In-Store
Q2-02702,2023-05-16,3221,439.2,Online
Q2-02703,2023-04-19,4283,266.18,Online
Q2-02704,2023-06-30,2722,423.0,Online
Q2-02705,2023-06-25,260,233.55,In-Store
Q2-02706,2023-06-28,4469,24.8,Online
Q2-02707,2023-04-13,3800,133.8,Online
Q2-02708,2023-05-08,247,126.8,Phone
Q2-02709,2023-06-20,864,171.79,Phone
Q2-02710,2023-04-17,2914,356.41,Phone
Q2-02711,2023-05-28,1732,421.37,Phone
Q2-02712,2023-06-26,2363,296.53,Online
Q2-02713,2023-05-17,3591,386.69,Phone
Q2-02714,2023-04-05,3473,343.01,In-Store
Q2-02715,2023-04-23,2213,56.23,Online
Q2-02716,2023-05-26,864,456.22,Phone
Q2-02717,2023-04-12,519,120.93,Online
Q2-02718,2023-04-27,192,134.76,Phone
Q2-02719,2023-05-09,3052,326.47,Online
Q2-02720,2023-04-08,4496,466.99,Online
Q2-02721,2023-06-10,4045,438.79,Online
Q2-02722,2023-04-27,3104,184.79,In-Store
Q2-02723,2023-06-07,1920,285.56,Phone
Q2-02724,2023-05-01,2164,453.12,In-Store
Q2-02725,2023-06-20,2311,160.54,Phone
Q2-02726,2023-05-01,645,433.74,Phone
Q2-02727,2023-04-19,506,132.58,Online
Q2-02728,2023-06-25,2154,383.56,Phone
Q2-02729,2023-04-20,1357,492.94,In-Store
Q2-02730,2023-06-14,142,366.59,In-Store
Q2-02731,2023-06-24,1829,262.15,In-Store
Q2-02732,2023-06-10,2589,39.15,In-Store
Q2-02733,2023-06-24,21,192.43,In-Store
Q2-02734,2023-05-01,885,348.02,In-Store
Q2-02735,2023-05-12,4793,8.9,Online
Q2-02736,2023-04-05,1722,381.25,In-Store
Q2-02737,2023-04-19,435,300.37,Online
Q2-02738,2023-04-26,1534,231.6,Online
Q2-02739,2023-05-22,1975,481.68,Phone
Q2-02740,2023-04-27,3075,20.16,Online
Q2-02741,2023-05-09,2954,397.02,Phone
Q2-02742,2023-04-24,3773,50.05,Online
Q2-02743,2023-05-07,4148,268.45,Phone
Q2-02744,2023-05-19,4144,208.37,Online
Q2-02745,2023-05-10,418,166.24,Online
Q2-02746,2023-06-22,2147,150.32,Online
Q2-02747,2023-04-15,1406,208.09,Online
Q2-02748,2023-04-11,2423,59.87,Online
Q2-02749,2023-05-27,343,160.6,Online
Q2-02750,2023-05-25,185,448.94,Online
Q2-02751,2023-05-29,4204,231.56,Online
Q2-02752,2023-05-18,2303,398.86,Online
Q2-02753,2023-06-05,4508,373.61,Online
Q2-02754,2023-05-22,645,328.57,In-Store
Q2-02755,2023-05-27,4471,377.27,Phone
Q2-02756,2023-04-14,3262,475.87,Phone
Q2-02757,2023-06-18,424,422.86,Phone
Q2-02758,2023-04-11,2927,188.8,In-Store
Q2-02759,2023-04-28,1022,49.09,In-Store
Q2-02760,2023-06-19,3707,35.25,Phone
Q2-02761,2023-04-30,1710,189.21,Phone
Q2-02762,2023-04-24,2044,148.37,In-Store
Q2-02763,2023-04-08,739,127.99,Online
Q2-02764,2023-06-06,1003,50.04,Phone
Q2-02765,2023-06-16,2223,83.63,In-Store
Q2-02766,2023-04-21,3632,490.16,Online
Q2-02767,2023-04-07,4906,460.05,Phone
Q2-02768,2023-04-30,3569,361.25,Phone
Q2-02769,2023-04-08,4269,369.1,In-Store
Q2-02770,2023-06-06,416,64.72,Online
Q2-02771,2023-06-08,3744,342.68,Online
Q2-02772,2023-06-19,4259,243.26,Phone
Q2-02773,2023-05-04,1538,421.01,In-Store
Q2-02774,2023-04-23,1779,388.91,Online
Q2-02775,2023-05-10,2945,98.76,In-Store
Q2-02776,2023-04-23,3125,277.3,In-Store
Q2-02777,2023-06-18,2536,311.57,In-Store
Q2-02778,2023-05-15,260,399.22,Phone
Q2-02779,2023-06-09,2650,198.45,Phone
Q2-02780,2023-06-04,2104,460.34,Phone
Q2-02781,2023-05-25,2827,175.49,Phone
Q2-02782,2023-05-08,2976,186.5,Online
Q2-02783,2023-05-30,1945,293.27,Online
Q2-02784,2023-04-21,22,100.66,Online
Q2-02785,2023-05-11,2580,359.83,Online
Q2-02786,2023-05-06,1069,409.66,Phone
Q2-02787,2023-04-17,3920,293.53,Online
Q2-02788,2023-05-23,4450,285.05,Online
Q2-02789,2023-06-03,3552,200.56,In-Store
Q2-02790,2023-06-27,4132,14.63,Online
Q2-02791,2023-05-10,1903,183.78,Online
Q2-02792,2023-05-04,3042,7.45,Phone
Q2-02793,2023-05-06,1056,204.74,In-Store
Q2-02794,2023-06-21,4865,353.84,Phone
Q2-02795,2023-05-03,2967,33.08,Online
Q2-02796,2023-04-09,4854,350.15,Online
Q2-02797,2023-06-16,4062,88.26,Phone
Q2-02798,2023-04-23,3718,360.08,Online
Q2-02799,2023-06-14,921,355.21,Online
Q2-02800,2023-05-28,3980,63.4,Phone
Q2-02801,2023-04-15,1571,182.8,Online
Q2-02802,2023-05-20,1735,46.77,Phone
Q2-02803,2023-06-10,3763,30.11,In-Store
Q2-02804,2023-06-07,4556,155.3,Online
Q2-02805,2023-04-20,2064,59.97,Online
Q2-02806,2023-06-24,2277,211.9,Phone
Q2-02807,2023-06-19,685,414.39,In-Store
Q2-02808,2023-04-04,2060,177.23,Phone
Q2-02809,2023-05-15,4022,190.59,In-Store
Q2-02810,2023-04-14,4450,123.57,In-Store
Q2-02811,2023-06-28,964,64.5,Online
Q2-02812,2023-06-16,2697,471.02,Online
Q2-02813,2023-04-17,670,448.27,Online
Q2-02814,2023-05-21,3619,131.67,In-Store
Q2-02815,2023-05-12,1730,384.68,Phone
Q2-02816,2023-06-22,1918,110.93,In-Store
Q2-02817,2023-05-28,207,354.99,In-Store
Q2-02818,2023-05-26,1658,352.73,Phone
Q2-02819,2023-04-14,1102,497.32,Online
Q2-02820,2023-04-01,1242,209.42,Phone
Q2-02821,2023-06-11,1752,84.38,Online
Q2-02822,2023-06-16,855,238.52,In-Store
Q2-02823,2023-04-29,2834,356.09,Online
Q2-02824,2023-06-22,695,371.36,Online
Q2-02825,2023-06-24,880,244.53,In-Store
Q2-02826,2023-06-26,657,350.96,Phone
Q2-02827,2023-04-22,1546,16.93,In-Store
Q2-02828,2023-06-28,4788,42.44,Online
Q2-02829,2023-04-06,761,99.29,Online
Q2-02830,2023-06-18,304,37.83,Phone
Q2-02831,2023-06-04,535,477.84,Phone
Q2-02832,2023-04-26,394,115.56,Online
Q2-02833,2023-06-02,1658,447.31,Phone
Q2-02834,2023-05-19,1558,276.76,Phone
Q2-02835,2023-06-15,670,448.45,Online
Q2-02836,2023-05-05,4201,140.39,Online
Q2-02837,2023-06-29,2719,132.61,Phone
Q2-02838,2023-04-13,476,276.09,Phone
Q2-02839,2023-06-29,4955,425.46,Phone
Q2-02840,2023-04-24,2872,52.94,Phone
Q2-02841,2023-05-20,4597,423.0,Online
Q2-02842,2023-06-30,1783,459.53,Online
Q2-02843,2023-05-22,4549,365.43,Online
Q2-02844,2023-05-02,951,411.53,Phone
Q2-02845,2023-05-27,239,440.62,Online
Q2-02846,2023-05-10,3856,342.4,In-Store
Q2-02847,2023-04-12,1028,73.31,Online
Q2-02848,2023-05-23,3659,300.18,Phone
Q2-02849,2023-05-07,2705,8.3,Online
Q2-02850,2023-06-01,1099,422.14,In-Store
Q2-02851,2023-04-15,355,180.08,Online
Q2-02852,2023-05-15,4256,445.24,Phone
Q2-02853,2023-04-02,4571,292.01,Online
Q2-02854,2023-04-21,490,332.34,Online
Q2-02855,2023-06-05,4485,96.99,Online
Q2-02856,2023-06-25,4301,91.53,Phone
Q2-02857,2023-06-16,2680,446.87,Online
Q2-02858,2023-04-16,1858,338.97,Online
Q2-02859,2023-06-19,1190,447.89,In-Store
Q2-02860,2023-05-31,1665,234.48,Phone
Q2-02861,2023-05-23,3389,108.45,Phone
Q2-02862,2023-05-22,3715,108.5,Phone
Q2-02863,2023-05-19,617,399.11,Online
Q2-02864,2023-04-23,3790,148.71,Phone
Q2-02865,2023-06-01,3452,174.94,Online
Q2-02866,2023-06-03,2667,164.14,In-Store
Q2-02867,2023-04-21,2920,114.07,In-Store
Q2-02868,2023-06-11,3157,321.57,Phone
Q2-02869,2023-06-12,4437,480.58,Phone
Q2-02870,2023-04-13,4699,481.97,In-Store
Q2-02871,2023-05-02,620,419.65,Online
Q2-02872,2023-05-11,1300,325.38,In-Store
Q2-02873,2023-04-11,3811,54.49,Online
Q2-02874,2023-06-01,4286,341.66,Phone
Q2-02875,2023-04-28,2870,77.59,In-Store
Q2-02876,2023-06-27,3462,257.86,Online
Q2-02877,2023-05-18,4108,313.7,Phone
Q2-02878,2023-06-14,4696,195.55,Online
Q2-02879,2023-06-26,4354,181.79,Online
Q2-02880,2023-05-01,2626,353.0,Online
Q2-02881,2023-06-13,767,466.93,In-Store
Q2-02882,2023-06-02,2390,54.59,In-Store
Q2-02883,2023-05-01,1289,145.41,Online
Q2-02884,2023-05-22,1088,259.16,Online
Q2-02885,2023-04-01,3402,210.44,In-Store
Q2-02886,2023-05-21,3611,459.75,Phone
Q2-02887,2023-05-05,746,335.9,Phone
Q2-02888,2023-06-17,3549,81.23,In-Store
Q2-02889,2023-06-23,4658,401.21,Phone
Q2-02890,2023-04-23,1287,13.21,In-Store
Q2-02891,2023-06-06,2941,132.32,Phone
Q2-02892,2023-06-21,4351,468.98,Online
Q2-02893,2023-06-20,237,308.14,In-Store
Q2-02894,2023-05-10,2663,304.97,In-Store
Q2-02895,2023-06-14,2622,142.67,Online
Q2-02896,2023-05-25,3848,318.18,Phone
Q2-02897,2023-05-12,1888,394.32,Online
Q2-02898,2023-04-29,1609,164.99,Online
Q2-02899,2023-04-25,2315,183.75,Phone
Q2-02900,2023-06-03,3140,34.97,Online
Q2-02901,2023-05-13,801,137.18,In-Store
Q2-02902,2023-04-20,317,467.83,Online
Q2-02903,2023-06-17,683,171.34,Online
Q2-02904,2023-05-01,1553,489.58,In-Store
Q2-02905,2023-06-07,3505,50.14,In-Store
Q2-02906,2023-05-06,1619,316.19,Online
Q2-02907,2023-05-22,559,369.64,Phone
Q2-02908,2023-06-18,1987,414.74,In-Store
Q2-02909,2023-05-28,705,213.94,Phone
Q2-02910,2023-06-19,691,199.99,In-Store
Q2-02911,2023-04-24,2356,51.41,Phone
Q2-02912,2023-05-29,290,97.26,Phone
Q2-02913,2023-06-26,242,122.72,In-Store
Q2-02914,2023-05-04,140,145.18,Phone
Q2-02915,2023-06-10,3457,370.69,Phone
Q2-02916,2023-04-12,3211,127.91,In-Store
Q2-02917,2023-04-30,1965,308.87,Online
Q2-02918,2023-05-01,1969,363.5,Online
Q2-02919,2023-05-14,3855,183.06,Online
Q2-02920,2023-05-15,4946,11.87,Phone
Q2-02921,2023-06-06,3280,178.12,In-Store
Q2-02922,2023-05-18,485,486.99,Phone
Q2-02923,2023-05-23,3364,373.2,Phone
Q2-02924,2023-05-10,1947,270.9,Phone
Q2-02925,2023-05-24,1447,138.31,Phone
Q2-02926,2023-05-08,871,394.32,Online
Q2-02927,2023-05-20,3503,452.78,Phone
Q2-02928,2023-06-25,1935,272.4,Online
Q2-02929,2023-06-03,1973,372.4,In-Store
Q2-02930,2023-06-29,3224,412.8,Online
Q2-02931,2023-06-18,3878,268.13,In-Store
Q2-02932,2023-05-09,287,309.53,Online
Q2-02933,2023-04-20,2547,447.7,Phone
Q2-02934,2023-05-17,2392,150.12,In-Store
Q2-02935,2023-06-17,2675,192.22,In-Store
Q2-02936,2023-05-25,909,350.61,Online
Q2-02937,2023-06-24,4146,120.4,In-Store
Q2-02938,2023-04-05,1790,403.04,Phone
Q2-02939,2023-05-12,2352,349.92,In-Store
Q2-02940,2023-04-20,3194,403.56,Phone
Q2-02941,2023-05-31,4584,408.93,Phone
Q2-02942,2023-06-28,1947,115.74,In-Store
Q2-02943,2023-06-01,1501,205.78,In-Store
Q2-02944,2023-06-26,4274,253.1,In-Store
Q2-02945,2023-04-25,1199,264.42,Phone
Q2-02946,2023-04-22,4853,116.25,Phone
Q2-02947,2023-05-12,2659,130.42,In-Store
Q2-02948,2023-04-20,887,327.46,Online
Q2-02949,2023-06-12,4227,344.12,Phone
Q2-02950,2023-06-29,151,289.46,In-Store
Q2-02951,2023-04-24,526,438.73,Phone
Q2-02952,2023-04-21,1521,495.44,In-Store
Q2-02953,2023-06-22,3499,173.34,Phone
Q2-02954,2023-04-25,1673,303.07,Phone
Q2-02955,2023-06-05,1898,60.06,Phone
Q2-02956,2023-05-19,4951,176.85,Phone
Q2-02957,2023-05-08,3153,71.51,Phone
Q2-02958,2023-04-08,3426,353.05,Online
Q2-02959,2023-06-14,2204,133.57,Online
Q2-02960,2023-06-19,4278,145.16,In-Store
Q2-02961,2023-05-13,2308,11.56,In-Store
Q2-02962,2023-06-21,382,198.02,Phone
Q2-02963,2023-04-19,1200,52.34,In-Store
Q2-02964,2023-04-02,1335,133.69,In-Store
Q2-02965,2023-05-06,4385,29.17,In-Store
Q2-02966,2023-05-14,2292,489.35,In-Store
Q2-02967,2023-06-03,1029,166.33,Phone
Q2-02968,2023-04-09,875,133.45,In-Store
Q2-02969,2023-04-02,4984,13.32,Phone
Q2-02970,2023-04-10,3375,38.49,Online
Q2-02971,2023-04-08,2901,413.0,In-Store
Q2-02972,2023-05-10,1557,345.76,Online
Q2-02973,2023-06-15,3440,126.97,Online
Q2-02974,2023-05-03,444,360.97,In-Store
Q2-02975,2023-04-13,625,224.24,Phone
Q2-02976,2023-04-09,4829,231.92,Phone
Q2-02977,2023-04-30,4082,314.73,Online
Q2-02978,2023-05-06,4538,7.66,In-Store
Q2-02979,2023-04-26,173,200.6,Phone
Q2-02980,2023-06-19,4062,112.02,Online
Q2-02981,2023-06-29,3872,430.08,In-Store
Q2-02982,2023-04-24,1621,88.18,Online
Q2-02983,2023-04-13,1840,63.95,Phone
Q2-02984,2023-05-23,4931,367.52,Phone
Q2-02985,2023-05-15,3214,305.61,Phone
Q2-02986,2023-06-17,1030,63.22,Phone
Q2-02987,2023-04-17,2136,321.78,Phone
Q2-02988,2023-06-20,2593,346.21,In-Store
Q2-02989,2023-05-03,2739,76.24,In-Store
Q2-02990,2023-04-24,2193,292.57,Online
Q2-02991,2023-05-04,2270,335.15,Phone
Q2-02992,2023-05-24,1024,72.75,Online
Q2-02993,2023-05-09,2467,477.32,Online
Q2-02994,2023-05-19,1460,317.75,Phone
Q2-02995,2023-04-05,2932,305.44,Phone
Q2-02996,2023-05-28,4928,132.53,Online
Q2-02997,2023-04-30,479,403.52,Phone
Q2-02998,2023-05-25,1911,438.89,In-Store
Q2-02999,2023-04-27,3228,33.78,Online
Q2-03000,2023-06-30,4887,24.78,In-Store
Q2-03001,2023-06-30,1900,297.26,Phone
Q2-03002,2023-06-22,748,49.93,Online
Q2-03003,2023-06-05,746,218.44,Phone
Q2-03004,2023-06-30,1373,271.4,Online
Q2-03005,2023-04-28,2466,104.62,Online
Q2-03006,2023-06-17,1802,90.68,Phone
Q2-03007,2023-06-25,828,374.22,Phone
Q2-03008,2023-06-03,2105,257.89,In-Store
Q2-03009,2023-05-03,4311,329.16,Phone
Q2-03010,2023-05-08,1874,223.7,Phone
Q2-03011,2023-04-06,226,115.5,Phone
Q2-03012,2023-06-23,2456,45.22,Phone
Q2-03013,2023-05-08,283,163.33,Online
Q2-03014,2023-05-23,86,373.85,In-Store
Q2-03015,2023-06-08,1280,207.35,Phone
Q2-03016,2023-06-05,2701,42.91,In-Store
Q2-03017,2023-05-04,4370,331.99,In-Store
Q2-03018,2023-06-09,1281,83.92,Online
Q2-03019,2023-04-20,2104,153.9,Online
Q2-03020,2023-05-06,2868,344.53,Phone
Q2-03021,2023-05-24,4679,316.18,In-Store
Q2-03022,2023-06-25,2152,140.75,Phone
Q2-03023,2023-06-30,4794,109.3,In-Store
Q2-03024,2023-06-19,2439,177.77,In-Store
Q2-03025,2023-06-13,422,494.7,Online
Q2-03026,2023-04-22,4405,113.58,In-Store
Q2-03027,2023-06-18,1060,449.1,In-Store
Q2-03028,2023-06-23,2758,320.86,Online
Q2-03029,2023-05-07,4396,357.26,In-Store
Q2-03030,2023-04-02,4235,378.57,In-Store
Q2-03031,2023-06-04,3091,351.21,Phone
Q2-03032,2023-04-24,1278,424.05,Online
Q2-03033,2023-05-26,3049,207.87,Online
Q2-03034,2023-04-22,4847,59.84,Phone
Q2-03035,2023-06-20,4643,220.2,In-Store
Q2-03036,2023-05-12,4814,202.17,In-Store
Q2-03037,2023-04-25,4969,417.43,In-Store
Q2-03038,2023-04-16,2852,455.48,Online
Q2-03039,2023-04-13,2776,163.13,Online
Q2-03040,2023-05-15,4375,253.2,Online
Q2-03041,2023-05-31,3504,218.5,Online
Q2-03042,2023-06-25,4040,349.0,Online
Q2-03043,2023-06-27,4421,196.36,In-Store
Q2-03044,2023-05-01,4718,98.59,In-Store
Q2-03045,2023-04-26,1077,222.94,Online
Q2-03046,2023-04-09,793,383.32,In-Store
Q2-03047,2023-04-02,4297,406.62,Online
Q2-03048,2023-05-13,2365,167.81,In-Store
Q2-03049,2023-05-04,2851,212.55,Online
Q2-03050,2023-04-12,4824,460.58,Online
Q2-03051,2023-04-19,2961,245.3,Phone
Q2-03052,2023-06-30,722,295.4,In-Store
Q2-03053,2023-04-16,3346,498.31,Phone
Q2-03054,2023-05-21,2743,492.93,Phone
Q2-03055,2023-04-03,1735,231.57,Online
Q2-03056,2023-05-21,2804,457.56,In-Store
Q2-03057,2023-05-22,3503,495.42,Online
Q2-03058,2023-04-03,3065,394.76,In-Store
Q2-03059,2023-05-17,935,17.15,In-Store
Q2-03060,2023-06-11,3258,233.35,Online
Q2-03061,2023-05-14,2784,57.86,Online
Q2-03062,2023-05-13,2582,484.62,Online
Q2-03063,2023-04-11,3207,54.37,In-Store
Q2-03064,2023-05-04,2842,265.48,Phone
Q2-03065,2023-04-13,3523,309.31,Online
Q2-03066,2023-05-07,3095,395.19,Online
Q2-03067,2023-04-09,996,76.77,Online
Q2-03068,2023-05-15,529,448.27,Online
Q2-03069,2023-05-03,686,281.02,Online
Q2-03070,2023-06-22,974,215.07,Online
Q2-03071,2023-05-01,346,393.37,In-Store
Q2-03072,2023-06-20,303,290.83,In-Store
Q2-03073,2023-05-07,1386,18.89,Online
Q2-03074,2023-06-03,507,452.36,In-Store
Q2-03075,2023-04-08,2446,201.15,Online
Q2-03076,2023-04-17,2715,153.23,In-Store
Q2-03077,2023-06-13,3701,481.76,Phone
Q2-03078,2023-04-25,2173,271.33,Online
Q2-03079,2023-04-23,655,311.55,In-Store
Q2-03080,2023-06-12,4771,443.19,Phone
Q2-03081,2023-06-12,2516,139.62,Phone
Q2-03082,2023-04-07,3475,198.05,Online
Q2-03083,2023-05-22,604,355.91,Phone
Q2-03084,2023-04-03,620,477.08,Online
Q2-03085,2023-04-10,2854,494.52,Phone
Q2-03086,2023-05-03,2276,487.56,In-Store
Q2-03087,2023-06-21,923,296.74,Phone
Q2-03088,2023-04-27,93,239.89,Online
Q2-03089,2023-06-12,847,458.81,Phone
Q2-03090,2023-04-06,745,449.95,Phone
Q2-03091,2023-06-17,1845,39.79,In-Store
Q2-03092,2023-04-09,3124,65.81,In-Store
Q2-03093,2023-06-24,1297,158.48,Online
Q2-03094,2023-04-02,1636,189.01,In-Store
Q2-03095,2023-04-06,1700,427.88,In-Store
Q2-03096,2023-05-13,122,184.59,Phone
Q2-03097,2023-04-03,2927,262.59,In-Store
Q2-03098,2023-04-12,327,268.9,In-Store
Q2-03099,2023-05-19,3729,52.93,Online
Q2-03100,2023-05-18,2590,266.99,Online
Q2-03101,2023-06-15,4237,80.81,In-Store
Q2-03102,2023-04-11,2900,205.08,Online
Q2-03103,2023-06-03,2030,51.88,Online
Q2-03104,2023-04-27,3825,301.93,In-Store
Q2-03105,2023-05-05,1634,169.37,Phone
Q2-03106,2023-04-02,1905,477.03,Online
Q2-03107,2023-06-18,2974,332.7,Online
Q2-03108,2023-04-08,2061,357.45,In-Store
Q2-03109,2023-05-16,3094,434.92,In-Store
Q2-03110,2023-04-12,4777,258.98,In-Store
Q2-03111,2023-05-31,1727,493.25,Online
Q2-03112,2023-06-14,4023,493.29,In-Store
Q2-03113,2023-06-17,1305,292.04,In-Store
Q2-03114,2023-06-03,272,489.8,Online
Q2-03115,2023-05-05,2598,326.36,Online
Q2-03116,2023-04-21,4065,208.22,In-Store
Q2-03117,2023-05-10,914,293.45,In-Store
Q2-03118,2023-06-08,4934,454.16,Online
Q2-03119,2023-04-21,2654,319.87,In-Store
Q2-03120,2023-04-05,1507,221.63,In-Store
Q2-03121,2023-04-05,4571,48.46,In-Store
Q2-03122,2023-06-02,2782,158.01,Phone
Q2-03123,2023-04-15,2187,73.27,In-Store
Q2-03124,2023-06-03,150,329.83,In-Store
Q2-03125,2023-06-18,4511,371.48,Phone
Q2-03126,2023-04-23,1637,184.83,Online
Q2-03127,2023-05-27,3012,498.39,In-Store
Q2-03128,2023-04-21,761,83.69,Phone
Q2-03129,2023-06-20,1831,105.92,Online
Q2-03130,2023-06-25,968,102.51,Phone
Q2-03131,2023-05-02,3212,402.36,In-Store
Q2-03132,2023-05-05,1483,212.32,In-Store
Q2-03133,2023-06-28,3252,270.28,Phone
Q2-03134,2023-06-25,1074,236.35,In-Store
Q2-03135,2023-06-24,1249,143.77,Online
Q2-03136,2023-04-19,741,357.58,In-Store
Q2-03137,2023-05-17,2245,336.89,Online
Q2-03138,2023-06-12,2673,388.71,Phone
Q2-03139,2023-05-05,3572,42.86,Phone
Q2-03140,2023-06-20,4492,190.84,Phone
Q2-03141,2023-06-24,323,51.91,Phone
Q2-03142,2023-04-14,2551,233.17,Phone
Q2-03143,2023-06-23,1409,69.26,Phone
Q2-03144,2023-05-20,2041,458.01,Phone
Q2-03145,2023-06-10,1348,39.36,In-Store
Q2-03146,2023-05-07,3784,463.44,Online
Q2-03147,2023-04-20,2416,235.58,In-Store
Q2-03148,2023-06-06,3209,433.56,In-Store
Q2-03149,2023-05-13,3696,19.67,Phone
Q2-03150,2023-06-14,2542,53.65,Online
Q2-03151,2023-06-15,4392,346.35,Online
Q2-03152,2023-04-03,3157,374.7,Phone
Q2-03153,2023-04-12,4234,5.48,In-Store
Q2-03154,2023-04-17,4864,183.5,In-Store
Q2-03155,2023-04-03,1171,353.46,Online
Q2-03156,2023-06-14,779,38.6,Online
Q2-03157,2023-05-14,4616,487.71,In-Store
Q2-03158,2023-04-06,4208,94.52,In-Store
Q2-03159,2023-06-16,868,410.73,In-Store
Q2-03160,2023-05-16,2782,370.07,In-Store
Q2-03161,2023-06-12,2506,197.55,Phone
Q2-03162,2023-06-15,4366,461.14,Phone
Q2-03163,2023-04-17,1661,126.05,Online
Q2-03164,2023-04-20,3748,63.28,Online
Q2-03165,2023-06-14,825,413.55,In-Store
Q2-03166,2023-05-16,2304,286.44,In-Store
Q2-03167,2023-05-02,4402,345.13,In-Store
Q2-03168,2023-06-21,3218,468.37,Phone
Q2-03169,2023-06-17,4740,100.57,In-Store
Q2-03170,2023-05-11,4480,338.51,Phone
Q2-03171,2023-05-23,3202,92.93,Online
Q2-03172,2023-04-18,516,305.4,In-Store
Q2-03173,2023-06-15,4980,386.89,In-Store
Q2-03174,2023-05-12,309,234.86,Phone
Q2-03175,2023-04-15,2305,484.62,Online
Q2-03176,2023-05-27,3019,480.27,Online
Q2-03177,2023-04-09,612,30.69,Phone
Q2-03178,2023-04-01,498,349.53,Phone
Q2-03179,2023-04-10,3353,111.8,Phone
Q2-03180,2023-04-09,1505,417.53,Phone
Q2-03181,2023-06-09,4374,470.08,Phone
Q2-03182,2023-05-11,2727,225.02,Online
Q2-03183,2023-05-01,1892,7.75,In-Store
Q2-03184,2023-05-17,3440,342.67,In-Store
Q2-03185,2023-05-06,4474,487.69,Online
Q2-03186,2023-06-19,2737,208.59,In-Store
Q2-03187,2023-06-07,2229,27.08,In-Store
Q2-03188,2023-05-07,156,374.48,Online
Q2-03189,2023-05-27,385,319.28,In-Store
Q2-03190,2023-04-26,201,360.65,In-Store
Q2-03191,2023-05-04,3882,335.27,Online
Q2-03192,2023-06-08,4097,492.59,Online
Q2-03193,2023-04-27,2840,425.51,Phone
Q2-03194,2023-05-05,2126,419.02,Phone
Q2-03195,2023-04-03,1608,319.75,Phone
Q2-03196,2023-04-13,1530,89.27,Phone
Q2-03197,2023-04-28,979,163.16,Phone
Q2-03198,2023-06-22,2765,469.1,Online
Q2-03199,2023-04-18,4801,200.83,Online
Q2-03200,2023-05-02,4126,275.31,Phone
Q2-03201,2023-05-25,2892,418.53,Online
Q2-03202,2023-06-13,4471,85.53,Online
Q2-03203,2023-04-07,1938,209.95,In-Store
Q2-03204,2023-05-04,260,272.84,Phone
Q2-03205,2023-05-18,4923,31.8,Phone
Q2-03206,2023-06-05,4239,314.3,In-Store
Q2-03207,2023-05-01,201,248.57,Online
Q2-03208,2023-06-13,143,441.93,Online
Q2-03209,2023-06-07,1313,164.12,Phone
Q2-03210,2023-04-10,4538,380.38,Phone
Q2-03211,2023-04-05,3026,238.8,Phone
Q2-03212,2023-06-11,3825,232.83,Phone
Q2-03213,2023-06-03,4286,446.7,In-Store
Q2-03214,2023-04-30,4302,413.41,In-Store
Q2-03215,2023-05-21,3646,351.57,Online
Q2-03216,2023-06-05,2741,300.2,Online
Q2-03217,2023-05-04,3208,262.29,In-Store
Q2-03218,2023-06-28,2487,378.65,In-Store
Q2-03219,2023-04-12,2534,334.81,Phone
Q2-03220,2023-04-16,698,339.9,Phone
Q2-03221,2023-04-27,4947,391.13,Phone
Q2-03222,2023-04-08,1042,127.31,Online
Q2-03223,2023-06-04,1723,490.51,In-Store
Q2-03224,2023-06-13,4151,164.85,Online
Q2-03225,2023-05-14,4905,402.67,In-Store
Q2-03226,2023-06-16,55,158.92,Online
Q2-03227,2023-04-19,2122,161.67,In-Store
Q2-03228,2023-04-08,3235,230.7,In-Store
Q2-03229,2023-05-16,722,343.94,Online
Q2-03230,2023-05-30,3813,194.63,Online
Q2-03231,2023-04-09,3262,33.87,Online
Q2-03232,2023-06-26,122,377.76,In-Store
Q2-03233,2023-05-22,3049,125.59,Phone
Q2-03234,2023-06-04,3992,498.59,In-Store
Q2-03235,2023-06-27,3746,333.89,Phone
Q2-03236,2023-05-11,302,356.25,Online
Q2-03237,2023-06-24,4939,295.5,Online
Q2-03238,2023-04-27,2710,421.85,Phone
Q2-03239,2023-06-12,504,388.3,Phone
Q2-03240,2023-04-25,1762,232.39,Online
Q2-03241,2023-04-06,1685,275.66,Phone
Q2-03242,2023-06-30,4031,333.24,Phone
Q2-03243,2023-06-18,1053,309.92,In-Store
Q2-03244,2023-05-02,2973,495.29,Phone
Q2-03245,2023-05-09,1821,499.07,Phone
Q2-03246,2023-05-19,4960,146.96,In-Store
Q2-03247,2023-06-14,1821,386.5,Phone
Q2-03248,2023-04-30,4077,36.93,Phone
Q2-03249,2023-05-10,1604,321.35,Online
Q2-03250,2023-04-13,2032,162.51,Online
Q2-03251,2023-04-03,1819,56.4,In-Store
Q2-03252,2023-04-13,110,387.7,Online
Q2-03253,2023-05-30,3429,19.03,Phone
Q2-03254,2023-06-16,3888,110.82,In-Store
Q2-03255,2023-05-26,299,394.56,In-Store
Q2-03256,2023-04-20,3991,138.32,Phone
Q2-03257,2023-05-14,2841,352.09,Phone
Q2-03258,2023-05-03,1871,254.49,Phone
Q2-03259,2023-05-12,3222,126.13,Online
Q2-03260,2023-04-29,4473,235.81,Online
Q2-03261,2023-04-19,2434,118.97,Phone
Q2-03262,2023-06-17,3100,228.25,In-Store
Q2-03263,2023-06-12,1301,337.98,Online
Q2-03264,2023-05-31,596,333.07,Phone
Q2-03265,2023-05-08,1545,106.88,Phone
Q2-03266,2023-06-04,1738,106.81,Phone
Q2-03267,2023-06-04,2726,400.68,Phone
Q2-03268,2023-05-20,820,419.81,In-Store
Q2-03269,2023-05-14,1995,398.36,Phone
Q2-03270,2023-06-19,4571,189.25,Phone
Q2-03271,2023-06-02,3976,24.07,Phone
Q2-03272,2023-04-06,3052,429.52,In-Store
Q2-03273,2023-05-21,2076,163.63,Phone
Q2-03274,2023-04-10,605,203.96,In-Store
Q2-03275,2023-04-28,1373,56.39,Online
Q2-03276,2023-06-30,3264,183.51,In-Store
Q2-03277,2023-04-25,2608,79.59,Phone
Q2-03278,2023-04-15,33,453.03,Phone
Q2-03279,2023-06-06,112,166.52,Phone
Q2-03280,2023-05-28,4076,341.38,Phone
Q2-03281,2023-04-05,897,242.23,Online
Q2-03282,2023-04-29,801,19.5,In-Store
Q2-03283,2023-05-29,3238,325.22,Phone
Q2-03284,2023-05-23,412,421.86,In-Store
Q2-03285,2023-04-16,4124,214.48,Online
Q2-03286,2023-06-25,4130,362.21,Phone
Q2-03287,2023-06-09,4147,399.18,Phone
Q2-03288,2023-05-04,3256,183.43,In-Store
Q2-03289,2023-05-16,902,161.85,Phone
Q2-03290,2023-05-19,4263,81.71,In-Store
Q2-03291,2023-04-19,4497,332.28,Online
Q2-03292,2023-04-08,1882,95.86,In-Store
Q2-03293,2023-05-07,4519,426.66,Online
Q2-03294,2023-06-03,3167,186.43,Phone
Q2-03295,2023-06-12,2931,215.34,Phone
Q2-03296,2023-06-23,2324,153.11,Online
Q2-03297,2023-06-18,4283,158.14,In-Store
Q2-03298,2023-06-15,1473,358.57,In-Store
Q2-03299,2023-04-19,3528,245.01,In-Store
Q2-03300,2023-04-22,1142,445.97,In-Store
Q2-03301,2023-05-06,2772,485.44,Phone
Q2-03302,2023-06-12,1961,444.67,Online
Q2-03303,2023-04-29,1769,476.19,Online
Q2-03304,2023-06-10,2385,258.14,In-Store
Q2-03305,2023-05-04,1356,385.51,Online
Q2-03306,2023-05-24,4977,59.32,Phone
Q2-03307,2023-04-10,1123,226.31,Online
Q2-03308,2023-04-12,2475,175.61,In-Store
Q2-03309,2023-06-10,2734,252.8,In-Store
Q2-03310,2023-04-26,182,332.91,Phone
Q2-03311,2023-04-19,824,493.81,Phone
Q2-03312,2023-06-07,1146,310.3,Online
Q2-03313,2023-06-29,4468,383.19,In-Store
Q2-03314,2023-06-10,1486,154.76,Phone
Q2-03315,2023-06-06,1766,338.14,Phone
Q2-03316,2023-05-24,1142,125.43,Phone
Q2-03317,2023-06-16,1527,36.37,Phone
Q2-03318,2023-06-20,200,354.62,Online
Q2-03319,2023-04-16,3287,341.59,Phone
Q2-03320,2023-05-27,949,454.8,In-Store
Q2-03321,2023-05-26,1850,154.53,In-Store
Q2-03322,2023-04-23,538,239.39,Phone
Q2-03323,2023-04-11,3609,398.37,In-Store
Q2-03324,2023-06-29,339,32.29,Online
Q2-03325,2023-04-30,2936,361.55,In-Store
Q2-03326,2023-05-10,4644,130.74,Online
Q2-03327,2023-05-05,1218,435.33,Online
Q2-03328,2023-05-31,3070,136.05,In-Store
Q2-03329,2023-05-10,2923,342.79,Online
Q2-03330,2023-05-21,329,102.67,Online
Q2-03331,2023-04-02,3483,77.34,Online
Q2-03332,2023-05-31,3348,193.92,Online
Q2-03333,2023-04-22,2139,7.56,Phone
Q2-03334,2023-06-21,4639,100.89,In-Store
Q2-03335,2023-06-08,1987,242.73,In-Store
Q2-03336,2023-04-29,2446,337.13,Online
Q2-03337,2023-04-11,1093,248.01,In-Store
Q2-03338,2023-04-11,2843,99.66,Online
Q2-03339,2023-04-30,1626,310.72,Online
Q2-03340,2023-05-17,3772,358.94,In-Store
Q2-03341,2023-05-17,1974,430.78,In-Store
Q2-03342,2023-04-01,332,218.46,Online
Q2-03343,2023-05-18,2692,209.31,Phone
Q2-03344,2023-05-06,1193,31.8,Online
Q2-03345,2023-06-22,3477,253.73,Online
Q2-03346,2023-06-09,1318,195.7,In-Store
Q2-03347,2023-06-19,892,375.01,In-Store
Q2-03348,2023-06-23,2479,381.04,Online
Q2-03349,2023-05-07,3920,182.93,In-Store
Q2-03350,2023-04-05,1796,36.2,Online
Q2-03351,2023-06-02,709,453.81,Online
Q2-03352,2023-05-27,3046,476.49,Online
Q2-03353,2023-06-01,3726,296.29,In-Store
Q2-03354,2023-06-28,4084,274.25,In-Store
Q2-03355,2023-06-24,2173,347.02,Phone
Q2-03356,2023-06-30,2673,50.6,Phone
Q2-03357,2023-04-01,39,434.7,Phone
Q2-03358,2023-06-01,1505,308.93,Phone
Q2-03359,2023-06-13,4293,377.12,In-Store
Q2-03360,2023-04-14,2200,157.0,In-Store
Q2-03361,2023-06-11,359,403.45,Phone
Q2-03362,2023-05-23,933,181.05,In-Store
Q2-03363,2023-05-21,4835,113.63,In-Store
Q2-03364,2023-05-15,4536,204.7,Online
Q2-03365,2023-06-12,2959,55.11,In-Store
Q2-03366,2023-05-13,1550,379.14,In-Store
Q2-03367,2023-06-13,4200,148.09,Phone
Q2-03368,2023-06-14,3340,269.29,In-Store
Q2-03369,2023-04-03,3482,29.78,Online
Q2-03370,2023-05-20,2440,101.81,Online
Q2-03371,2023-06-11,957,310.5,Online
Q2-03372,2023-06-24,2963,354.81,Phone
Q2-03373,2023-05-13,2458,91.69,Phone
Q2-03374,2023-06-18,2476,47.45,Phone
Q2-03375,2023-04-29,31,457.1,Online
Q2-03376,2023-06-28,2179,430.38,Online
Q2-03377,2023-05-15,2986,483.47,Phone
Q2-03378,2023-04-07,2543,122.84,In-Store
Q2-03379,2023-06-03,1044,230.85,Online
Q2-03380,2023-06-23,3638,274.8,In-Store
Q2-03381,2023-05-03,2690,146.01,In-Store
Q2-03382,2023-05-17,698,188.97,Online
Q2-03383,2023-04-10,2098,224.13,In-Store
Q2-03384,2023-04-08,3061,17.1,Phone
Q2-03385,2023-05-10,2547,247.7,In-Store
Q2-03386,2023-06-12,1743,243.67,Phone
Q2-03387,2023-04-19,4404,249.07,Online
Q2-03388,2023-05-31,598,32.97,Online
Q2-03389,2023-06-02,202,159.98,Online
Q2-03390,2023-06-11,434,337.08,Phone
Q2-03391,2023-04-26,4894,346.17,In-Store
Q2-03392,2023-06-22,2410,293.69,Phone
Q2-03393,2023-05-23,4490,112.76,Phone
Q2-03394,2023-04-23,2116,194.31,Online
Q2-03395,2023-05-25,117,300.75,Phone
Q2-03396,2023-05-17,4447,285.64,Phone
Q2-03397,2023-04-16,1259,370.76,Online
Q2-03398,2023-04-09,4625,246.06,Phone
Q2-03399,2023-05-24,620,266.89,Phone
Q2-03400,2023-05-10,3239,282.67,Online
Q2-03401,2023-05-14,3884,485.53,In-Store
Q2-03402,2023-05-27,4489,318.12,Phone
Q2-03403,2023-05-16,1524,35.59,Phone
Q2-03404,2023-05-22,3677,54.07,Phone
Q2-03405,2023-06-18,2846,150.4,Online
Q2-03406,2023-04-02,3348,283.53,Phone
Q2-03407,2023-06-19,4369,195.69,Online
Q2-03408,2023-05-29,4835,410.19,In-Store
Q2-03409,2023-06-03,198,483.35,Phone
Q2-03410,2023-04-03,3016,105.03,Phone
Q2-03411,2023-04-27,1672,494.6,Online
Q2-03412,2023-06-04,487,313.28,In-Store
Q2-03413,2023-06-15,2030,260.97,In-Store
Q2-03414,2023-06-12,3581,308.14,Phone
Q2-03415,2023-06-21,472,460.47,In-Store
Q2-03416,2023-05-20,4655,480.4,Phone
Q2-03417,2023-06-28,1348,174.26,Phone
Q2-03418,2023-05-24,4415,342.79,Online
Q2-03419,2023-06-09,1740,22.27,In-Store
Q2-03420,2023-05-13,1984,436.89,Online
Q2-03421,2023-05-02,1290,201.02,Phone
Q2-03422,2023-06-29,2175,186.74,Phone
Q2-03423,2023-04-08,2238,321.37,In-Store
Q2-03424,2023-05-15,532,123.22,Phone
Q2-03425,2023-05-09,1963,290.99,In-Store
Q2-03426,2023-06-12,1318,104.54,In-Store
Q2-03427,2023-06-05,1502,389.06,Phone
Q2-03428,2023-06-08,2666,188.9,In-Store
Q2-03429,2023-04-18,898,43.91,In-Store
Q2-03430,2023-06-09,3710,39.72,Online
Q2-03431,2023-05-18,3658,478.85,In-Store
Q2-03432,2023-05-13,1622,363.31,Online
Q2-03433,2023-06-13,484,494.75,Online
Q2-03434,2023-05-26,1864,193.25,Phone
Q2-03435,2023-06-04,4491,385.26,Online
Q2-03436,2023-04-22,2440,344.27,Phone
Q2-03437,2023-04-29,183,434.03,Online
Q2-03438,2023-06-03,4858,305.15,In-Store
Q2-03439,2023-05-08,4279,82.83,Online
Q2-03440,2023-06-11,1985,115.48,Phone
Q2-03441,2023-04-10,4871,475.61,Phone
Q2-03442,2023-04-28,2314,353.56,Phone
Q2-03443,2023-04-29,2543,195.25,Online
Q2-03444,2023-04-13,880,271.26,In-Store
Q2-03445,2023-06-29,3924,162.2,In-Store
Q2-03446,2023-04-30,2880,88.82,Phone
Q2-03447,2023-05-18,4910,399.45,Phone
Q2-03448,2023-04-27,3621,142.5,Phone
Q2-03449,2023-06-17,3679,260.99,Phone
Q2-03450,2023-06-07,1469,335.81,Online
Q2-03451,2023-05-04,3038,203.33,Phone
Q2-03452,2023-06-13,3258,87.69,Online
Q2-03453,2023-06-17,2224,72.68,Online
Q2-03454,2023-04-12,365,152.08,Phone
Q2-03455,2023-04-10,2095,18.46,Phone
Q2-03456,2023-04-20,2462,253.06,Phone
Q2-03457,2023-05-04,2405,180.51,Phone
Q2-03458,2023-05-11,4012,183.7,Online
Q2-03459,2023-05-04,1737,410.25,Online
Q2-03460,2023-04-24,4785,126.9,In-Store
Q2-03461,2023-05-24,2658,183.15,In-Store
Q2-03462,2023-05-21,2649,370.59,Online
Q2-03463,2023-06-30,2417,81.48,Online
Q2-03464,2023-06-14,3279,150.74,Online
Q2-03465,2023-04-30,3241,455.57,Phone
Q2-03466,2023-04-02,3737,254.77,Phone
Q2-03467,2023-04-03,3737,380.67,Phone
Q2-03468,2023-05-28,3201,210.89,Phone
Q2-03469,2023-06-26,127,478.59,Phone
Q2-03470,2023-05-01,4111,442.93,Phone
Q2-03471,2023-06-28,2759,454.49,Phone
Q2-03472,2023-05-11,1635,280.97,Online
Q2-03473,2023-05-04,4458,262.14,Phone
Q2-03474,2023-04-11,3070,16.58,In-Store
Q2-03475,2023-06-07,3793,487.97,Online
Q2-03476,2023-04-26,3286,5.49,Phone
Q2-03477,2023-05-06,1273,430.35,In-Store
Q2-03478,2023-04-18,2072,177.43,In-Store
Q2-03479,2023-06-03,1462,178.81,In-Store
Q2-03480,2023-06-01,2202,45.51,Online
Q2-03481,2023-04-14,1828,491.09,In-Store
Q2-03482,2023-05-07,1349,487.94,Phone
Q2-03483,2023-05-14,3599,250.26,In-Store
Q2-03484,2023-06-04,1902,290.01,Online
Q2-03485,2023-05-07,761,320.52,Phone
Q2-03486,2023-06-19,2699,199.12,Phone
Q2-03487,2023-05-27,1955,485.12,In-Store
Q2-03488,2023-05-08,41,211.2,Phone
Q2-03489,2023-05-09,2834,38.69,In-Store
Q2-03490,2023-06-19,983,299.02,Phone
Q2-03491,2023-04-23,3063,130.52,Phone
Q2-03492,2023-05-08,4577,92.12,Online
Q2-03493,2023-04-04,134,183.44,Online
Q2-03494,2023-06-16,996,265.54,Phone
Q2-03495,2023-04-28,1839,494.69,In-Store
Q2-03496,2023-06-05,1506,285.97,Phone
Q2-03497,2023-05-29,3827,186.58,In-Store
Q2-03498,2023-04-10,1051,48.71,In-Store
Q2-03499,2023-04-11,4511,251.23,In-Store
Q2-03500,2023-04-20,345,310.18,Phone
Q2-03501,2023-05-08,3531,381.8,In-Store
Q2-03502,2023-06-28,953,38.59,Phone
Q2-03503,2023-04-30,2295,137.03,In-Store
Q2-03504,2023-05-01,41,244.93,In-Store
Q2-03505,2023-04-22,1048,418.2,Phone
Q2-03506,2023-05-15,2143,494.28,Online
Q2-03507,2023-04-30,94,233.62,Online
Q2-03508,2023-05-15,4172,437.6,Online
Q2-03509,2023-04-10,3251,104.76,Phone
Q2-03510,2023-04-07,3083,241.44,Online
Q2-03511,2023-04-18,3432,409.76,Phone
Q2-03512,2023-06-12,1388,141.56,Online
Q2-03513,2023-05-22,2041,93.27,Online
Q2-03514,2023-05-31,1669,92.11,In-Store
Q2-03515,2023-05-13,3352,139.11,Online
Q2-03516,2023-05-19,3403,7.75,Phone
Q2-03517,2023-05-13,4192,170.15,Online
Q2-03518,2023-06-24,156,39.68,Phone
Q2-03519,2023-06-01,816,278.67,Phone
Q2-03520,2023-05-07,2468,176.83,In-Store
Q2-03521,2023-06-09,3680,498.14,In-Store
Q2-03522,2023-05-14,4417,40.63,Phone
Q2-03523,2023-05-26,2119,451.03,In-Store
Q2-03524,2023-06-21,251,229.69,Phone
Q2-03525,2023-04-03,1569,211.08,Online
Q2-03526,2023-05-26,1546,47.17,Phone
Q2-03527,2023-05-24,3467,325.73,Online
Q2-03528,2023-04-09,116,435.13,Phone
Q2-03529,2023-06-29,3920,17.32,Online
Q2-03530,2023-05-01,2894,464.66,Online
Q2-03531,2023-05-14,3758,475.65,Online
Q2-03532,2023-05-05,4998,123.17,Phone
Q2-03533,2023-04-06,1905,243.84,Online
Q2-03534,2023-06-07,4994,387.32,Online
Q2-03535,2023-05-08,2825,487.63,In-Store
Q2-03536,2023-04-25,2421,384.12,In-Store
Q2-03537,2023-04-03,2253,158.15,Phone
Q2-03538,2023-04-09,1036,115.21,In-Store
Q2-03539,2023-05-05,4003,365.58,In-Store
Q2-03540,2023-04-11,3732,131.28,In-Store
Q2-03541,2023-05-30,3567,48.97,In-Store
Q2-03542,2023-06-01,3976,122.36,In-Store
Q2-03543,2023-06-28,3294,314.82,Phone
Q2-03544,2023-05-18,4631,127.35,In-Store
Q2-03545,2023-06-21,4528,389.5,Phone
Q2-03546,2023-04-30,2711,204.28,Online
Q2-03547,2023-06-13,2249,333.15,Online
Q2-03548,2023-04-13,1559,317.82,In-Store
Q2-03549,2023-05-21,2375,71.93,Phone
Q2-03550,2023-05-02,1328,452.47,Online
Q2-03551,2023-05-19,3173,286.41,In-Store
Q2-03552,2023-04-05,4465,438.39,Phone
Q2-03553,2023-05-23,690,271.42,Online
Q2-03554,2023-05-22,3394,290.58,Phone
Q2-03555,2023-06-12,3821,182.35,In-Store
Q2-03556,2023-05-31,4467,368.19,In-Store
Q2-03557,2023-06-28,4097,121.55,Phone
Q2-03558,2023-06-04,3656,307.0,Phone
Q2-03559,2023-06-01,1409,319.8,Phone
Q2-03560,2023-04-14,3408,361.37,Phone
Q2-03561,2023-06-12,1464,221.11,In-Store
Q2-03562,2023-06-08,2573,103.44,In-Store
Q2-03563,2023-04-29,4037,284.24,Online
Q2-03564,2023-05-08,4298,435.46,In-Store
Q2-03565,2023-05-14,2239,15.08,Phone
Q2-03566,2023-05-11,889,286.88,Online
Q2-03567,2023-05-25,1643,180.54,Phone
Q2-03568,2023-06-14,1169,326.39,Phone
Q2-03569,2023-04-27,4118,347.47,Phone
Q2-03570,2023-05-18,785,297.5,In-Store
Q2-03571,2023-04-28,2667,30.34,In-Store
Q2-03572,2023-04-29,3377,487.82,In-Store
Q2-03573,2023-06-21,1988,67.65,Phone
Q2-03574,2023-06-30,347,188.22,Phone
Q2-03575,2023-06-08,1618,430.35,In-Store
Q2-03576,2023-05-12,4292,375.06,Phone
Q2-03577,2023-04-14,1075,299.0,In-Store
Q2-03578,2023-04-30,2275,411.43,Phone
Q2-03579,2023-06-08,2281,297.8,In-Store
Q2-03580,2023-06-09,1769,422.86,In-Store
Q2-03581,2023-04-18,291,304.54,In-Store
Q2-03582,2023-04-12,21,415.94,In-Store
Q2-03583,2023-06-07,3304,79.13,Online
Q2-03584,2023-04-08,4850,345.21,Phone
Q2-03585,2023-06-10,1762,409.0,Online
Q2-03586,2023-06-27,1533,63.77,Phone
Q2-03587,2023-06-13,283,160.07,Online
Q2-03588,2023-04-08,2417,278.45,Online
Q2-03589,2023-04-13,11,215.97,Phone
Q2-03590,2023-04-04,546,135.18,Phone
Q2-03591,2023-06-26,3139,446.22,In-Store
Q2-03592,2023-04-24,1371,75.81,In-Store
Q2-03593,2023-06-01,4649,486.12,Online
Q2-03594,2023-04-29,2039,337.5,In-Store
Q2-03595,2023-05-14,4639,204.44,Phone
Q2-03596,2023-05-11,171,483.22,Online
Q2-03597,2023-04-09,3423,84.75,In-Store
Q2-03598,2023-06-06,2229,38.25,Online
Q2-03599,2023-05-25,1490,101.83,In-Store
Q2-03600,2023-04-12,3618,14.82,Phone
Q2-03601,2023-04-02,4234,389.76,Online
Q2-03602,2023-04-02,1161,477.74,Phone
Q2-03603,2023-04-07,4793,28.93,In-Store
Q2-03604,2023-05-14,44,482.82,In-Store
Q2-03605,2023-04-30,1792,439.83,Phone
Q2-03606,2023-05-13,4565,142.55,Phone
Q2-03607,2023-04-26,311,299.7,Phone
Q2-03608,2023-06-24,1836,29.52,Phone
Q2-03609,2023-04-01,2205,157.54,Online
Q2-03610,2023-04-12,4830,339.44,Phone
Q2-03611,2023-04-22,671,18.79,Online
Q2-03612,2023-05-19,1900,232.68,Phone
Q2-03613,2023-06-23,1895,391.29,In-Store
Q2-03614,2023-05-02,3735,265.01,In-Store
Q2-03615,2023-04-20,3410,5.02,Online
Q2-03616,2023-04-09,2435,370.84,Phone
Q2-03617,2023-05-13,2659,246.06,Online
Q2-03618,2023-06-05,3390,11.26,Online
Q2-03619,2023-06-19,248,56.05,In-Store
Q2-03620,2023-05-08,3897,21.46,In-Store
Q2-03621,2023-05-27,3896,423.35,In-Store
Q2-03622,2023-06-13,3,129.06,Online
Q2-03623,2023-06-22,4495,306.17,Online
Q2-03624,2023-05-04,2970,357.2,In-Store
Q2-03625,2023-05-29,4443,496.36,Phone
Q2-03626,2023-06-23,2638,164.11,Phone
Q2-03627,2023-04-22,4941,174.61,Phone
Q2-03628,2023-04-18,611,25.71,Online
Q2-03629,2023-04-02,4092,305.92,Phone
Q2-03630,2023-04-25,2361,274.21,Phone
Q2-03631,2023-06-26,3881,12.13,Online
Q2-03632,2023-04-20,1170,291.97,In-Store
Q2-03633,2023-06-13,4390,359.8,Phone
Q2-03634,2023-05-07,217,381.45,Online
Q2-03635,2023-04-11,3944,314.94,In-Store
Q2-03636,2023-04-10,237,28.77,Phone
Q2-03637,2023-06-18,2397,133.64,Phone
Q2-03638,2023-06-18,4977,263.18,Online
Q2-03639,2023-06-18,2722,486.58,In-Store
Q2-03640,2023-06-28,95,374.63,Phone
Q2-03641,2023-04-23,2931,71.24,Online
Q2-03642,2023-06-23,195,72.3,Phone
Q2-03643,2023-06-02,270,33.4,Online
Q2-03644,2023-04-25,3601,313.15,Phone
Q2-03645,2023-04-18,3978,328.28,Phone
Q2-03646,2023-04-26,3388,263.46,In-Store
Q2-03647,2023-05-23,751,346.91,Online
Q2-03648,2023-05-07,1492,314.65,In-Store
Q2-03649,2023-06-17,4200,225.93,Online
Q2-03650,2023-04-04,2492,71.49,Online
Q2-03651,2023-06-08,559,306.91,In-Store
Q2-03652,2023-05-10,2759,390.71,Phone
Q2-03653,2023-04-09,1661,345.32,In-Store
Q2-03654,2023-05-20,737,196.86,In-Store
Q2-03655,2023-06-14,1494,197.53,Phone
Q2-03656,2023-04-02,4634,58.79,In-Store
Q2-03657,2023-06-26,4609,379.49,Phone
Q2-03658,2023-04-28,3091,491.79,Phone
Q2-03659,2023-06-21,836,39.11,In-Store
Q2-03660,2023-04-07,4668,9.55,In-Store
Q2-03661,2023-06-11,3657,465.81,In-Store
Q2-03662,2023-04-12,4272,226.09,Online
Q2-03663,2023-04-21,4667,53.93,Phone
Q2-03664,2023-06-17,1664,256.44,Online
Q2-03665,2023-04-10,2759,127.64,Online
Q2-03666,2023-05-09,3931,332.14,Online
Q2-03667,2023-06-20,1370,167.37,In-Store
Q2-03668,2023-06-27,3211,107.48,In-Store
Q2-03669,2023-04-04,4939,320.51,Phone
Q2-03670,2023-04-18,842,466.06,In-Store
Q2-03671,2023-04-08,1540,387.09,Online
Q2-03672,2023-05-19,1784,213.62,Online
Q2-03673,2023-04-06,3793,380.82,Phone
Q2-03674,2023-06-18,1774,159.97,In-Store
Q2-03675,2023-06-10,3175,8.92,Online
Q2-03676,2023-06-18,1045,139.13,Phone
Q2-03677,2023-05-25,3406,226.54,Phone
Q2-03678,2023-04-08,3411,26.62,Phone
Q2-03679,2023-04-28,4745,213.79,Phone
Q2-03680,2023-06-20,3337,339.1,Phone
Q2-03681,2023-04-13,1846,480.51,Online
Q2-03682,2023-05-07,4237,208.95,In-Store
Q2-03683,2023-04-10,981,93.69,In-Store
Q2-03684,2023-06-04,3886,163.5,Online
Q2-03685,2023-05-22,4883,212.82,Phone
Q2-03686,2023-05-05,2457,176.87,In-Store
Q2-03687,2023-05-28,2187,245.08,Online
Q2-03688,2023-04-08,2436,485.93,Online
Q2-03689,2023-04-11,3360,364.74,Online
Q2-03690,2023-05-01,1917,372.9,In-Store
Q2-03691,2023-06-01,4645,373.38,Phone
Q2-03692,2023-06-13,667,368.41,In-Store
Q2-03693,2023-06-21,3555,187.26,In-Store
Q2-03694,2023-05-03,844,357.99,Online
Q2-03695,2023-05-24,3084,407.34,Online
Q2-03696,2023-04-24,4304,119.07,Phone
Q2-03697,2023-06-30,3351,308.07,In-Store
Q2-03698,2023-05-16,2526,293.16,Online
Q2-03699,2023-06-11,4642,207.76,In-Store
Q2-03700,2023-06-30,2987,386.12,In-Store
Q2-03701,2023-05-31,3106,29.86,Online
Q2-03702,2023-04-27,3668,285.34,Phone
Q2-03703,2023-04-28,4794,65.2,In-Store
Q2-03704,2023-06-21,2677,185.88,Phone
Q2-03705,2023-06-10,2104,376.89,Online
Q2-03706,2023-04-21,3411,230.88,Online
Q2-03707,2023-04-15,464,301.89,Online
Q2-03708,2023-05-11,412,344.54,Phone
Q2-03709,2023-05-28,2055,374.94,Online
Q2-03710,2023-06-20,2132,301.15,In-Store
Q2-03711,2023-04-27,4275,6.11,Online
Q2-03712,2023-04-05,199,438.17,In-Store
Q2-03713,2023-06-15,3586,95.65,Phone
Q2-03714,2023-05-24,3485,458.96,In-Store
Q2-03715,2023-05-08,609,133.16,Online
Q2-03716,2023-04-27,2200,233.18,In-Store
Q2-03717,2023-05-20,4082,139.72,In-Store
Q2-03718,2023-06-29,2836,429.44,Phone
Q2-03719,2023-04-15,1349,421.51,Phone
Q2-03720,2023-05-25,1022,186.79,Online
Q2-03721,2023-06-23,4322,92.81,Phone
Q2-03722,2023-05-07,4672,108.82,In-Store
Q2-03723,2023-04-09,4166,8.18,Online
Q2-03724,2023-04-02,75,460.75,In-Store
Q2-03725,2023-05-06,131,222.06,In-Store
Q2-03726,2023-06-05,796,62.11,Phone
Q2-03727,2023-04-09,805,460.45,Phone
Q2-03728,2023-05-05,4290,45.32,In-Store
Q2-03729,2023-06-17,4492,196.74,In-Store
Q2-03730,2023-04-21,3384,459.4,Phone
Q2-03731,2023-06-21,505,69.72,Phone
Q2-03732,2023-04-17,3985,406.87,Phone
Q2-03733,2023-05-12,2344,452.73,Online
Q2-03734,2023-05-26,1596,162.02,Phone
Q2-03735,2023-05-22,2112,39.79,Online
Q2-03736,2023-05-22,1340,17.88,Online
Q2-03737,2023-04-01,4521,320.01,Online
Q2-03738,2023-06-18,1888,301.44,In-Store
Q2-03739,2023-06-02,4198,25.55,Online
Q2-03740,2023-04-27,4137,134.45,Online
Q2-03741,2023-05-17,935,426.8,Phone
Q2-03742,2023-05-26,652,123.03,Online
Q2-03743,2023-05-09,2948,291.88,In-Store
Q2-03744,2023-05-23,3576,462.54,Online
Q2-03745,2023-05-25,4219,174.21,In-Store
Q2-03746,2023-04-14,93,151.17,In-Store
Q2-03747,2023-05-19,4072,139.76,Online
Q2-03748,2023-05-29,3579,51.67,In-Store
Q2-03749,2023-04-16,3646,361.16,Phone
Q2-03750,2023-06-15,4521,303.28,Online
Q2-03751,2023-06-04,1684,446.82,Online
Q2-03752,2023-05-17,4407,279.38,Online
Q2-03753,2023-04-14,3234,132.2,In-Store
Q2-03754,2023-05-01,47,76.61,Phone
Q2-03755,2023-05-03,2403,310.11,In-Store
Q2-03756,2023-06-14,4422,347.96,Online
Q2-03757,2023-05-10,2687,364.24,Phone
Q2-03758,2023-05-28,4043,150.87,Online
Q2-03759,2023-05-09,4877,374.3,In-Store
Q2-03760,2023-05-13,3494,297.03,Phone
Q2-03761,2023-06-15,593,398.53,Online
Q2-03762,2023-06-17,4596,442.96,In-Store
Q2-03763,2023-06-15,4245,173.55,In-Store
Q2-03764,2023-06-03,223,92.37,Phone
Q2-03765,2023-05-20,180,493.11,Online
Q2-03766,2023-06-26,3172,94.99,Online
Q2-03767,2023-04-22,1304,384.35,Phone
Q2-03768,2023-06-21,1350,306.06,Phone
Q2-03769,2023-06-29,3030,139.27,Online
Q2-03770,2023-05-29,278,112.46,Phone
Q2-03771,2023-06-18,3154,138.38,Online
Q2-03772,2023-04-21,4338,327.71,In-Store
Q2-03773,2023-04-30,1048,146.42,In-Store
Q2-03774,2023-05-12,3424,302.78,In-Store
Q2-03775,2023-04-30,611,413.69,Phone
Q2-03776,2023-05-04,3400,37.1,Phone
Q2-03777,2023-06-29,1200,218.39,In-Store
Q2-03778,2023-06-20,4976,358.55,Phone
Q2-03779,2023-04-16,3226,313.55,Phone
Q2-03780,2023-05-22,2338,85.28,Phone
Q2-03781,2023-05-11,2485,326.01,Phone
Q2-03782,2023-05-24,1824,18.57,Online
Q2-03783,2023-05-16,3809,218.38,In-Store
Q2-03784,2023-06-26,4362,89.84,Phone
Q2-03785,2023-04-13,3500,160.03,Online
Q2-03786,2023-04-19,731,157.95,Online
Q2-03787,2023-06-11,1305,95.96,In-Store
Q2-03788,2023-04-17,196,298.07,Phone
Q2-03789,2023-04-27,2051,61.66,Online
Q2-03790,2023-05-19,2630,470.35,Online
Q2-03791,2023-06-04,3010,300.6,Phone
Q2-03792,2023-04-04,4774,349.97,Phone
Q2-03793,2023-05-26,2314,380.66,In-Store
Q2-03794,2023-05-04,4450,395.55,Phone
Q2-03795,2023-04-13,924,333.71,Online
Q2-03796,2023-05-03,492,221.27,In-Store
Q2-03797,2023-06-18,3392,333.97,Phone
Q2-03798,2023-06-23,2068,17.68,In-Store
Q2-03799,2023-04-26,391,286.58,In-Store
Q2-03800,2023-06-13,1251,269.84,Phone
Q2-03801,2023-05-09,3744,444.65,In-Store
Q2-03802,2023-05-13,3928,66.91,In-Store
Q2-03803,2023-05-20,1734,478.56,Phone
Q2-03804,2023-05-26,3987,388.54,In-Store
Q2-03805,2023-05-11,2288,392.43,In-Store
Q2-03806,2023-05-19,4145,393.54,In-Store
Q2-03807,2023-06-11,2337,430.02,Online
Q2-03808,2023-06-22,2695,371.38,Phone
Q2-03809,2023-04-18,4013,388.73,Phone
Q2-03810,2023-04-06,2672,87.05,Phone
Q2-03811,2023-05-26,1051,258.16,In-Store
Q2-03812,2023-05-12,755,440.45,Phone
Q2-03813,2023-05-27,4622,316.9,Phone
Q2-03814,2023-06-12,3284,215.69,Online
Q2-03815,2023-04-04,289,150.74,Online
Q2-03816,2023-06-12,4611,188.76,Online
Q2-03817,2023-06-03,3080,122.29,Online
Q2-03818,2023-04-13,3235,307.87,Phone
Q2-03819,2023-05-13,3774,180.21,Online
Q2-03820,2023-06-01,696,454.62,In-Store
Q2-03821,2023-06-30,4174,394.29,In-Store
Q2-03822,2023-05-16,1416,60.79,Online
Q2-03823,2023-04-13,617,37.46,Online
Q2-03824,2023-06-22,3133,303.38,Online
Q2-03825,2023-05-25,622,37.24,Phone
Q2-03826,2023-04-13,487,287.19,In-Store
Q2-03827,2023-04-11,4597,165.67,Online
Q2-03828,2023-04-13,2936,451.94,In-Store
Q2-03829,2023-05-02,2509,56.22,Phone
Q2-03830,2023-06-13,4482,245.55,Online
Q2-03831,2023-04-25,3889,455.8,Phone
Q2-03832,2023-06-08,2155,436.79,Online
Q2-03833,2023-05-18,3396,317.5,Phone
Q2-03834,2023-06-04,3781,82.1,Phone
Q2-03835,2023-05-18,4187,389.91,Online
Q2-03836,2023-05-08,103,248.55,Online
Q2-03837,2023-05-22,1006,95.56,Phone
Q2-03838,2023-06-15,1274,363.55,In-Store
Q2-03839,2023-04-21,3904,119.66,In-Store
Q2-03840,2023-05-18,4739,493.21,In-Store
Q2-03841,2023-06-21,3079,55.9,In-Store
Q2-03842,2023-06-01,3650,452.06,Online
Q2-03843,2023-06-23,4515,70.01,Phone
Q2-03844,2023-06-24,2696,226.62,Online
Q2-03845,2023-06-09,3881,464.41,Online
Q2-03846,2023-04-28,3702,347.8,In-Store
Q2-03847,2023-04-04,3128,21.88,Online
Q2-03848,2023-06-10,7,449.84,Phone
Q2-03849,2023-06-16,461,255.15,Online
Q2-03850,2023-05-31,626,148.56,In-Store
Q2-03851,2023-06-21,655,209.96,In-Store
Q2-03852,2023-06-05,1903,89.01,In-Store
Q2-03853,2023-06-15,4544,223.74,In-Store
Q2-03854,2023-05-04,3289,320.15,In-Store
Q2-03855,2023-04-24,3117,299.12,Phone
Q2-03856,2023-04-04,655,480.68,In-Store
Q2-03857,2023-05-10,3086,279.62,In-Store
Q2-03858,2023-06-21,1972,57.73,In-Store
Q2-03859,2023-04-20,1622,314.35,Phone
Q2-03860,2023-04-23,580,495.0,In-Store
Q2-03861,2023-06-20,756,117.43,Online
Q2-03862,2023-06-12,4112,162.07,In-Store
Q2-03863,2023-05-07,878,283.17,In-Store
Q2-03864,2023-04-20,3189,6.87,Online
Q2-03865,2023-04-06,3526,406.84,In-Store
Q2-03866,2023-05-19,2178,393.7,Online
Q2-03867,2023-05-10,2230,460.37,Online
Q2-03868,2023-04-14,4125,329.57,In-Store
Q2-03869,2023-04-06,3813,315.63,In-Store
Q2-03870,2023-06-16,1547,195.8,Phone
Q2-03871,2023-06-28,2921,342.08,Online
Q2-03872,2023-06-01,3029,266.15,Phone
Q2-03873,2023-04-12,4656,435.49,Online
Q2-03874,2023-05-27,3693,126.85,Online
Q2-03875,2023-06-02,4006,88.78,Phone
Q2-03876,2023-04-14,1722,277.91,Online
Q2-03877,2023-04-03,3055,415.86,Online
Q2-03878,2023-05-18,94,191.58,Online
Q2-03879,2023-04-27,2071,391.17,Online
Q2-03880,2023-04-04,2655,397.95,Online
Q2-03881,2023-04-07,2931,103.17,In-Store
Q2-03882,2023-04-02,1631,26.63,Phone
Q2-03883,2023-06-22,3887,339.93,In-Store
Q2-03884,2023-05-24,3775,57.66,Online
Q2-03885,2023-04-12,1768,50.61,In-Store
Q2-03886,2023-06-01,2123,24.64,Online
Q2-03887,2023-06-27,4266,213.63,In-Store
Q2-03888,2023-04-05,1454,134.35,In-Store
Q2-03889,2023-06-21,2078,463.13,In-Store
Q2-03890,2023-04-17,34,456.49,Online
Q2-03891,2023-06-27,4738,8.75,In-Store
Q2-03892,2023-04-11,2361,359.13,Online
Q2-03893,2023-06-09,1609,200.73,Phone
Q2-03894,2023-06-26,459,284.66,In-Store
Q2-03895,2023-06-08,3067,367.95,In-Store
Q2-03896,2023-06-20,591,245.06,Online
Q2-03897,2023-05-15,2467,310.74,Online
Q2-03898,2023-05-07,2450,305.29,In-Store
Q2-03899,2023-04-28,2382,467.11,Online
Q2-03900,2023-06-08,1670,487.34,In-Store
Q2-03901,2023-04-11,4295,109.87,In-Store
Q2-03902,2023-04-28,985,362.18,Phone
Q2-03903,2023-05-09,652,397.03,Phone
Q2-03904,2023-05-12,3703,57.93,In-Store
Q2-03905,2023-04-29,3136,81.29,Phone
Q2-03906,2023-04-05,2567,474.6,Phone
Q2-03907,2023-05-26,838,187.25,Online
Q2-03908,2023-06-13,1930,481.59,Online
Q2-03909,2023-05-21,4058,385.85,Online
Q2-03910,2023-06-26,4529,313.67,Online
Q2-03911,2023-05-04,3061,496.71,Phone
Q2-03912,2023-06-13,1334,374.96,In-Store
Q2-03913,2023-05-01,2276,275.1,Online
Q2-03914,2023-06-14,2564,495.13,Phone
Q2-03915,2023-05-05,1970,248.24,Online
Q2-03916,2023-04-16,1542,328.24,Online
Q2-03917,2023-04-12,903,140.9,Phone
Q2-03918,2023-05-12,968,39.9,In-Store
Q2-03919,2023-06-22,4177,299.36,Phone
Q2-03920,2023-04-19,1700,276.19,Phone
Q2-03921,2023-05-10,4851,264.91,Phone
Q2-03922,2023-06-10,3309,80.82,In-Store
Q2-03923,2023-05-03,3421,36.44,Phone
Q2-03924,2023-05-17,1275,378.7,In-Store
Q2-03925,2023-05-29,807,330.8,Phone
Q2-03926,2023-05-17,4169,129.89,Phone
Q2-03927,2023-04-18,439,329.17,In-Store
Q2-03928,2023-05-29,3195,483.0,In-Store
Q2-03929,2023-06-26,1122,415.72,In-Store
Q2-03930,2023-04-30,4708,188.08,In-Store
Q2-03931,2023-04-07,1530,112.91,Phone
Q2-03932,2023-05-08,1908,343.95,In-Store
Q2-03933,2023-04-06,2624,366.28,In-Store
Q2-03934,2023-06-14,123,254.9,Online
Q2-03935,2023-06-06,1163,121.23,Phone
Q2-03936,2023-04-18,2485,249.33,In-Store
Q2-03937,2023-05-25,1355,311.7,In-Store
Q2-03938,2023-06-20,336,294.0,In-Store
Q2-03939,2023-05-03,3581,249.89,Online
Q2-03940,2023-04-22,3047,313.91,In-Store
Q2-03941,2023-05-29,2078,393.11,In-Store
Q2-03942,2023-05-22,3736,250.07,In-Store
Q2-03943,2023-04-29,3030,310.07,Phone
Q2-03944,2023-05-17,1324,305.77,Online
Q2-03945,2023-04-23,4337,468.7,In-Store
Q2-03946,2023-05-14,694,84.7,Phone
Q2-03947,2023-04-08,723,264.72,Phone
Q2-03948,2023-06-21,1555,188.14,Online
Q2-03949,2023-06-08,1830,87.2,Online
Q2-03950,2023-06-03,3208,357.15,In-Store
Q2-03951,2023-06-16,2754,484.14,In-Store
Q2-03952,2023-05-28,519,285.09,Online
Q2-03953,2023-05-13,4825,453.04,Online
Q2-03954,2023-05-29,2669,217.04,Online
Q2-03955,2023-04-23,349,408.53,Online
Q2-03956,2023-06-03,3764,486.34,Phone
Q2-03957,2023-04-14,661,265.29,In-Store
Q2-03958,2023-04-03,4136,120.23,In-Store
Q2-03959,2023-06-07,2300,118.72,Online
Q2-03960,2023-06-17,2692,59.48,Online
Q2-03961,2023-05-10,4507,429.07,Online
Q2-03962,2023-04-14,3301,42.19,Phone
Q2-03963,2023-04-13,308,277.96,Phone
Q2-03964,2023-04-07,3362,113.11,In-Store
Q2-03965,2023-05-16,2608,316.7,Online
Q2-03966,2023-04-25,356,109.13,Online
Q2-03967,2023-04-25,2198,211.08,Online
Q2-03968,2023-05-28,186,106.19,Online
Q2-03969,2023-06-20,3388,336.78,In-Store
Q2-03970,2023-04-14,2633,246.9,In-Store
Q2-03971,2023-04-19,4433,334.67,In-Store
Q2-03972,2023-05-02,4855,266.72,Phone
Q2-03973,2023-05-29,2131,306.41,Phone
Q2-03974,2023-05-24,4495,375.13,Online
Q2-03975,2023-04-05,2141,447.33,In-Store
Q2-03976,2023-06-22,558,417.47,In-Store
Q2-03977,2023-05-11,2167,156.83,Online
Q2-03978,2023-06-07,4963,384.59,In-Store
Q2-03979,2023-06-15,281,303.76,Online
Q2-03980,2023-04-18,211,290.28,Online
Q2-03981,2023-06-25,3285,389.1,In-Store
Q2-03982,2023-04-22,386,317.95,Online
Q2-03983,2023-06-25,1992,356.38,Online
Q2-03984,2023-06-28,4709,163.61,In-Store
Q2-03985,2023-04-08,587,396.75,Online
Q2-03986,2023-04-18,4520,499.1,Online
Q2-03987,2023-05-16,3838,157.09,Online
Q2-03988,2023-04-06,20,13.24,In-Store
Q2-03989,2023-05-26,835,150.76,Online
Q2-03990,2023-05-02,3972,286.02,Phone
Q2-03991,2023-04-15,692,249.24,Online
Q2-03992,2023-05-03,1266,163.84,Phone
Q2-03993,2023-06-25,4234,467.53,Phone
Q2-03994,2023-05-17,2923,460.81,In-Store
Q2-03995,2023-04-05,781,12.92,Phone
Q2-03996,2023-05-04,3032,388.08,In-Store
Q2-03997,2023-04-01,12,350.72,Phone
Q2-03998,2023-04-24,183,294.25,Online
Q2-03999,2023-06-19,1142,149.9,Phone
Q2-04000,2023-04-24,2401,448.97,Online
Q2-04001,2023-06-15,2617,449.37,In-Store
Q2-04002,2023-06-29,116,342.98,Phone
Q2-04003,2023-04-03,3799,44.29,In-Store
Q2-04004,2023-04-22,3423,483.89,Phone
Q2-04005,2023-04-20,3701,415.68,In-Store
Q2-04006,2023-05-29,931,496.39,In-Store
Q2-04007,2023-05-25,2008,195.51,Online
Q2-04008,2023-04-05,3539,161.07,Phone
Q2-04009,2023-05-15,4395,139.6,Online
Q2-04010,2023-05-06,42,487.34,Phone
Q2-04011,2023-05-31,4406,338.11,Online
Q2-04012,2023-04-24,2816,318.45,In-Store
Q2-04013,2023-04-14,2057,178.36,Phone
Q2-04014,2023-05-12,3467,145.51,In-Store
Q2-04015,2023-05-10,349,419.77,In-Store
Q2-04016,2023-06-18,2112,49.09,In-Store
Q2-04017,2023-05-10,407,314.25,Phone
Q2-04018,2023-05-15,355,351.13,Online
Q2-04019,2023-04-04,2890,215.95,Phone
Q2-04020,2023-06-16,4082,422.14,In-Store
Q2-04021,2023-06-06,4241,239.01,In-Store
Q2-04022,2023-06-03,1032,24.07,Phone
Q2-04023,2023-06-28,656,324.21,Phone
Q2-04024,2023-04-25,3460,463.17,Phone
Q2-04025,2023-04-25,1821,349.65,Online
Q2-04026,2023-05-13,4138,257.24,In-Store
Q2-04027,2023-05-08,392,407.32,Phone
Q2-04028,2023-06-24,595,29.06,In-Store
Q2-04029,2023-05-21,2330,254.89,Online
Q2-04030,2023-06-22,3476,321.9,Online
Q2-04031,2023-04-05,3976,383.32,In-Store
Q2-04032,2023-06-09,1892,291.08,In-Store
Q2-04033,2023-04-22,2858,406.82,In-Store
Q2-04034,2023-05-09,3464,158.75,Phone
Q2-04035,2023-06-29,2503,263.54,Online
Q2-04036,2023-05-30,3222,280.74,Phone
Q2-04037,2023-05-25,4257,284.45,Online
Q2-04038,2023-04-25,557,143.85,Phone
Q2-04039,2023-06-10,1351,120.28,In-Store
Q2-04040,2023-04-10,2635,431.83,Online
Q2-04041,2023-04-08,4643,102.07,Online
Q2-04042,2023-04-23,4743,145.25,Online
Q2-04043,2023-04-26,3249,31.91,Online
Q2-04044,2023-05-28,2827,73.22,Online
Q2-04045,2023-05-27,1008,329.79,Phone
Q2-04046,2023-05-08,2621,253.44,In-Store
Q2-04047,2023-06-20,1696,250.68,Phone
Q2-04048,2023-05-30,1142,308.74,Phone
Q2-04049,2023-04-07,2208,404.95,Phone
Q2-04050,2023-06-29,1291,46.93,Phone
Q2-04051,2023-05-28,807,342.38,Phone
Q2-04052,2023-04-06,3168,268.65,Online
Q2-04053,2023-05-28,3028,405.48,In-Store
Q2-04054,2023-05-18,2085,358.4,In-Store
Q2-04055,2023-04-10,1746,422.07,In-Store
Q2-04056,2023-06-06,1598,69.86,In-Store
Q2-04057,2023-04-27,2569,281.63,In-Store
Q2-04058,2023-06-21,4486,467.61,Online
Q2-04059,2023-05-04,3524,378.04,In-Store
Q2-04060,2023-04-02,2754,147.82,In-Store
Q2-04061,2023-04-14,1768,497.49,Phone
Q2-04062,2023-05-25,3069,427.45,In-Store
Q2-04063,2023-05-24,2338,196.85,Phone
Q2-04064,2023-06-06,725,128.47,Online
Q2-04065,2023-06-28,4513,191.56,Online
Q2-04066,2023-04-24,2079,274.22,Online
Q2-04067,2023-04-02,3337,112.85,In-Store
Q2-04068,2023-05-15,307,128.88,Online
Q2-04069,2023-04-08,4954,10.43,Online
Q2-04070,2023-05-01,860,317.2,Phone
Q2-04071,2023-04-03,3497,450.95,Online
Q2-04072,2023-05-14,1147,35.53,Phone
Q2-04073,2023-06-04,4075,118.77,Phone
Q2-04074,2023-06-19,4188,205.99,In-Store
Q2-04075,2023-06-14,621,494.44,In-Store
Q2-04076,2023-05-29,2006,272.03,Online
Q2-04077,2023-04-20,3039,310.38,Phone
Q2-04078,2023-04-08,3944,425.05,In-Store
Q2-04079,2023-06-01,3900,75.32,Online
Q2-04080,2023-04-11,98,175.6,In-Store
Q2-04081,2023-05-26,4708,120.25,In-Store
Q2-04082,2023-06-09,940,391.92,In-Store
Q2-04083,2023-05-18,3997,224.18,Phone
Q2-04084,2023-06-29,2104,219.37,Online
Q2-04085,2023-04-02,195,426.06,Online
Q2-04086,2023-06-07,3768,66.97,Phone
Q2-04087,2023-05-12,1507,268.68,In-Store
Q2-04088,2023-04-12,1955,234.64,In-Store
Q2-04089,2023-04-17,3618,410.64,In-Store
Q2-04090,2023-04-29,195,438.01,Phone
Q2-04091,2023-06-08,281,330.97,In-Store
Q2-04092,2023-05-10,1334,418.35,Phone
Q2-04093,2023-06-16,107,342.95,In-Store
Q2-04094,2023-04-23,2036,415.48,Phone
Q2-04095,2023-06-29,3730,481.37,Phone
Q2-04096,2023-05-11,2804,321.88,Phone
Q2-04097,2023-05-17,1119,426.45,Online
Q2-04098,2023-06-28,4190,290.85,Online
Q2-04099,2023-05-19,4848,84.49,Phone
Q2-04100,2023-05-05,1071,408.22,Phone
Q2-04101,2023-05-19,1436,238.56,In-Store
Q2-04102,2023-06-26,111,388.96,Phone
Q2-04103,2023-04-03,1218,233.42,Online
Q2-04104,2023-05-31,4398,97.21,Online
Q2-04105,2023-05-19,4262,91.78,Phone
Q2-04106,2023-04-23,3066,38.7,Online
Q2-04107,2023-04-24,886,208.1,Online
Q2-04108,2023-05-14,849,394.66,Online
Q2-04109,2023-05-09,3470,143.51,Phone
Q2-04110,2023-04-05,1020,349.57,Phone
Q2-04111,2023-06-03,2867,131.84,Online
Q2-04112,2023-06-27,3083,93.42,Online
Q2-04113,2023-04-13,4839,369.06,Online
Q2-04114,2023-06-07,96,303.42,Phone
Q2-04115,2023-04-26,2157,443.47,In-Store
Q2-04116,2023-04-01,1937,464.58,Phone
Q2-04117,2023-04-01,783,383.04,Online
Q2-04118,2023-06-11,2182,168.77,Online
Q2-04119,2023-04-24,765,354.14,Online
Q2-04120,2023-06-19,2537,177.3,In-Store
Q2-04121,2023-05-06,3839,241.19,Online
Q2-04122,2023-06-17,631,348.87,Online
Q2-04123,2023-06-11,4334,173.17,Phone
Q2-04124,2023-06-25,1398,242.8,In-Store
Q2-04125,2023-04-20,4250,324.48,In-Store
Q2-04126,2023-06-13,4127,409.81,In-Store
Q2-04127,2023-05-17,1610,267.26,Phone
Q2-04128,2023-06-15,4896,114.13,Online
Q2-04129,2023-05-09,4459,384.61,In-Store
Q2-04130,2023-04-22,2500,254.68,Online
Q2-04131,2023-06-22,4477,51.93,In-Store
Q2-04132,2023-04-30,4296,466.01,Online
Q2-04133,2023-05-27,2388,304.99,In-Store
Q2-04134,2023-06-03,2652,272.39,In-Store
Q2-04135,2023-06-02,3671,189.54,Phone
Q2-04136,2023-04-15,4209,340.3,Phone
Q2-04137,2023-05-23,1884,355.02,Online
Q2-04138,2023-05-18,3213,377.6,Phone
Q2-04139,2023-05-30,463,218.32,Online
Q2-04140,2023-04-10,2391,169.15,Phone
Q2-04141,2023-05-01,1039,356.32,Phone
Q2-04142,2023-04-10,630,27.0,In-Store
Q2-04143,2023-04-26,4316,110.94,In-Store
Q2-04144,2023-06-13,2110,275.71,In-Store
Q2-04145,2023-05-15,441,141.17,Online
Q2-04146,2023-04-27,3012,366.79,Online
Q2-04147,2023-04-03,163,146.59,In-Store
Q2-04148,2023-05-28,3051,399.88,Online
Q2-04149,2023-04-13,1214,65.1,In-Store
Q2-04150,2023-04-04,1279,365.06,Online
Q2-04151,2023-06-01,4247,55.83,In-Store
Q2-04152,2023-06-02,2268,59.42,Phone
Q2-04153,2023-05-31,2022,382.12,In-Store
Q2-04154,2023-04-03,3285,106.49,Phone
Q2-04155,2023-04-29,2471,89.42,In-Store
Q2-04156,2023-06-15,2688,228.98,Phone
Q2-04157,2023-06-19,4475,461.93,Phone
Q2-04158,2023-04-09,2514,187.82,Online
Q2-04159,2023-06-25,2561,9.71,Phone
Q2-04160,2023-05-31,1483,9.52,Online
Q2-04161,2023-06-24,2475,208.5,In-Store
Q2-04162,2023-05-26,4741,298.78,Phone
Q2-04163,2023-06-13,2236,81.3,Online
Q2-04164,2023-06-18,2342,413.48,Online
Q2-04165,2023-04-28,2213,165.37,In-Store
Q2-04166,2023-04-09,563,345.88,In-Store
Q2-04167,2023-05-28,107,456.95,Phone
Q2-04168,2023-05-08,3008,96.41,Phone
Q2-04169,2023-05-09,4616,316.82,Phone
Q2-04170,2023-04-27,2543,98.95,In-Store
Q2-04171,2023-06-16,4012,163.75,In-Store
Q2-04172,2023-05-13,191,486.48,Online
Q2-04173,2023-06-27,1530,471.62,Online
Q2-04174,2023-06-28,2842,87.66,Online
Q2-04175,2023-06-05,2055,318.96,Phone
Q2-04176,2023-04-19,2526,448.68,Phone
Q2-04177,2023-06-20,3111,30.09,Online
Q2-04178,2023-04-16,2159,488.51,Online
Q2-04179,2023-06-16,806,210.29,In-Store
Q2-04180,2023-04-27,215,199.36,In-Store
Q2-04181,2023-05-31,3545,493.3,In-Store
Q2-04182,2023-05-17,4219,421.21,Online
Q2-04183,2023-05-12,3542,424.22,Phone
Q2-04184,2023-05-14,4001,166.63,In-Store
Q2-04185,2023-06-08,2550,108.78,Online
Q2-04186,2023-04-29,3644,73.14,In-Store
Q2-04187,2023-05-13,1615,491.92,In-Store
Q2-04188,2023-05-16,2187,205.19,In-Store
Q2-04189,2023-05-17,1309,419.81,Online
Q2-04190,2023-06-01,2028,105.54,Phone
Q2-04191,2023-06-03,4099,335.23,Phone
Q2-04192,2023-05-06,4969,26.64,In-Store
Q2-04193,2023-06-25,2276,493.29,In-Store
Q2-04194,2023-06-12,4653,203.22,In-Store
Q2-04195,2023-06-02,4088,62.56,Online
Q2-04196,2023-04-30,853,49.5,In-Store
Q2-04197,2023-06-27,2968,111.5,In-Store
Q2-04198,2023-05-05,2743,334.0,In-Store
Q2-04199,2023-04-07,4628,455.29,Phone
Q2-04200,2023-04-26,1028,405.58,Phone
Q2-04201,2023-05-05,3962,61.65,In-Store
Q2-04202,2023-05-02,4235,411.55,In-Store
Q2-04203,2023-05-05,1335,342.02,Phone
Q2-04204,2023-05-01,4960,357.68,In-Store
Q2-04205,2023-05-01,2592,456.95,In-Store
Q2-04206,2023-05-07,4910,376.84,Online
Q2-04207,2023-06-10,3066,407.72,Online
Q2-04208,2023-05-19,672,314.57,Online
Q2-04209,2023-06-25,1834,421.66,Online
Q2-04210,2023-05-16,4442,459.27,Online
Q2-04211,2023-05-23,1458,129.3,Phone
Q2-04212,2023-05-16,2668,241.26,Online
Q2-04213,2023-06-20,4498,352.64,In-Store
Q2-04214,2023-04-20,3257,375.86,Online
Q2-04215,2023-05-02,3810,56.75,Online
Q2-04216,2023-05-12,4704,58.26,In-Store
Q2-04217,2023-06-17,4540,166.38,Phone
Q2-04218,2023-05-06,2727,445.95,In-Store
Q2-04219,2023-06-19,3559,70.5,Phone
Q2-04220,2023-06-02,68,116.24,In-Store
Q2-04221,2023-06-30,1397,228.48,Phone
Q2-04222,2023-06-16,3505,117.21,In-Store
Q2-04223,2023-06-06,1753,198.47,Phone
Q2-04224,2023-06-11,1003,490.56,In-Store
Q2-04225,2023-05-08,4305,200.62,In-Store
Q2-04226,2023-06-14,4586,384.61,In-Store
Q2-04227,2023-06-14,2348,486.28,In-Store
Q2-04228,2023-04-17,530,19.86,Online
Q2-04229,2023-04-23,871,258.91,In-Store
Q2-04230,2023-04-12,2386,400.73,Phone
Q2-04231,2023-04-21,2683,80.34,Online
Q2-04232,2023-06-08,199,130.63,In-Store
Q2-04233,2023-05-24,643,377.6,Online
Q2-04234,2023-05-19,1116,122.03,Phone
Q2-04235,2023-05-21,256,341.5,In-Store
Q2-04236,2023-04-13,4944,421.43,In-Store
Q2-04237,2023-06-04,2845,495.59,In-Store
Q2-04238,2023-06-27,4622,309.03,Online
Q2-04239,2023-04-08,744,385.26,Phone
Q2-04240,2023-06-30,2932,440.79,Phone
Q2-04241,2023-06-20,627,46.53,Online
Q2-04242,2023-05-21,4087,495.32,Online
Q2-04243,2023-05-16,1831,415.97,Online
Q2-04244,2023-06-10,4409,314.36,In-Store
Q2-04245,2023-06-23,2173,233.37,In-Store
Q2-04246,2023-04-11,3323,338.76,In-Store
Q2-04247,2023-06-22,440,338.07,Online
Q2-04248,2023-06-07,2814,66.19,Online
Q2-04249,2023-05-05,4339,50.57,Online
Q2-04250,2023-06-27,4041,233.26,In-Store
Q2-04251,2023-04-18,4715,158.16,Online
Q2-04252,2023-04-03,2971,495.33,Phone
Q2-04253,2023-06-06,156,174.13,Phone
Q2-04254,2023-05-05,3492,446.57,In-Store
Q2-04255,2023-04-26,1157,406.9,Phone
Q2-04256,2023-05-26,812,340.19,In-Store
Q2-04257,2023-04-16,2713,205.57,Online
Q2-04258,2023-06-16,1568,265.39,In-Store
Q2-04259,2023-06-01,2933,225.65,In-Store
Q2-04260,2023-04-29,549,143.35,In-Store
Q2-04261,2023-04-09,1650,217.44,Online
Q2-04262,2023-05-15,566,237.15,In-Store
Q2-04263,2023-04-13,3835,390.79,In-Store
Q2-04264,2023-04-28,4036,138.23,In-Store
Q2-04265,2023-06-09,2551,467.67,In-Store
Q2-04266,2023-05-01,1815,427.27,In-Store
Q2-04267,2023-06-15,4135,57.23,Phone
Q2-04268,2023-05-12,909,394.64,Phone
Q2-04269,2023-06-15,193,386.81,In-Store
Q2-04270,2023-06-29,3865,148.82,In-Store
Q2-04271,2023-04-26,1933,179.34,Phone
Q2-04272,2023-06-09,2771,9.71,In-Store
Q2-04273,2023-05-20,3857,161.53,Online
Q2-04274,2023-04-28,3100,263.6,Online
Q2-04275,2023-05-03,1,293.34,Online
Q2-04276,2023-06-19,952,365.87,In-Store
Q2-04277,2023-05-28,1154,260.52,In-Store
Q2-04278,2023-04-17,1673,233.44,In-Store
Q2-04279,2023-04-27,1347,68.45,In-Store
Q2-04280,2023-04-13,2833,163.07,Phone
Q2-04281,2023-04-11,905,317.34,Phone
Q2-04282,2023-05-14,290,140.36,Online
Q2-04283,2023-06-24,616,261.51,In-Store
Q2-04284,2023-04-07,683,57.68,In-Store
Q2-04285,2023-04-19,2385,267.17,Online
Q2-04286,2023-04-26,3622,167.29,Phone
Q2-04287,2023-05-25,2465,57.46,Online
Q2-04288,2023-04-21,2224,318.39,Phone
Q2-04289,2023-05-08,1156,442.41,Online
Q2-04290,2023-06-06,1307,68.85,Online
Q2-04291,2023-05-31,1072,448.21,In-Store
Q2-04292,2023-06-24,724,13.33,Phone
Q2-04293,2023-06-05,1452,156.21,Online
Q2-04294,2023-05-11,3380,451.93,In-Store
Q2-04295,2023-04-26,1106,13.79,Phone
Q2-04296,2023-04-30,2592,304.14,In-Store
Q2-04297,2023-06-20,98,253.7,In-Store
Q2-04298,2023-05-13,1495,467.68,Online
Q2-04299,2023-06-24,1492,418.47,Online
Q2-04300,2023-05-06,4552,74.69,In-Store
Q2-04301,2023-06-14,322,351.59,Online
Q2-04302,2023-05-23,3927,152.84,Online
Q2-04303,2023-04-13,4252,412.04,Phone
Q2-04304,2023-06-22,207,22.03,Phone
Q2-04305,2023-06-04,2666,66.81,In-Store
Q2-04306,2023-06-07,324,425.51,Online
Q2-04307,2023-06-16,2447,149.36,In-Store
Q2-04308,2023-04-29,907,324.52,Phone
Q2-04309,2023-06-28,2694,68.58,Online
Q2-04310,2023-04-07,4606,476.66,Phone
Q2-04311,2023-04-08,4196,197.94,Online
Q2-04312,2023-06-22,3179,24.32,Online
Q2-04313,2023-05-12,1433,259.72,Phone
Q2-04314,2023-06-23,2042,471.81,In-Store
Q2-04315,2023-05-05,3602,327.71,Online
Q2-04316,2023-04-18,784,286.36,Online
Q2-04317,2023-04-05,1088,333.9,Phone
Q2-04318,2023-05-14,2729,394.43,Phone
Q2-04319,2023-06-28,4942,431.68,In-Store
Q2-04320,2023-06-10,2757,448.47,Online
Q2-04321,2023-04-22,1199,107.32,Online
Q2-04322,2023-04-25,2371,128.74,Phone
Q2-04323,2023-04-09,3005,56.08,Online
Q2-04324,2023-06-27,1647,293.96,Online
Q2-04325,2023-04-01,148,411.7,Online
Q2-04326,2023-05-14,965,342.09,Online
Q2-04327,2023-04-04,2517,327.67,In-Store
Q2-04328,2023-06-26,2791,200.31,In-Store
Q2-04329,2023-04-08,671,466.26,In-Store
Q2-04330,2023-05-09,488,481.75,Phone
Q2-04331,2023-05-13,4877,134.74,Online
Q2-04332,2023-04-06,4214,409.1,Phone
Q2-04333,2023-06-15,1566,85.45,Online
Q2-04334,2023-06-08,146,330.05,In-Store
Q2-04335,2023-05-06,1788,249.26,In-Store
Q2-04336,2023-06-03,486,252.84,In-Store
Q2-04337,2023-04-04,4565,118.74,Online
Q2-04338,2023-05-20,986,426.88,In-Store
Q2-04339,2023-05-15,4254,463.46,In-Store
Q2-04340,2023-05-21,4351,144.63,Phone
Q2-04341,2023-05-13,3814,414.82,Phone
Q2-04342,2023-06-06,2760,70.03,Online
Q2-04343,2023-05-25,4430,191.17,Phone
Q2-04344,2023-05-31,949,160.59,Online
Q2-04345,2023-06-11,1342,417.99,In-Store
Q2-04346,2023-05-12,4735,171.66,Phone
Q2-04347,2023-06-19,3303,82.95,Phone
Q2-04348,2023-06-26,4775,405.59,Online
Q2-04349,2023-05-20,1527,264.52,Phone
Q2-04350,2023-05-18,1433,228.67,In-Store
Q2-04351,2023-06-05,2364,51.47,Online
Q2-04352,2023-05-29,758,365.6,Phone
Q2-04353,2023-06-28,3752,258.72,Online
Q2-04354,2023-05-22,2139,140.84,Online
Q2-04355,2023-06-04,2970,175.71,Online
Q2-04356,2023-06-26,3175,458.47,Online
Q2-04357,2023-04-11,1740,451.97,Online
Q2-04358,2023-04-20,3170,260.96,Online
Q2-04359,2023-06-18,4607,238.38,In-Store
Q2-04360,2023-04-15,3121,326.54,Online
Q2-04361,2023-04-06,4480,303.47,In-Store
Q2-04362,2023-05-16,3234,201.69,Phone
Q2-04363,2023-04-02,271,52.54,Online
Q2-04364,2023-06-02,1269,436.52,In-Store
Q2-04365,2023-06-19,3427,420.92,Online
Q2-04366,2023-06-30,3964,399.59,Online
Q2-04367,2023-04-17,1213,325.49,Phone
Q2-04368,2023-04-22,1632,42.55,Phone
Q2-04369,2023-06-09,678,396.97,In-Store
Q2-04370,2023-05-26,2573,355.51,Phone
Q2-04371,2023-05-21,1815,142.18,In-Store
Q2-04372,2023-06-16,4797,75.26,In-Store
Q2-04373,2023-04-18,203,449.66,Online
Q2-04374,2023-06-27,2897,113.61,Phone
Q2-04375,2023-04-12,1564,23.85,In-Store
Q2-04376,2023-04-11,2417,27.14,Online
Q2-04377,2023-05-10,626,367.69,Phone
Q2-04378,2023-05-30,1870,487.62,Online
Q2-04379,2023-04-12,884,46.04,Online
Q2-04380,2023-05-26,3847,255.99,In-Store
Q2-04381,2023-06-21,36,385.86,Online
Q2-04382,2023-04-26,1558,281.12,Online
Q2-04383,2023-05-13,3571,384.01,Phone
Q2-04384,2023-04-19,917,162.19,Online
Q2-04385,2023-06-11,2065,426.1,In-Store
Q2-04386,2023-05-03,2547,245.71,Phone
Q2-04387,2023-04-11,4749,316.11,Online
Q2-04388,2023-06-12,331,42.91,In-Store
Q2-04389,2023-06-12,3879,100.59,Online
Q2-04390,2023-05-28,4573,54.58,Online
Q2-04391,2023-04-25,950,128.53,Phone
Q2-04392,2023-04-22,3145,9.1,In-Store
Q2-04393,2023-05-13,1157,78.72,Phone
Q2-04394,2023-04-12,4478,137.08,In-Store
Q2-04395,2023-06-19,1553,498.92,Phone
Q2-04396,2023-04-10,3029,38.91,In-Store
Q2-04397,2023-05-26,1951,298.39,Online
Q2-04398,2023-06-08,4645,373.55,Online
Q2-04399,2023-05-10,3619,242.05,Online
Q2-04400,2023-05-20,2375,5.56,Online
Q2-04401,2023-06-29,4834,54.14,Phone
Q2-04402,2023-06-20,331,178.62,Online
Q2-04403,2023-04-08,2147,335.12,Online
Q2-04404,2023-04-01,76,205.59,Online
Q2-04405,2023-04-11,2494,434.77,In-Store
Q2-04406,2023-04-04,168,422.75,Phone
Q2-04407,2023-05-25,3789,479.74,Phone
Q2-04408,2023-04-08,592,438.56,Phone
Q2-04409,2023-04-07,3349,285.29,Phone
Q2-04410,2023-06-20,162,55.33,Phone
Q2-04411,2023-06-19,4493,24.45,In-Store
Q2-04412,2023-04-07,1315,45.29,Phone
Q2-04413,2023-06-10,4718,203.47,In-Store
Q2-04414,2023-06-14,355,52.64,In-Store
Q2-04415,2023-06-08,2520,497.34,Phone
Q2-04416,2023-06-20,4056,228.67,In-Store
Q2-04417,2023-06-22,856,138.71,Online
Q2-04418,2023-04-18,2044,496.32,In-Store
Q2-04419,2023-04-22,2403,357.46,Phone
Q2-04420,2023-05-10,2985,140.41,Online
Q2-04421,2023-05-30,1825,44.1,Online
Q2-04422,2023-04-10,2740,482.93,In-Store
Q2-04423,2023-05-19,825,428.68,Phone
Q2-04424,2023-06-03,531,25.61,Phone
Q2-04425,2023-05-29,4699,190.35,Online
Q2-04426,2023-04-03,4746,168.59,Phone
Q2-04427,2023-04-15,392,307.28,Online
Q2-04428,2023-04-02,442,224.17,In-Store
Q2-04429,2023-05-10,4856,278.76,Online
Q2-04430,2023-05-03,3663,421.1,Phone
Q2-04431,2023-04-01,696,126.65,In-Store
Q2-04432,2023-06-01,4298,341.3,Phone
Q2-04433,2023-04-02,4719,40.84,Online
Q2-04434,2023-04-21,1749,244.0,In-Store
Q2-04435,2023-05-08,4325,267.47,Phone
Q2-04436,2023-04-17,3704,144.78,Phone
Q2-04437,2023-06-23,1002,374.78,Online
Q2-04438,2023-04-22,1389,458.95,Online
Q2-04439,2023-04-22,3192,474.45,Phone
Q2-04440,2023-04-05,2035,25.27,Phone
Q2-04441,2023-05-21,55,54.83,Phone
Q2-04442,2023-04-06,737,77.15,Phone
Q2-04443,2023-05-12,1974,83.26,Phone
Q2-04444,2023-05-15,3083,185.22,In-Store
Q2-04445,2023-05-14,112,365.43,Phone
Q2-04446,2023-04-20,1448,339.74,In-Store
Q2-04447,2023-04-12,4228,53.66,Online
Q2-04448,2023-04-26,4304,89.13,In-Store
Q2-04449,2023-04-27,4619,202.29,Online
Q2-04450,2023-05-22,2866,395.07,In-Store
Q2-04451,2023-06-23,4537,482.67,In-Store
Q2-04452,2023-04-16,728,175.4,Online
Q2-04453,2023-04-30,4536,279.64,In-Store
Q2-04454,2023-04-22,3205,451.96,Phone
Q2-04455,2023-04-05,4937,21.47,In-Store
Q2-04456,2023-04-13,533,63.09,Online
Q2-04457,2023-04-07,2434,93.48,Phone
Q2-04458,2023-05-03,3386,164.03,Phone
Q2-04459,2023-04-07,476,98.75,Online
Q2-04460,2023-04-20,1176,243.51,Online
Q2-04461,2023-06-29,2058,211.16,In-Store
Q2-04462,2023-05-29,2021,423.1,Online
Q2-04463,2023-04-12,1985,68.13,Phone
Q2-04464,2023-05-03,1035,238.66,Phone
Q2-04465,2023-05-11,2992,421.79,Online
Q2-04466,2023-06-01,2649,99.76,In-Store
Q2-04467,2023-05-30,1166,25.71,Online
Q2-04468,2023-06-07,4192,369.34,Online
Q2-04469,2023-06-02,1824,124.41,Phone
Q2-04470,2023-05-12,743,478.22,Phone
Q2-04471,2023-05-13,2007,78.18,Phone
Q2-04472,2023-06-07,1441,445.95,Phone
Q2-04473,2023-06-01,1726,75.7,In-Store
Q2-04474,2023-04-06,4400,423.18,Phone
Q2-04475,2023-05-13,2276,61.22,Online
Q2-04476,2023-06-16,477,483.66,Online
Q2-04477,2023-04-23,935,293.14,Phone
Q2-04478,2023-05-18,3635,253.85,Online
Q2-04479,2023-05-23,4422,384.81,In-Store
Q2-04480,2023-04-14,1049,234.73,In-Store
Q2-04481,2023-05-30,2685,290.98,Online
Q2-04482,2023-04-25,4549,267.47,Phone
Q2-04483,2023-04-02,2811,204.43,In-Store
Q2-04484,2023-05-09,2354,430.34,Phone
Q2-04485,2023-06-12,2548,114.59,Phone
Q2-04486,2023-05-14,2114,232.49,In-Store
Q2-04487,2023-04-20,1052,118.36,In-Store
Q2-04488,2023-04-15,2524,233.24,Phone
Q2-04489,2023-06-18,4687,313.31,Phone
Q2-04490,2023-04-26,3354,148.95,Phone
Q2-04491,2023-06-23,1928,20.33,Phone
Q2-04492,2023-06-15,2844,287.62,Online
Q2-04493,2023-05-24,2019,310.36,Online
Q2-04494,2023-05-08,3763,226.02,Online
Q2-04495,2023-04-06,4782,113.12,Phone
Q2-04496,2023-05-30,375,266.27,Online
Q2-04497,2023-04-20,1212,384.93,Phone
Q2-04498,2023-05-18,2133,124.86,In-Store
Q2-04499,2023-04-18,4252,369.86,Online
Q2-04500,2023-05-18,2080,55.65,Online
Q2-04501,2023-04-07,4545,189.05,Online
Q2-04502,2023-04-27,113,395.88,Online
Q2-04503,2023-05-25,164,112.86,In-Store
Q2-04504,2023-06-22,4050,388.61,Phone
Q2-04505,2023-06-20,858,201.52,Phone
Q2-04506,2023-05-29,2171,132.55,Online
Q2-04507,2023-04-29,810,476.38,Phone
Q2-04508,2023-05-09,3408,464.96,In-Store
Q2-04509,2023-04-25,1442,459.58,In-Store
Q2-04510,2023-05-22,3110,114.46,In-Store
Q2-04511,2023-04-16,1014,443.14,In-Store
Q2-04512,2023-05-13,3206,48.03,Phone
Q2-04513,2023-04-18,4614,468.7,In-Store
Q2-04514,2023-04-01,4330,227.23,In-Store
Q2-04515,2023-04-11,1346,254.49,Online
Q2-04516,2023-06-10,1118,237.43,Phone
Q2-04517,2023-05-13,954,463.28,Online
Q2-04518,2023-05-03,1129,456.56,In-Store
Q2-04519,2023-06-16,4295,171.58,In-Store
Q2-04520,2023-06-11,2932,439.66,Phone
Q2-04521,2023-04-28,2677,458.17,Online
Q2-04522,2023-05-25,964,484.81,Online
Q2-04523,2023-05-19,4780,335.37,In-Store
Q2-04524,2023-05-10,3738,22.41,In-Store
Q2-04525,2023-04-15,659,262.76,Phone
Q2-04526,2023-04-25,878,498.49,Phone
Q2-04527,2023-04-16,3918,263.03,In-Store
Q2-04528,2023-06-18,4219,438.72,Phone
Q2-04529,2023-06-07,1947,236.04,In-Store
Q2-04530,2023-04-23,4446,142.91,Online
Q2-04531,2023-05-21,1563,203.33,Online
Q2-04532,2023-05-17,1686,12.37,Phone
Q2-04533,2023-05-22,2150,189.56,Online
Q2-04534,2023-06-08,4145,177.13,Online
Q2-04535,2023-06-02,1582,42.55,In-Store
Q2-04536,2023-06-21,256,374.31,Online
Q2-04537,2023-06-18,3390,80.47,Phone
Q2-04538,2023-05-29,4951,260.34,Online
Q2-04539,2023-06-13,4078,204.69,Phone
Q2-04540,2023-04-22,4259,448.61,Online
Q2-04541,2023-05-05,3851,254.72,Phone
Q2-04542,2023-04-03,3067,316.68,Online
Q2-04543,2023-04-06,2911,72.58,In-Store
Q2-04544,2023-04-03,3179,477.75,In-Store
Q2-04545,2023-04-07,1438,226.94,In-Store
Q2-04546,2023-05-02,1228,249.54,In-Store
Q2-04547,2023-04-28,1657,148.98,Phone
Q2-04548,2023-05-28,4357,84.63,Phone
Q2-04549,2023-06-08,2885,107.57,Online
Q2-04550,2023-06-08,3201,448.98,Online
Q2-04551,2023-04-09,2573,64.77,Online
Q2-04552,2023-06-10,968,423.76,In-Store
Q2-04553,2023-04-18,2711,371.07,Phone
Q2-04554,2023-05-04,1195,423.89,Online
Q2-04555,2023-06-04,182,480.4,In-Store
Q2-04556,2023-04-14,2994,6.31,Phone
Q2-04557,2023-06-22,350,303.46,Online
Q2-04558,2023-04-19,3205,80.35,Online
Q2-04559,2023-06-10,2280,30.19,Online
Q2-04560,2023-05-17,1656,186.82,Phone
Q2-04561,2023-06-18,4173,284.05,Phone
Q2-04562,2023-06-14,1185,174.57,Online
Q2-04563,2023-06-03,3149,59.48,Online
Q2-04564,2023-04-22,3856,42.55,In-Store
Q2-04565,2023-05-07,4307,20.76,In-Store
Q2-04566,2023-05-27,3467,157.82,Phone
Q2-04567,2023-04-07,389,438.37,Phone
Q2-04568,2023-04-05,4964,465.77,In-Store
Q2-04569,2023-04-27,2422,244.94,In-Store
Q2-04570,2023-06-15,1794,317.89,In-Store
Q2-04571,2023-06-27,3725,361.27,In-Store
Q2-04572,2023-04-16,1567,130.12,In-Store
Q2-04573,2023-04-22,4974,441.84,Online
Q2-04574,2023-06-01,702,132.39,In-Store
Q2-04575,2023-05-03,1939,453.5,In-Store
Q2-04576,2023-05-21,643,221.24,Online
Q2-04577,2023-05-27,4339,225.79,In-Store
Q2-04578,2023-06-14,1164,70.89,Online
Q2-04579,2023-04-04,1338,477.57,In-Store
Q2-04580,2023-04-02,1916,106.98,Phone
Q2-04581,2023-05-02,4110,157.32,Phone
Q2-04582,2023-06-22,1726,232.4,Phone
Q2-04583,2023-04-05,3977,125.57,In-Store
Q2-04584,2023-05-18,1893,164.16,Online
Q2-04585,2023-05-05,2771,328.59,Phone
Q2-04586,2023-04-06,355,136.65,Online
Q2-04587,2023-05-07,3200,448.14,Phone
Q2-04588,2023-05-02,1931,458.66,Online
Q2-04589,2023-04-19,2587,418.22,Online
Q2-04590,2023-04-20,1213,119.7,Phone
Q2-04591,2023-04-05,4379,26.66,Online
Q2-04592,2023-05-16,4117,339.79,Phone
Q2-04593,2023-06-19,1792,454.22,In-Store
Q2-04594,2023-06-20,870,466.67,Online
Q2-04595,2023-04-29,170,227.82,In-Store
Q2-04596,2023-05-18,1913,216.75,In-Store
Q2-04597,2023-06-05,3956,366.26,Online
Q2-04598,2023-04-10,3237,151.29,Phone
Q2-04599,2023-06-24,1826,91.84,In-Store
Q2-04600,2023-06-11,750,68.97,In-Store
Q2-04601,2023-04-29,1457,335.51,In-Store
Q2-04602,2023-06-15,2617,87.01,In-Store
Q2-04603,2023-05-13,217,320.1,In-Store
Q2-04604,2023-04-10,3435,345.26,Online
Q2-04605,2023-06-25,4387,19.63,In-Store
Q2-04606,2023-06-05,1633,324.7,In-Store
Q2-04607,2023-04-08,2814,450.03,In-Store
Q2-04608,2023-04-02,2040,454.23,In-Store
Q2-04609,2023-06-22,1199,41.28,Phone
Q2-04610,2023-04-02,2116,353.01,In-Store
Q2-04611,2023-04-15,1010,386.09,In-Store
Q2-04612,2023-05-09,4906,135.56,Phone
Q2-04613,2023-05-29,4256,53.17,Phone
Q2-04614,2023-05-09,1124,84.82,Phone
Q2-04615,2023-06-19,682,302.63,In-Store
Q2-04616,2023-04-20,4428,440.66,In-Store
Q2-04617,2023-04-25,3527,421.9,Phone
Q2-04618,2023-05-03,4477,362.06,Phone
Q2-04619,2023-04-16,129,242.68,Online
Q2-04620,2023-04-19,4403,269.03,In-Store
Q2-04621,2023-04-26,4651,273.26,In-Store
Q2-04622,2023-04-19,612,460.84,Online
Q2-04623,2023-04-11,879,115.13,In-Store
Q2-04624,2023-06-05,4501,403.68,Online
Q2-04625,2023-04-28,4396,294.38,Phone
Q2-04626,2023-05-29,4445,444.96,In-Store
Q2-04627,2023-04-20,4200,215.48,Online
Q2-04628,2023-06-24,3188,166.85,In-Store
Q2-04629,2023-05-12,1621,245.2,Phone
Q2-04630,2023-06-10,2428,11.06,Online
Q2-04631,2023-05-16,3296,156.11,Phone
Q2-04632,2023-04-04,2908,476.85,Online
Q2-04633,2023-04-24,1676,334.34,Online
Q2-04634,2023-06-07,4479,207.45,In-Store
Q2-04635,2023-05-19,3720,183.67,Online
Q2-04636,2023-04-24,328,76.2,In-Store
Q2-04637,2023-04-07,2444,454.51,Online
Q2-04638,2023-04-20,4295,493.98,Phone
Q2-04639,2023-04-09,4486,25.82,In-Store
Q2-04640,2023-06-15,3276,186.37,In-Store
Q2-04641,2023-06-19,4830,288.54,Phone
Q2-04642,2023-05-09,1289,66.05,In-Store
Q2-04643,2023-05-08,4922,280.45,Phone
Q2-04644,2023-04-26,3859,499.54,Online
Q2-04645,2023-06-18,2460,475.93,Online
Q2-04646,2023-05-11,3568,296.18,Phone
Q2-04647,2023-04-28,1057,431.32,Phone
Q2-04648,2023-05-04,96,434.12,Online
Q2-04649,2023-05-27,39,179.47,Phone
Q2-04650,2023-05-13,4316,498.12,Online
Q2-04651,2023-04-06,278,353.34,Phone
Q2-04652,2023-04-20,2945,352.35,Phone
Q2-04653,2023-05-25,2311,128.58,Phone
Q2-04654,2023-04-30,3974,339.5,In-Store
Q2-04655,2023-05-24,2178,299.79,In-Store
Q2-04656,2023-04-01,1341,226.44,Online
Q2-04657,2023-04-02,1122,432.95,Online
Q2-04658,2023-04-29,3586,204.67,Online
Q2-04659,2023-04-19,99,172.23,In-Store
Q2-04660,2023-06-19,3797,24.84,Phone
Q2-04661,2023-05-31,2134,459.18,Online
Q2-04662,2023-05-29,4969,10.43,Online
Q2-04663,2023-06-08,724,76.3,In-Store
Q2-04664,2023-05-03,2620,102.33,Phone
Q2-04665,2023-04-15,4878,496.44,Online
Q2-04666,2023-05-18,2139,208.43,Online
Q2-04667,2023-04-30,2917,398.28,In-Store
Q2-04668,2023-05-14,1187,359.94,In-Store
Q2-04669,2023-05-28,1800,31.76,Phone
Q2-04670,2023-05-03,2147,147.86,In-Store
Q2-04671,2023-05-24,1012,19.64,Online
Q2-04672,2023-04-25,1388,284.75,In-Store
Q2-04673,2023-04-14,2270,162.3,In-Store
Q2-04674,2023-04-28,2990,184.95,In-Store
Q2-04675,2023-06-12,1967,84.1,Online
Q2-04676,2023-04-11,3280,114.55,In-Store
Q2-04677,2023-05-12,402,25.45,Online
Q2-04678,2023-06-15,195,341.73,Phone
Q2-04679,2023-06-15,2097,60.64,In-Store
Q2-04680,2023-06-17,2411,252.26,Phone
Q2-04681,2023-06-15,3368,211.58,Online
Q2-04682,2023-05-07,2448,196.42,Online
Q2-04683,2023-05-27,2304,144.53,Online
Q2-04684,2023-04-12,2169,280.0,Online
Q2-04685,2023-06-22,2339,472.69,Online
Q2-04686,2023-05-13,3308,64.6,In-Store
Q2-04687,2023-04-04,2521,490.53,In-Store
Q2-04688,2023-04-01,392,343.2,Phone
Q2-04689,2023-06-05,4818,225.71,Phone
Q2-04690,2023-04-10,2626,453.14,Online
Q2-04691,2023-06-16,4361,366.04,Online
Q2-04692,2023-04-14,4417,51.36,In-Store
Q2-04693,2023-06-20,1956,338.73,Phone
Q2-04694,2023-05-09,3944,10.9,In-Store
Q2-04695,2023-05-31,827,101.38,Phone
Q2-04696,2023-04-28,1031,129.89,Online
Q2-04697,2023-06-21,2160,399.49,Online
Q2-04698,2023-04-26,3767,338.91,Phone
Q2-04699,2023-04-16,2225,126.08,Online
Q2-04700,2023-04-14,81,140.99,In-Store
Q2-04701,2023-04-14,3135,80.8,Online
Q2-04702,2023-04-03,1826,334.17,Online
Q2-04703,2023-06-19,3194,233.15,Phone
Q2-04704,2023-05-27,1725,227.02,In-Store
Q2-04705,2023-06-25,391,319.68,In-Store
Q2-04706,2023-05-15,1650,72.96,Online
Q2-04707,2023-05-09,1032,379.48,Online
Q2-04708,2023-04-12,4398,257.73,Phone
Q2-04709,2023-06-18,341,304.76,In-Store
Q2-04710,2023-05-28,2985,180.07,Phone
Q2-04711,2023-04-20,4703,137.84,Online
Q2-04712,2023-06-15,1586,251.78,Phone
Q2-04713,2023-05-12,1874,484.14,Phone
Q2-04714,2023-04-25,4595,104.67,Phone
Q2-04715,2023-04-20,1855,376.01,Online
Q2-04716,2023-04-24,1627,275.56,Online
Q2-04717,2023-06-21,3956,252.47,Online
Q2-04718,2023-04-16,670,362.74,Phone
Q2-04719,2023-06-08,4596,412.24,Phone
Q2-04720,2023-04-10,3432,263.15,In-Store
Q2-04721,2023-06-19,800,427.52,In-Store
Q2-04722,2023-05-01,1640,394.34,Online
Q2-04723,2023-05-16,256,377.27,In-Store
Q2-04724,2023-04-08,27,326.81,Phone
Q2-04725,2023-04-03,1477,139.35,Online
Q2-04726,2023-05-13,1773,257.4,In-Store
Q2-04727,2023-05-29,221,151.87,Online
Q2-04728,2023-05-12,1549,182.08,Phone
Q2-04729,2023-05-31,4245,379.16,In-Store
Q2-04730,2023-05-21,2567,94.5,Phone
Q2-04731,2023-04-17,1178,452.91,Online
Q2-04732,2023-06-30,1134,238.15,Phone
Q2-04733,2023-06-03,4053,497.65,Phone
Q2-04734,2023-05-27,4915,319.75,In-Store
Q2-04735,2023-06-03,372,18.96,Online
Q2-04736,2023-04-26,4695,377.41,Online
Q2-04737,2023-06-05,2078,437.12,Online
Q2-04738,2023-04-17,273,59.02,In-Store
Q2-04739,2023-04-07,3533,333.65,Online
Q2-04740,2023-05-21,3439,313.43,Phone
Q2-04741,2023-04-10,2290,77.5,Online
Q2-04742,2023-05-08,4504,434.31,Phone
Q2-04743,2023-04-10,3342,165.92,In-Store
Q2-04744,2023-04-24,2349,132.1,In-Store
Q2-04745,2023-04-13,136,308.23,In-Store
Q2-04746,2023-04-29,834,240.85,In-Store
Q2-04747,2023-04-03,557,390.54,Phone
Q2-04748,2023-04-20,4647,389.95,Phone
Q2-04749,2023-04-10,4414,104.4,Online
Q2-04750,2023-05-03,2109,487.73,In-Store
Q2-04751,2023-06-02,4017,226.64,In-Store
Q2-04752,2023-06-09,476,240.09,Phone
Q2-04753,2023-05-26,2864,413.82,Phone
Q2-04754,2023-04-20,1658,259.8,Online
Q2-04755,2023-04-13,725,498.12,In-Store
Q2-04756,2023-05-28,3999,101.23,In-Store
Q2-04757,2023-05-14,4225,391.15,In-Store
Q2-04758,2023-04-12,572,215.73,Phone
Q2-04759,2023-04-21,2194,428.47,Phone
Q2-04760,2023-06-15,3615,234.63,Online
Q2-04761,2023-05-20,832,7.05,Phone
Q2-04762,2023-04-06,1611,310.85,In-Store
Q2-04763,2023-04-23,1637,368.13,Phone
Q2-04764,2023-05-29,1901,469.61,Phone
Q2-04765,2023-04-15,3889,139.85,Phone
Q2-04766,2023-06-30,4182,34.62,Phone
Q2-04767,2023-06-26,4745,216.13,Phone
Q2-04768,2023-04-08,3943,36.89,Online
Q2-04769,2023-06-13,2982,482.96,In-Store
Q2-04770,2023-04-30,2605,253.3,In-Store
Q2-04771,2023-04-09,1238,492.49,Online
Q2-04772,2023-05-23,2933,343.21,Phone
Q2-04773,2023-06-25,3906,203.83,In-Store
Q2-04774,2023-06-23,316,15.01,In-Store
Q2-04775,2023-04-28,1275,428.12,Phone
Q2-04776,2023-04-18,1385,326.09,Phone
Q2-04777,2023-04-02,2507,228.94,Phone
Q2-04778,2023-05-30,970,137.88,Online
Q2-04779,2023-04-24,3710,384.43,Phone
Q2-04780,2023-05-29,1189,20.0,Phone
Q2-04781,2023-06-08,1042,158.09,Online
Q2-04782,2023-05-16,4316,95.23,Online
Q2-04783,2023-04-04,4585,466.29,Phone
Q2-04784,2023-04-07,3905,21.4,In-Store
Q2-04785,2023-05-23,492,140.04,Phone
Q2-04786,2023-06-26,1936,103.08,Phone
Q2-04787,2023-06-07,813,42.09,In-Store
Q2-04788,2023-06-05,4301,483.85,In-Store
Q2-04789,2023-06-03,2624,52.82,Online
Q2-04790,2023-05-23,3095,303.53,Online
Q2-04791,2023-05-16,2360,289.79,Online
Q2-04792,2023-04-07,3032,343.7,In-Store
Q2-04793,2023-05-13,1173,169.36,Online
Q2-04794,2023-06-07,4879,49.94,Phone
Q2-04795,2023-04-17,3044,357.05,In-Store
Q2-04796,2023-06-21,2218,41.4,Phone
Q2-04797,2023-06-17,4436,411.47,In-Store
Q2-04798,2023-06-11,2708,437.76,Online
Q2-04799,2023-04-27,1389,344.47,In-Store
Q2-04800,2023-06-26,1137,383.67,In-Store
Q2-04801,2023-04-08,1195,338.03,Online
Q2-04802,2023-04-11,4044,388.01,Online
Q2-04803,2023-04-09,2377,455.37,In-Store
Q2-04804,2023-05-12,3209,5.86,In-Store
Q2-04805,2023-05-10,3905,431.66,In-Store
Q2-04806,2023-05-13,1446,197.77,Phone
Q2-04807,2023-06-30,2918,46.16,Phone
Q2-04808,2023-06-30,3569,210.36,Online
Q2-04809,2023-04-26,3406,256.69,Phone
Q2-04810,2023-05-13,1104,333.23,Online
Q2-04811,2023-04-04,45,317.55,Phone
Q2-04812,2023-04-09,4267,163.24,Phone
Q2-04813,2023-04-15,3188,228.98,Phone
Q2-04814,2023-05-24,1291,53.89,Phone
Q2-04815,2023-05-19,2847,466.61,Online
Q2-04816,2023-04-27,1243,272.41,In-Store
Q2-04817,2023-05-14,3595,310.29,Online
Q2-04818,2023-04-01,31,457.62,Online
Q2-04819,2023-06-05,2314,96.77,Phone
Q2-04820,2023-04-17,3494,417.55,Online
Q2-04821,2023-05-13,4350,437.42,Online
Q2-04822,2023-06-04,3666,146.15,In-Store
Q2-04823,2023-05-19,4361,369.71,Phone
Q2-04824,2023-05-03,3099,288.35,Online
Q2-04825,2023-04-30,4484,385.82,In-Store
Q2-04826,2023-06-26,1448,426.09,Phone
Q2-04827,2023-05-06,3517,15.3,In-Store
Q2-04828,2023-06-27,1964,50.35,In-Store
Q2-04829,2023-05-14,112,411.15,Online
Q2-04830,2023-05-17,377,223.3,Online
Q2-04831,2023-04-24,1466,412.64,In-Store
Q2-04832,2023-04-05,126,325.14,Phone
Q2-04833,2023-06-21,2976,396.21,Online
Q2-04834,2023-06-13,2064,110.56,In-Store
Q2-04835,2023-06-07,4144,75.47,Online
Q2-04836,2023-06-06,4084,319.88,Online
Q2-04837,2023-04-28,2056,85.56,Phone
Q2-04838,2023-06-23,3544,264.66,Online
Q2-04839,2023-04-18,367,316.29,Online
Q2-04840,2023-06-01,2172,217.01,Online
Q2-04841,2023-06-19,3220,247.94,Phone
Q2-04842,2023-04-25,4886,313.94,In-Store
Q2-04843,2023-04-05,1153,116.53,Phone
Q2-04844,2023-04-14,4817,433.18,Phone
Q2-04845,2023-05-23,4929,207.5,Online
Q2-04846,2023-06-09,641,130.85,In-Store
Q2-04847,2023-05-19,1053,387.48,Phone
Q2-04848,2023-05-20,2017,441.01,Phone
Q2-04849,2023-04-29,3644,41.67,Phone
Q2-04850,2023-05-05,3666,401.96,In-Store
Q2-04851,2023-04-28,220,202.54,Phone
Q2-04852,2023-05-04,2224,241.55,In-Store
Q2-04853,2023-04-19,3670,101.15,In-Store
Q2-04854,2023-04-11,190,140.82,Phone
Q2-04855,2023-06-09,297,426.14,Online
Q2-04856,2023-04-04,1001,227.71,Phone
Q2-04857,2023-05-17,2061,280.73,Phone
Q2-04858,2023-06-04,2196,484.5,Online
Q2-04859,2023-04-18,3876,370.98,Phone
Q2-04860,2023-04-23,1637,177.11,Phone
Q2-04861,2023-06-13,3661,79.96,In-Store
Q2-04862,2023-06-05,4133,173.45,In-Store
Q2-04863,2023-06-17,3128,214.19,In-Store
Q2-04864,2023-04-04,4104,179.04,Phone
Q2-04865,2023-04-02,3795,390.07,Phone
Q2-04866,2023-06-25,185,32.78,Online
Q2-04867,2023-04-30,2761,157.83,In-Store
Q2-04868,2023-06-18,1684,245.03,Phone
Q2-04869,2023-06-17,1057,416.9,Online
Q2-04870,2023-06-10,1808,38.08,In-Store
Q2-04871,2023-05-17,3869,276.54,In-Store
Q2-04872,2023-06-26,1538,24.47,In-Store
Q2-04873,2023-06-19,2192,95.36,Phone
Q2-04874,2023-06-21,3116,138.17,Phone
Q2-04875,2023-06-19,287,393.7,Phone
Q2-04876,2023-04-03,1101,133.31,In-Store
Q2-04877,2023-04-18,2664,112.69,Phone
Q2-04878,2023-04-25,978,468.4,Online
Q2-04879,2023-05-09,4161,399.63,In-Store
Q2-04880,2023-06-12,4133,159.41,Phone
Q2-04881,2023-04-04,4328,82.74,Online
Q2-04882,2023-04-23,2098,185.93,Phone
Q2-04883,2023-04-12,4849,16.55,Phone
Q2-04884,2023-06-16,2214,361.99,Phone
Q2-04885,2023-05-10,1397,405.98,Online
Q2-04886,2023-04-07,1734,137.99,Online
Q2-04887,2023-06-14,4352,308.41,Phone
Q2-04888,2023-04-16,3820,267.81,In-Store
Q2-04889,2023-06-01,3050,270.57,Phone
Q2-04890,2023-05-07,3204,274.49,In-Store
Q2-04891,2023-04-08,1005,456.3,Online
Q2-04892,2023-05-13,277,299.08,Phone
Q2-04893,2023-04-01,1514,349.39,Online
Q2-04894,2023-04-22,2866,361.7,Phone
Q2-04895,2023-06-28,4504,263.54,In-Store
Q2-04896,2023-06-23,3650,397.77,In-Store
Q2-04897,2023-04-02,1813,450.05,In-Store
Q2-04898,2023-06-26,4905,273.5,Online
Q2-04899,2023-04-26,1143,141.36,In-Store
Q2-04900,2023-06-16,1324,360.05,Phone
Q2-04901,2023-05-30,1515,490.73,Phone
Q2-04902,2023-04-16,2396,468.54,In-Store
Q2-04903,2023-05-10,4970,270.48,Online
Q2-04904,2023-06-10,3587,487.82,Phone
Q2-04905,2023-04-22,4888,108.0,In-Store
Q2-04906,2023-06-17,3762,470.69,Phone
Q2-04907,2023-05-22,3229,428.59,Online
Q2-04908,2023-06-28,1024,366.04,Phone
Q2-04909,2023-06-06,3163,228.37,In-Store
Q2-04910,2023-04-24,3135,122.51,Phone
Q2-04911,2023-06-21,4685,95.21,In-Store
Q2-04912,2023-04-26,189,247.4,Online
Q2-04913,2023-05-01,3208,129.59,Online
Q2-04914,2023-05-19,4139,254.9,Online
Q2-04915,2023-04-28,1229,346.1,Phone
Q2-04916,2023-06-12,3306,102.15,In-Store
Q2-04917,2023-05-06,4772,339.2,In-Store
Q2-04918,2023-05-09,2529,209.59,Online
Q2-04919,2023-06-10,4249,242.72,Phone
Q2-04920,2023-05-18,1763,488.09,Online
Q2-04921,2023-05-16,1302,480.99,Phone
Q2-04922,2023-05-04,1786,363.64,Online
Q2-04923,2023-06-22,2104,385.77,Online
Q2-04924,2023-06-23,509,346.0,Online
Q2-04925,2023-06-29,2750,438.82,Phone
Q2-04926,2023-04-21,3649,129.59,Online
Q2-04927,2023-06-12,1185,418.82,Phone
Q2-04928,2023-05-17,3044,171.88,Phone
Q2-04929,2023-06-30,2765,300.37,Phone
Q2-04930,2023-04-29,1674,123.37,Online
Q2-04931,2023-04-11,2892,231.24,In-Store
Q2-04932,2023-06-09,4883,388.58,Online
Q2-04933,2023-04-07,396,176.33,Phone
Q2-04934,2023-04-02,1645,348.62,In-Store
Q2-04935,2023-06-28,2633,481.67,Online
Q2-04936,2023-06-19,2082,65.46,Phone
Q2-04937,2023-04-17,3107,450.39,Phone
Q2-04938,2023-06-30,183,135.96,Phone
Q2-04939,2023-06-12,1729,194.89,Phone
Q2-04940,2023-06-09,4681,23.61,Online
Q2-04941,2023-04-01,1217,106.03,Phone
Q2-04942,2023-06-05,4959,268.56,Online
Q2-04943,2023-06-26,1933,34.54,In-Store
Q2-04944,2023-06-13,4904,276.68,Online
Q2-04945,2023-06-30,1517,76.36,Online
Q2-04946,2023-04-17,3099,61.69,Phone
Q2-04947,2023-05-28,4209,214.8,In-Store
Q2-04948,2023-05-01,1073,112.1,Phone
Q2-04949,2023-05-14,3011,366.61,In-Store
Q2-04950,2023-05-03,1215,88.15,Phone
Q2-04951,2023-04-16,432,25.44,Phone
Q2-04952,2023-05-11,1718,385.84,Online
Q2-04953,2023-06-16,4376,425.83,In-Store
Q2-04954,2023-04-11,1689,314.58,Phone
Q2-04955,2023-06-02,2613,275.93,Online
Q2-04956,2023-06-24,2067,230.65,In-Store
Q2-04957,2023-05-03,2243,241.44,Online
Q2-04958,2023-05-26,628,485.08,In-Store
Q2-04959,2023-05-18,45,271.22,Phone
Q2-04960,2023-06-11,848,391.87,Online
Q2-04961,2023-06-16,1534,491.66,Online
Q2-04962,2023-06-12,1399,475.34,Online
Q2-04963,2023-04-13,958,377.14,Online
Q2-04964,2023-04-25,2445,18.13,Online
Q2-04965,2023-06-19,4628,275.85,Online
Q2-04966,2023-04-02,1658,175.31,Phone
Q2-04967,2023-05-10,4114,296.1,In-Store
Q2-04968,2023-05-02,2701,371.1,In-Store
Q2-04969,2023-06-28,4956,254.68,Online
Q2-04970,2023-06-22,1209,492.5,In-Store
Q2-04971,2023-04-30,1274,26.13,In-Store
Q2-04972,2023-04-15,237,114.06,Online
Q2-04973,2023-06-11,2023,255.73,Phone
Q2-04974,2023-05-07,691,174.19,Online
Q2-04975,2023-06-15,4680,323.59,Online
Q2-04976,2023-05-14,2411,405.67,Online
Q2-04977,2023-04-10,1829,195.98,Phone
Q2-04978,2023-04-06,2174,164.02,Online
Q2-04979,2023-04-15,2306,425.74,Phone
Q2-04980,2023-04-19,4708,73.28,Phone
Q2-04981,2023-05-23,1705,72.92,Online
Q2-04982,2023-06-22,3866,330.5,Online
Q2-04983,2023-04-27,2222,229.3,In-Store
Q2-04984,2023-04-11,1598,247.71,Phone
Q2-04985,2023-04-11,300,102.42,Online
Q2-04986,2023-06-29,2638,337.41,In-Store
Q2-04987,2023-05-04,972,257.95,Phone
Q2-04988,2023-06-27,566,472.32,Online
Q2-04989,2023-04-01,1091,325.53,Online
Q2-04990,2023-05-03,3742,299.23,Phone
Q2-04991,2023-06-09,4616,164.93,Online
Q2-04992,2023-06-07,2638,427.68,Online
Q2-04993,2023-05-17,4930,34.97,Online
Q2-04994,2023-06-02,2314,263.21,Online
Q2-04995,2023-04-24,4748,423.65,In-Store
Q2-04996,2023-06-12,3928,23.23,Online
Q2-04997,2023-06-04,4403,8.34,In-Store
Q2-04998,2023-05-28,664,108.67,Phone
Q2-04999,2023-04-06,4814,374.29,In-Store
Q2-05000,2023-05-28,854,296.42,Online
