transaction_id,sale_date,customer_id,amount,channel
Q1-00001,2023-03-03,2290,39.25,Phone
Q1-00002,2023-02-26,2579,435.83,In-Store
Q1-00003,2023-02-19,4139,12.18,In-Store
Q1-00004,2023-02-21,1908,32.17,Online
Q1-00005,2023-01-03,4212,117.83,In-Store
Q1-00006,2023-01-05,190,257.82,In-Store
Q1-00007,2023-03-18,2441,164.64,Phone
Q1-00008,2023-03-09,1821,187.63,Phone
Q1-00009,2023-02-15,2647,136.08,Phone
Q1-00010,2023-01-03,1843,473.09,In-Store
Q1-00011,2023-02-17,2222,215.08,In-Store
Q1-00012,2023-01-09,3774,375.27,Online
Q1-00013,2023-03-25,232,290.0,In-Store
Q1-00014,2023-01-30,1502,135.53,In-Store
Q1-00015,2023-03-04,232,129.92,In-Store
Q1-00016,2023-01-05,4041,494.46,In-Store
Q1-00017,2023-03-07,4814,79.36,Online
Q1-00018,2023-03-17,3858,460.65,In-Store
Q1-00019,2023-03-20,4698,26.6,Online
Q1-00020,2023-03-28,4251,152.89,Phone
Q1-00021,2023-02-16,3622,142.93,Phone
Q1-00022,2023-03-27,3814,225.44,Phone
Q1-00023,2023-02-02,3232,345.03,Online
Q1-00024,2023-03-08,1822,61.07,Online
Q1-00025,2023-02-07,196,77.34,Phone
Q1-00026,2023-03-30,4368,245.54,Phone
Q1-00027,2023-03-22,2757,434.29,Phone
Q1-00028,2023-03-13,3177,36.12,Online
Q1-00029,2023-03-11,1177,22.34,Online
Q1-00030,2023-02-11,4165,380.03,Phone
Q1-00031,2023-03-14,1802,292.37,Online
Q1-00032,2023-01-25,1585,202.61,Phone
Q1-00033,2023-02-25,1749,220.95,Online
Q1-00034,2023-02-11,1520,260.5,Online
Q1-00035,2023-01-31,2077,217.58,In-Store
Q1-00036,2023-03-28,539,100.66,Online
Q1-00037,2023-01-29,1843,457.5,Phone
Q1-00038,2023-01-04,1061,277.43,Phone
Q1-00039,2023-03-12,4757,479.3,Online
Q1-00040,2023-02-01,1665,90.73,Phone
Q1-00041,2023-02-17,1627,297.0,Online
Q1-00042,2023-02-28,1521,201.51,In-Store
Q1-00043,2023-02-22,4107,276.14,Phone
Q1-00044,2023-03-17,2201,240.51,Online
Q1-00045,2023-02-11,3752,455.14,Phone
Q1-00046,2023-03-28,806,223.23,Phone
Q1-00047,2023-03-12,419,303.56,Online
Q1-00048,2023-03-11,1794,446.03,Online
Q1-00049,2023-01-04,1691,74.8,In-Store
Q1-00050,2023-03-11,864,477.68,Phone
Q1-00051,2023-01-30,1823,43.22,Online
Q1-00052,2023-03-21,2994,442.23,In-Store
Q1-00053,2023-02-16,3976,87.16,In-Store
Q1-00054,2023-03-07,2413,11.69,In-Store
Q1-00055,2023-03-10,3592,31.27,Online
Q1-00056,2023-02-21,4269,45.35,Online
Q1-00057,2023-02-19,2596,43.42,Phone
Q1-00058,2023-02-08,544,355.22,In-Store
Q1-00059,2023-02-28,828,360.78,Online
Q1-00060,2023-01-07,1820,31.2,Phone
Q1-00061,2023-03-09,770,331.57,In-Store
Q1-00062,2023-02-03,1956,467.89,Online
Q1-00063,2023-01-14,2675,17.21,Phone
Q1-00064,2023-01-21,2645,369.27,Phone
Q1-00065,2023-01-02,4004,11.29,Phone
Q1-00066,2023-02-10,3677,257.75,Online
Q1-00067,2023-01-19,4904,333.11,Phone
Q1-00068,2023-02-12,2196,231.62,Online
Q1-00069,2023-02-10,2244,452.15,Online
Q1-00070,2023-02-01,89,423.63,Online
Q1-00071,2023-01-24,1251,325.65,In-Store
Q1-00072,2023-03-06,3127,70.86,In-Store
Q1-00073,2023-01-10,2196,97.17,Online
Q1-00074,2023-01-28,3001,74.16,Phone
Q1-00075,2023-01-25,1614,148.75,In-Store
Q1-00076,2023-01-21,3975,107.23,Phone
Q1-00077,2023-03-05,4348,264.59,Online
Q1-00078,2023-01-02,2390,274.48,Phone
Q1-00079,2023-01-15,2049,179.62,Phone
Q1-00080,2023-01-21,1669,176.32,Phone
Q1-00081,2023-01-28,658,463.11,In-Store
Q1-00082,2023-03-22,1596,229.58,In-Store
Q1-00083,2023-02-17,950,72.0,In-Store
Q1-00084,2023-03-18,2430,168.81,Online
Q1-00085,2023-03-04,500,290.94,In-Store
Q1-00086,2023-01-10,4965,163.73,Online
Q1-00087,2023-03-21,1417,50.41,Online
Q1-00088,2023-02-28,325,289.14,Phone
Q1-00089,2023-01-03,2918,271.56,Phone
Q1-00090,2023-02-05,210,405.35,Phone
Q1-00091,2023-03-11,4877,427.91,Online
Q1-00092,2023-02-19,442,157.83,Phone
Q1-00093,2023-01-27,1697,428.51,In-Store
Q1-00094,2023-01-11,2212,378.74,Phone
Q1-00095,2023-03-02,3917,132.04,In-Store
Q1-00096,2023-02-17,3941,298.27,In-Store
Q1-00097,2023-03-30,3312,80.78,Online
Q1-00098,2023-03-12,4872,89.2,Online
Q1-00099,2023-03-05,1184,433.7,In-Store
Q1-00100,2023-03-25,1673,320.83,Online
Q1-00101,2023-03-21,1706,167.43,In-Store
Q1-00102,2023-03-20,2835,230.04,In-Store
Q1-00103,2023-03-11,2444,85.34,Online
Q1-00104,2023-02-05,2312,441.51,In-Store
Q1-00105,2023-01-10,3289,272.81,In-Store
Q1-00106,2023-02-09,2130,15.33,Phone
Q1-00107,2023-03-15,3630,494.18,Online
Q1-00108,2023-03-02,3816,396.96,Online
Q1-00109,2023-01-11,542,472.36,Online
Q1-00110,2023-03-09,1556,457.03,In-Store
Q1-00111,2023-03-07,3859,176.24,Online
Q1-00112,2023-01-26,769,472.6,In-Store
Q1-00113,2023-03-06,1079,233.92,Online
Q1-00114,2023-02-19,936,146.74,In-Store
Q1-00115,2023-02-21,4383,360.4,Phone
Q1-00116,2023-01-19,2336,357.68,Online
Q1-00117,2023-01-20,2688,208.95,In-Store
Q1-00118,2023-01-07,2005,273.84,Phone
Q1-00119,2023-01-12,2519,447.35,In-Store
Q1-00120,2023-01-28,867,449.18,In-Store
Q1-00121,2023-02-26,4000,76.05,Phone
Q1-00122,2023-03-19,4906,162.21,Phone
Q1-00123,2023-03-08,1288,52.5,Online
Q1-00124,2023-03-12,4087,337.54,Online
Q1-00125,2023-01-22,3707,471.72,Phone
Q1-00126,2023-01-19,1312,211.54,In-Store
Q1-00127,2023-03-03,4620,397.71,In-Store
Q1-00128,2023-03-17,421,154.47,In-Store
Q1-00129,2023-02-06,3695,194.6,Online
Q1-00130,2023-02-25,1763,203.96,Phone
Q1-00131,2023-02-26,699,180.16,Online
Q1-00132,2023-03-25,1779,24.14,Phone
Q1-00133,2023-02-20,4271,394.31,Phone
Q1-00134,2023-01-21,3645,149.78,Phone
Q1-00135,2023-02-04,4364,31.64,Phone
Q1-00136,2023-03-25,612,99.73,Phone
Q1-00137,2023-02-01,2304,40.13,Online
Q1-00138,2023-01-31,3147,204.46,Phone
Q1-00139,2023-03-25,4434,59.83,Online
Q1-00140,2023-02-14,4368,447.12,In-Store
Q1-00141,2023-01-17,2640,477.6,Phone
Q1-00142,2023-01-13,4276,254.76,Phone
Q1-00143,2023-02-23,4703,148.52,Phone
Q1-00144,2023-02-22,2994,417.82,Phone
Q1-00145,2023-01-10,638,225.22,Phone
Q1-00146,2023-02-11,4010,330.34,In-Store
Q1-00147,2023-02-09,3232,301.38,Phone
Q1-00148,2023-03-20,3990,24.69,Phone
Q1-00149,2023-03-26,608,332.76,Phone
Q1-00150,2023-03-11,171,38.43,In-Store
Q1-00151,2023-02-14,1810,370.43,Online
Q1-00152,2023-02-01,4118,14.73,Phone
Q1-00153,2023-01-29,1750,236.89,In-Store
Q1-00154,2023-02-02,804,285.59,In-Store
Q1-00155,2023-02-05,699,433.73,Phone
Q1-00156,2023-01-18,4470,37.32,Online
Q1-00157,2023-03-21,3015,105.67,Phone
Q1-00158,2023-01-06,2094,135.77,Online
Q1-00159,2023-03-17,1353,333.22,Phone
Q1-00160,2023-03-26,1780,350.27,Phone
Q1-00161,2023-01-04,452,120.0,In-Store
Q1-00162,2023-03-13,4103,202.75,Online
Q1-00163,2023-01-04,1628,263.74,Phone
Q1-00164,2023-01-12,1641,29.99,Online
Q1-00165,2023-01-17,1843,364.18,In-Store
Q1-00166,2023-03-13,983,48.94,In-Store
Q1-00167,2023-01-12,4449,342.24,Phone
Q1-00168,2023-01-19,3020,272.06,Phone
Q1-00169,2023-02-09,2384,63.95,In-Store
Q1-00170,2023-02-04,562,207.93,Online
Q1-00171,2023-02-21,111,267.95,Phone
Q1-00172,2023-03-07,3475,323.4,Phone
Q1-00173,2023-01-12,3209,175.08,Online
Q1-00174,2023-03-13,2389,491.88,Online
Q1-00175,2023-02-04,2250,130.13,In-Store
Q1-00176,2023-02-04,3537,192.48,In-Store
Q1-00177,2023-01-05,4525,217.58,Phone
Q1-00178,2023-02-01,2531,459.34,Online
Q1-00179,2023-02-20,4309,114.46,Phone
Q1-00180,2023-02-13,1712,277.73,Phone
Q1-00181,2023-01-19,2539,287.32,Phone
Q1-00182,2023-02-24,3782,61.89,Phone
Q1-00183,2023-01-17,1421,147.85,Online
Q1-00184,2023-01-23,3528,279.4,In-Store
Q1-00185,2023-03-30,870,211.84,In-Store
Q1-00186,2023-03-09,2708,246.85,Online
Q1-00187,2023-02-14,4916,404.51,In-Store
Q1-00188,2023-02-16,2537,347.09,In-Store
Q1-00189,2023-02-14,334,345.18,Phone
Q1-00190,2023-02-13,912,256.71,Phone
Q1-00191,2023-01-27,2882,31.63,In-Store
Q1-00192,2023-03-20,2250,257.38,In-Store
Q1-00193,2023-02-27,4033,203.11,Online
Q1-00194,2023-03-29,1076,426.67,Phone
Q1-00195,2023-01-18,3362,416.01,Phone
Q1-00196,2023-03-15,2072,439.66,Online
Q1-00197,2023-01-09,1652,19.53,In-Store
Q1-00198,2023-03-04,4904,278.62,Phone
Q1-00199,2023-03-09,951,163.77,In-Store
Q1-00200,2023-03-07,2798,234.9,Phone
Q1-00201,2023-03-25,1838,461.01,Online
Q1-00202,2023-01-28,2048,393.51,Phone
Q1-00203,2023-01-22,758,333.27,Phone
Q1-00204,2023-01-03,1730,36.1,In-Store
Q1-00205,2023-01-05,3833,236.71,Online
Q1-00206,2023-03-02,4896,451.36,Phone
Q1-00207,2023-03-20,3524,240.79,Phone
Q1-00208,2023-03-13,2751,151.17,Online
Q1-00209,2023-01-06,1309,166.65,In-Store
Q1-00210,2023-01-17,1772,174.52,In-Store
Q1-00211,2023-03-19,4152,289.07,Phone
Q1-00212,2023-01-23,3373,76.22,Phone
Q1-00213,2023-03-01,2773,251.96,Online
Q1-00214,2023-03-26,3862,211.37,Online
Q1-00215,2023-03-07,2972,191.11,In-Store
Q1-00216,2023-02-10,696,26.27,Phone
Q1-00217,2023-03-28,4101,420.61,In-Store
Q1-00218,2023-03-15,4853,215.04,In-Store
Q1-00219,2023-03-25,4532,472.9,Online
Q1-00220,2023-03-08,3387,203.22,Online
Q1-00221,2023-01-22,4940,422.53,In-Store
Q1-00222,2023-01-09,4074,398.02,Online
Q1-00223,2023-01-07,573,179.62,Online
Q1-00224,2023-01-16,538,414.09,In-Store
Q1-00225,2023-03-27,4709,307.45,Phone
Q1-00226,2023-03-22,4389,52.0,In-Store
Q1-00227,2023-03-12,1631,292.4,Online
Q1-00228,2023-03-12,1837,15.45,Online
Q1-00229,2023-02-17,1107,78.95,Online
Q1-00230,2023-03-05,9,260.47,Online
Q1-00231,2023-02-15,158,373.54,In-Store
Q1-00232,2023-03-02,4603,151.03,Online
Q1-00233,2023-02-17,4562,456.14,Phone
Q1-00234,2023-02-28,3302,197.95,Online
Q1-00235,2023-02-22,980,160.9,Online
Q1-00236,2023-02-28,891,465.23,Online
Q1-00237,2023-02-11,2668,279.35,Online
Q1-00238,2023-01-16,3085,455.95,In-Store
Q1-00239,2023-01-04,4555,178.04,Online
Q1-00240,2023-03-22,1003,452.81,Online
Q1-00241,2023-03-09,394,494.73,In-Store
Q1-00242,2023-03-08,995,66.55,In-Store
Q1-00243,2023-03-03,3001,456.05,In-Store
Q1-00244,2023-03-29,3367,127.94,Phone
Q1-00245,2023-02-27,1366,401.12,Phone
Q1-00246,2023-02-03,2143,364.26,In-Store
Q1-00247,2023-03-18,1549,486.07,Phone
Q1-00248,2023-02-16,4780,302.28,Online
Q1-00249,2023-02-14,4562,324.52,Online
Q1-00250,2023-03-01,898,220.36,In-Store
Q1-00251,2023-03-23,4739,500.0,Online
Q1-00252,2023-02-07,2487,134.78,Online
Q1-00253,2023-01-21,4663,214.9,Phone
Q1-00254,2023-02-28,2641,322.54,Online
Q1-00255,2023-03-29,2920,117.56,Phone
Q1-00256,2023-03-20,4242,360.42,Online
Q1-00257,2023-02-18,2361,420.48,Online
Q1-00258,2023-03-12,4684,353.06,Online
Q1-00259,2023-02-09,2504,137.21,Phone
Q1-00260,2023-01-12,2739,249.21,In-Store
Q1-00261,2023-01-29,4491,166.3,In-Store
Q1-00262,2023-01-15,2961,49.2,Phone
Q1-00263,2023-01-28,4093,296.53,Online
Q1-00264,2023-01-30,1050,207.91,Phone
Q1-00265,2023-03-07,930,149.79,In-Store
Q1-00266,2023-03-11,3418,467.77,In-Store
Q1-00267,2023-01-31,2765,351.83,Phone
Q1-00268,2023-01-01,2832,139.86,Online
Q1-00269,2023-02-09,3552,53.4,Phone
Q1-00270,2023-03-23,3859,26.76,Phone
Q1-00271,2023-03-19,281,377.45,Online
Q1-00272,2023-01-09,2171,435.63,In-Store
Q1-00273,2023-01-16,1585,418.17,Phone
Q1-00274,2023-01-25,1077,201.79,Phone
Q1-00275,2023-01-15,4223,50.79,Online
Q1-00276,2023-03-13,717,461.8,In-Store
Q1-00277,2023-02-12,2203,309.16,Phone
Q1-00278,2023-02-06,3893,445.96,Online
Q1-00279,2023-02-28,4266,306.17,In-Store
Q1-00280,2023-02-18,4083,299.47,Phone
Q1-00281,2023-01-09,2056,374.32,Online
Q1-00282,2023-02-25,495,479.01,Online
Q1-00283,2023-01-17,4050,6.55,Online
Q1-00284,2023-03-26,425,229.88,Online
Q1-00285,2023-01-01,1946,359.15,In-Store
Q1-00286,2023-03-16,2439,107.84,Online
Q1-00287,2023-01-23,359,90.4,Phone
Q1-00288,2023-02-15,816,496.2,In-Store
Q1-00289,2023-01-03,1952,63.15,In-Store
Q1-00290,2023-03-30,4201,10.44,Phone
Q1-00291,2023-01-06,3057,53.62,Online
Q1-00292,2023-03-11,2966,422.59,In-Store
Q1-00293,2023-03-07,4462,110.01,Online
Q1-00294,2023-01-08,1099,488.18,In-Store
Q1-00295,2023-01-28,3810,135.95,Online
Q1-00296,2023-03-16,4756,31.56,Phone
Q1-00297,2023-03-15,1216,251.57,Online
Q1-00298,2023-03-26,2656,43.96,Online
Q1-00299,2023-01-21,2962,6.73,Phone
Q1-00300,2023-01-04,3329,63.17,In-Store
Q1-00301,2023-03-25,4084,70.51,Phone
Q1-00302,2023-01-25,2506,101.93,Online
Q1-00303,2023-01-13,144,419.34,Phone
Q1-00304,2023-03-05,2068,473.76,In-Store
Q1-00305,2023-01-02,1655,170.19,Online
Q1-00306,2023-03-22,4246,320.39,In-Store
Q1-00307,2023-03-21,604,145.0,In-Store
Q1-00308,2023-02-13,585,14.15,Online
Q1-00309,2023-01-25,303,104.31,In-Store
Q1-00310,2023-01-23,4298,27.36,In-Store
Q1-00311,2023-02-21,3621,394.06,Phone
Q1-00312,2023-01-12,4203,108.38,Phone
Q1-00313,2023-03-09,4728,255.67,Phone
Q1-00314,2023-01-24,3410,461.46,In-Store
Q1-00315,2023-01-24,3213,381.36,Phone
Q1-00316,2023-02-12,4242,384.68,In-Store
Q1-00317,2023-03-15,683,108.73,In-Store
Q1-00318,2023-01-22,3412,71.81,Phone
Q1-00319,2023-03-30,612,258.1,Online
Q1-00320,2023-01-23,4306,7.76,Phone
Q1-00321,2023-03-09,4013,426.62,Online
Q1-00322,2023-03-23,2959,129.56,Phone
Q1-00323,2023-02-06,2624,338.28,Phone
Q1-00324,2023-01-09,2844,497.59,In-Store
Q1-00325,2023-02-14,1850,177.94,Phone
Q1-00326,2023-02-15,2591,429.52,In-Store
Q1-00327,2023-03-01,2188,125.81,In-Store
Q1-00328,2023-01-05,4640,263.05,In-Store
Q1-00329,2023-01-31,1355,283.35,In-Store
Q1-00330,2023-01-23,638,105.39,In-Store
Q1-00331,2023-01-26,1412,83.22,Phone
Q1-00332,2023-02-21,2860,338.63,Online
Q1-00333,2023-02-04,106,248.34,Online
Q1-00334,2023-01-04,3240,366.66,In-Store
Q1-00335,2023-02-19,1400,227.48,Phone
Q1-00336,2023-02-25,4430,371.33,Phone
Q1-00337,2023-02-27,4079,79.28,Phone
Q1-00338,2023-01-17,2644,53.25,In-Store
Q1-00339,2023-01-08,2302,398.48,Phone
Q1-00340,2023-02-15,3007,236.3,Online
Q1-00341,2023-02-22,2410,251.36,Phone
Q1-00342,2023-03-31,406,487.19,Phone
Q1-00343,2023-03-08,4538,390.16,Phone
Q1-00344,2023-02-20,3841,164.23,Online
Q1-00345,2023-02-16,1695,347.61,In-Store
Q1-00346,2023-01-05,950,427.79,Phone
Q1-00347,2023-01-09,1721,318.08,Online
Q1-00348,2023-02-01,302,69.63,In-Store
Q1-00349,2023-03-20,1758,353.72,Phone
Q1-00350,2023-03-06,4499,355.59,Online
Q1-00351,2023-01-09,3155,192.27,In-Store
Q1-00352,2023-03-22,193,173.54,In-Store
Q1-00353,2023-01-16,2910,451.21,Online
Q1-00354,2023-01-07,2665,76.16,Phone
Q1-00355,2023-03-14,114,491.58,In-Store
Q1-00356,2023-02-05,4263,145.69,Online
Q1-00357,2023-01-13,1430,239.25,Phone
Q1-00358,2023-01-05,4262,207.36,Phone
Q1-00359,2023-02-12,3085,358.15,Online
Q1-00360,2023-03-22,4225,241.33,Phone
Q1-00361,2023-01-11,2919,215.56,In-Store
Q1-00362,2023-02-26,3268,423.24,Online
Q1-00363,2023-03-06,3185,46.59,Online
Q1-00364,2023-01-24,3266,382.38,In-Store
Q1-00365,2023-03-14,934,182.94,Phone
Q1-00366,2023-02-17,4933,485.85,In-Store
Q1-00367,2023-01-31,2778,56.15,In-Store
Q1-00368,2023-02-12,4055,127.67,Phone
Q1-00369,2023-03-30,4768,179.11,Phone
Q1-00370,2023-01-24,773,353.3,In-Store
Q1-00371,2023-03-09,2743,187.54,Online
Q1-00372,2023-01-07,3056,37.71,Phone
Q1-00373,2023-01-29,1572,459.25,In-Store
Q1-00374,2023-02-21,841,285.62,Online
Q1-00375,2023-01-11,2209,52.53,In-Store
Q1-00376,2023-02-09,443,151.63,In-Store
Q1-00377,2023-02-07,1000,385.39,In-Store
Q1-00378,2023-01-05,1157,129.64,Phone
Q1-00379,2023-01-23,381,402.96,In-Store
Q1-00380,2023-03-02,3704,28.2,Online
Q1-00381,2023-03-13,1191,412.98,Online
Q1-00382,2023-01-17,4283,281.74,Phone
Q1-00383,2023-01-06,275,29.99,In-Store
Q1-00384,2023-03-09,2693,139.1,Phone
Q1-00385,2023-02-21,2347,443.77,Phone
Q1-00386,2023-03-26,1322,360.66,In-Store
Q1-00387,2023-02-12,2522,200.18,Phone
Q1-00388,2023-02-27,2073,160.38,In-Store
Q1-00389,2023-01-16,1362,221.21,In-Store
Q1-00390,2023-02-09,2590,470.67,Phone
Q1-00391,2023-01-17,2649,378.18,In-Store
Q1-00392,2023-03-04,507,397.76,In-Store
Q1-00393,2023-01-07,3249,250.67,In-Store
Q1-00394,2023-02-15,2519,135.64,Phone
Q1-00395,2023-02-06,4655,162.99,In-Store
Q1-00396,2023-03-27,4368,458.82,In-Store
Q1-00397,2023-01-29,4714,159.38,Phone
Q1-00398,2023-02-19,406,350.29,Online
Q1-00399,2023-02-20,811,491.68,Online
Q1-00400,2023-02-25,4737,229.58,Phone
Q1-00401,2023-03-20,3078,447.09,Online
Q1-00402,2023-01-12,498,278.59,Phone
Q1-00403,2023-02-17,756,392.33,In-Store
Q1-00404,2023-03-10,2260,442.76,Phone
Q1-00405,2023-01-16,2848,359.14,Phone
Q1-00406,2023-03-30,2006,121.58,Phone
Q1-00407,2023-02-03,4129,79.72,In-Store
Q1-00408,2023-01-20,1069,59.95,Phone
Q1-00409,2023-03-17,1516,435.54,In-Store
Q1-00410,2023-01-31,3630,169.76,Online
Q1-00411,2023-03-06,4245,493.03,Phone
Q1-00412,2023-01-17,883,214.43,In-Store
Q1-00413,2023-02-18,1926,194.41,In-Store
Q1-00414,2023-03-31,1247,185.37,Phone
Q1-00415,2023-01-24,3396,466.37,In-Store
Q1-00416,2023-03-07,4840,400.11,Phone
Q1-00417,2023-02-18,3795,431.05,In-Store
Q1-00418,2023-02-06,1667,270.53,In-Store
Q1-00419,2023-01-21,3231,300.5,Online
Q1-00420,2023-03-09,568,9.18,In-Store
Q1-00421,2023-03-28,1166,96.41,Online
Q1-00422,2023-02-17,4074,24.62,Online
Q1-00423,2023-02-06,1077,422.31,Phone
Q1-00424,2023-01-04,3496,454.45,In-Store
Q1-00425,2023-01-27,1744,452.68,Phone
Q1-00426,2023-03-26,4956,352.99,Phone
Q1-00427,2023-02-05,2853,147.59,In-Store
Q1-00428,2023-03-21,3394,427.83,Online
Q1-00429,2023-02-02,1403,368.65,Online
Q1-00430,2023-01-14,966,383.4,Online
Q1-00431,2023-03-17,3595,25.12,In-Store
Q1-00432,2023-01-13,478,252.22,Online
Q1-00433,2023-02-13,3107,221.77,Online
Q1-00434,2023-03-11,1164,210.87,Phone
Q1-00435,2023-03-07,1458,425.49,Phone
Q1-00436,2023-03-09,3046,320.98,Online
Q1-00437,2023-02-18,4097,333.93,In-Store
Q1-00438,2023-01-21,4978,244.93,Online
Q1-00439,2023-03-02,4642,495.67,Online
Q1-00440,2023-01-11,641,465.0,Phone
Q1-00441,2023-02-22,1497,411.54,Phone
Q1-00442,2023-02-06,671,54.99,Phone
Q1-00443,2023-03-19,3366,29.17,Online
Q1-00444,2023-02-13,3195,400.7,In-Store
Q1-00445,2023-01-06,194,198.1,Online
Q1-00446,2023-03-16,477,42.11,Phone
Q1-00447,2023-03-16,1629,415.36,Online
Q1-00448,2023-03-06,3747,59.19,Phone
Q1-00449,2023-03-17,896,85.31,Online
Q1-00450,2023-01-12,690,278.28,Phone
Q1-00451,2023-03-25,2677,208.35,Online
Q1-00452,2023-01-15,3639,387.87,Online
Q1-00453,2023-02-17,2018,418.48,Phone
Q1-00454,2023-01-02,4272,419.07,Phone
Q1-00455,2023-02-17,3446,377.12,Phone
Q1-00456,2023-01-28,1566,303.74,Online
Q1-00457,2023-01-20,1376,217.44,In-Store
Q1-00458,2023-01-30,2066,399.77,Online
Q1-00459,2023-02-11,429,281.04,Online
Q1-00460,2023-01-28,3565,399.33,In-Store
Q1-00461,2023-03-26,4815,286.43,In-Store
Q1-00462,2023-01-13,2626,351.48,In-Store
Q1-00463,2023-02-26,303,273.28,Phone
Q1-00464,2023-01-05,4857,449.86,In-Store
Q1-00465,2023-02-04,1268,48.28,Online
Q1-00466,2023-02-24,3951,131.64,In-Store
Q1-00467,2023-02-01,2845,177.93,Phone
Q1-00468,2023-01-24,3570,484.38,In-Store
Q1-00469,2023-02-20,3440,274.1,In-Store
Q1-00470,2023-02-15,61,76.09,Phone
Q1-00471,2023-01-22,2147,299.81,Phone
Q1-00472,2023-01-16,3200,356.48,Phone
Q1-00473,2023-01-12,312,223.46,In-Store
Q1-00474,2023-01-19,2075,216.11,Phone
Q1-00475,2023-02-06,1286,444.84,In-Store
Q1-00476,2023-03-01,4460,259.73,Phone
Q1-00477,2023-01-14,3802,377.29,In-Store
Q1-00478,2023-02-01,1387,426.98,In-Store
Q1-00479,2023-02-04,4789,345.4,Online
Q1-00480,2023-02-04,3307,192.15,Online
Q1-00481,2023-02-04,2344,486.35,In-Store
Q1-00482,2023-01-24,1274,309.19,Online
Q1-00483,2023-01-07,2022,92.87,Phone
Q1-00484,2023-02-11,4035,44.55,In-Store
Q1-00485,2023-03-05,4442,255.88,Phone
Q1-00486,2023-03-03,4091,235.77,Online
Q1-00487,2023-03-26,3176,372.75,Phone
Q1-00488,2023-01-25,2310,322.08,Online
Q1-00489,2023-01-07,2256,376.46,Online
Q1-00490,2023-03-12,780,370.3,In-Store
Q1-00491,2023-01-01,1424,360.78,Phone
Q1-00492,2023-03-20,4808,30.34,Phone
Q1-00493,2023-01-15,2166,336.28,In-Store
Q1-00494,2023-02-17,258,200.11,Online
Q1-00495,2023-02-24,122,238.8,In-Store
Q1-00496,2023-02-08,3720,292.59,In-Store
Q1-00497,2023-01-02,1694,149.47,Phone
Q1-00498,2023-02-24,1273,125.0,In-Store
Q1-00499,2023-02-08,1311,80.16,Online
Q1-00500,2023-02-05,3310,273.4,Online
Q1-00501,2023-01-21,1060,82.54,Phone
Q1-00502,2023-03-23,1005,140.43,Phone
Q1-00503,2023-01-13,1063,246.06,Phone
Q1-00504,2023-02-12,1187,86.25,Online
Q1-00505,2023-02-06,490,142.95,Online
Q1-00506,2023-01-18,3236,359.97,Online
Q1-00507,2023-03-22,1275,113.28,Online
Q1-00508,2023-03-01,488,153.13,Online
Q1-00509,2023-01-03,2275,279.49,In-Store
Q1-00510,2023-02-19,2707,292.5,In-Store
Q1-00511,2023-03-14,4103,214.8,Phone
Q1-00512,2023-02-01,3287,381.38,Phone
Q1-00513,2023-03-26,3770,114.26,In-Store
Q1-00514,2023-01-16,4471,370.68,In-Store
Q1-00515,2023-01-17,931,455.46,In-Store
Q1-00516,2023-02-25,125,271.32,Online
Q1-00517,2023-02-01,3655,47.62,Phone
Q1-00518,2023-03-09,100,123.19,Online
Q1-00519,2023-02-21,388,122.76,Phone
Q1-00520,2023-03-23,462,217.5,In-Store
Q1-00521,2023-01-20,1999,397.62,Phone
Q1-00522,2023-01-09,2666,287.08,In-Store
Q1-00523,2023-02-28,2503,128.94,Phone
Q1-00524,2023-03-27,639,219.21,Online
Q1-00525,2023-02-14,3059,22.11,Online
Q1-00526,2023-03-22,4596,350.98,Online
Q1-00527,2023-03-12,3376,340.47,Phone
Q1-00528,2023-02-26,4159,263.45,Online
Q1-00529,2023-01-14,3719,365.5,Online
Q1-00530,2023-03-15,1139,430.66,Online
Q1-00531,2023-02-22,3939,136.45,In-Store
Q1-00532,2023-01-08,1622,363.95,Online
Q1-00533,2023-03-06,3924,429.82,Online
Q1-00534,2023-03-13,2086,264.84,Online
Q1-00535,2023-03-13,22,95.25,Online
Q1-00536,2023-03-09,3306,81.85,Online
Q1-00537,2023-01-05,2678,450.34,Phone
Q1-00538,2023-03-31,2055,331.17,In-Store
Q1-00539,2023-01-19,553,136.9,In-Store
Q1-00540,2023-03-08,2063,137.25,Phone
Q1-00541,2023-03-16,497,244.46,Phone
Q1-00542,2023-03-03,2404,128.64,In-Store
Q1-00543,2023-02-17,3058,7.13,Phone
Q1-00544,2023-01-07,2856,105.94,Online
Q1-00545,2023-01-11,4467,88.09,Phone
Q1-00546,2023-01-19,2754,471.75,In-Store
Q1-00547,2023-01-23,1194,246.27,Online
Q1-00548,2023-03-06,1715,279.07,In-Store
Q1-00549,2023-01-29,2925,7.35,Phone
Q1-00550,2023-01-23,475,218.56,Phone
Q1-00551,2023-02-04,4500,392.72,Phone
Q1-00552,2023-01-19,4738,32.4,In-Store
Q1-00553,2023-03-09,3517,188.28,Phone
Q1-00554,2023-02-07,3793,57.48,Phone
Q1-00555,2023-03-12,4603,258.66,In-Store
Q1-00556,2023-02-22,1006,368.04,In-Store
Q1-00557,2023-02-01,1737,238.66,Phone
Q1-00558,2023-02-20,3574,156.74,Online
Q1-00559,2023-01-30,3157,353.18,Online
Q1-00560,2023-02-11,2344,434.31,Phone
Q1-00561,2023-01-09,2595,421.39,Online
Q1-00562,2023-03-03,2864,223.95,Online
Q1-00563,2023-02-25,2879,20.3,Phone
Q1-00564,2023-01-14,2837,221.76,Phone
Q1-00565,2023-01-26,2490,479.12,In-Store
Q1-00566,2023-02-15,2242,240.29,Online
Q1-00567,2023-02-28,3278,228.97,Phone
Q1-00568,2023-01-24,4410,56.43,Phone
Q1-00569,2023-01-13,4104,57.43,Phone
Q1-00570,2023-03-17,4776,255.28,Phone
Q1-00571,2023-02-01,3788,193.42,In-Store
Q1-00572,2023-01-22,468,252.09,Phone
Q1-00573,2023-03-23,4052,188.63,In-Store
Q1-00574,2023-01-02,4578,14.94,Phone
Q1-00575,2023-02-14,305,412.18,In-Store
Q1-00576,2023-02-09,26,363.42,Online
Q1-00577,2023-01-22,1671,251.24,Online
Q1-00578,2023-03-13,3259,414.91,Online
Q1-00579,2023-02-27,2222,401.66,In-Store
Q1-00580,2023-01-16,1141,492.93,Online
Q1-00581,2023-02-09,3128,260.02,Online
Q1-00582,2023-03-23,769,261.36,Online
Q1-00583,2023-03-03,727,468.2,Online
Q1-00584,2023-02-17,1086,424.55,Online
Q1-00585,2023-03-11,80,120.31,Online
Q1-00586,2023-01-18,3583,155.52,Online
Q1-00587,2023-03-31,3120,106.98,Phone
Q1-00588,2023-01-17,888,358.89,Online
Q1-00589,2023-01-09,4967,262.06,Phone
Q1-00590,2023-02-14,3374,417.86,In-Store
Q1-00591,2023-01-09,2069,46.06,Online
Q1-00592,2023-03-30,3714,269.89,Phone
Q1-00593,2023-03-31,3953,395.79,Phone
Q1-00594,2023-02-25,4249,220.42,Online
Q1-00595,2023-01-16,1398,212.62,In-Store
Q1-00596,2023-03-31,4820,87.68,In-Store
Q1-00597,2023-03-16,4448,425.17,Online
Q1-00598,2023-01-16,463,103.37,In-Store
Q1-00599,2023-01-01,4208,33.69,In-Store
Q1-00600,2023-03-10,1951,341.38,Phone
Q1-00601,2023-02-17,4140,331.4,In-Store
Q1-00602,2023-01-09,2695,27.04,Phone
Q1-00603,2023-02-15,2312,253.83,In-Store
Q1-00604,2023-01-05,4287,220.85,Phone
Q1-00605,2023-03-18,556,430.12,Phone
Q1-00606,2023-02-02,308,299.95,In-Store
Q1-00607,2023-01-27,4544,497.98,Online
Q1-00608,2023-01-12,2279,425.21,In-Store
Q1-00609,2023-03-08,2898,339.81,Phone
Q1-00610,2023-01-23,2658,234.7,In-Store
Q1-00611,2023-01-03,1291,490.63,Online
Q1-00612,2023-01-13,2233,399.32,In-Store
Q1-00613,2023-03-31,4516,22.97,Online
Q1-00614,2023-01-04,1789,151.34,Phone
Q1-00615,2023-01-12,3250,395.72,Online
Q1-00616,2023-01-23,3445,260.61,In-Store
Q1-00617,2023-02-07,3996,251.42,Online
Q1-00618,2023-03-10,83,220.8,In-Store
Q1-00619,2023-03-01,4871,198.48,In-Store
Q1-00620,2023-01-30,1434,369.98,Phone
Q1-00621,2023-03-10,1483,392.48,Online
Q1-00622,2023-02-25,1963,377.12,In-Store
Q1-00623,2023-03-13,4943,246.26,In-Store
Q1-00624,2023-03-25,3632,334.75,Online
Q1-00625,2023-01-05,277,372.41,Online
Q1-00626,2023-02-15,513,180.11,Phone
Q1-00627,2023-03-13,2175,44.64,In-Store
Q1-00628,2023-03-09,192,166.05,In-Store
Q1-00629,2023-03-06,4687,12.52,In-Store
Q1-00630,2023-01-09,799,67.85,In-Store
Q1-00631,2023-03-17,886,463.18,Online
Q1-00632,2023-02-16,1800,217.67,In-Store
Q1-00633,2023-02-06,4466,204.12,In-Store
Q1-00634,2023-03-29,4803,126.42,Phone
Q1-00635,2023-02-15,4311,32.81,Online
Q1-00636,2023-01-12,710,17.54,Phone
Q1-00637,2023-03-02,284,189.51,In-Store
Q1-00638,2023-03-06,2223,101.75,Phone
Q1-00639,2023-02-17,2634,407.47,Phone
Q1-00640,2023-01-11,4731,140.44,In-Store
Q1-00641,2023-02-23,3289,369.68,Phone
Q1-00642,2023-01-27,3718,138.81,In-Store
Q1-00643,2023-03-25,142,391.64,In-Store
Q1-00644,2023-03-17,4864,75.04,Online
Q1-00645,2023-01-26,4792,79.75,Phone
Q1-00646,2023-01-02,3245,403.1,Phone
Q1-00647,2023-02-13,4622,329.16,In-Store
Q1-00648,2023-01-29,2879,317.85,Phone
Q1-00649,2023-01-17,4409,81.85,Online
Q1-00650,2023-01-24,718,225.97,Phone
Q1-00651,2023-01-25,2152,71.57,In-Store
Q1-00652,2023-02-05,1570,378.86,In-Store
Q1-00653,2023-02-27,81,207.77,In-Store
Q1-00654,2023-03-29,1188,314.39,Phone
Q1-00655,2023-01-15,4857,130.02,Phone
Q1-00656,2023-01-24,1907,180.07,In-Store
Q1-00657,2023-01-05,3080,437.23,Online
Q1-00658,2023-02-15,1092,183.57,Online
Q1-00659,2023-01-21,3953,251.86,Online
Q1-00660,2023-02-27,2103,361.06,Phone
Q1-00661,2023-03-11,1764,171.16,Phone
Q1-00662,2023-01-07,4625,77.9,In-Store
Q1-00663,2023-01-12,2011,317.58,In-Store
Q1-00664,2023-02-03,3360,451.63,In-Store
Q1-00665,2023-03-09,759,198.7,In-Store
Q1-00666,2023-03-15,3175,395.5,In-Store
Q1-00667,2023-01-06,767,487.59,In-Store
Q1-00668,2023-01-21,1547,265.86,Phone
Q1-00669,2023-01-17,650,138.81,In-Store
Q1-00670,2023-01-28,4747,470.0,In-Store
Q1-00671,2023-03-17,4296,57.16,In-Store
Q1-00672,2023-02-19,3951,470.06,Phone
Q1-00673,2023-01-21,3906,240.23,Online
Q1-00674,2023-01-13,2816,499.33,In-Store
Q1-00675,2023-02-27,876,345.21,Phone
Q1-00676,2023-02-18,1925,301.7,Phone
Q1-00677,2023-03-08,3457,490.04,In-Store
Q1-00678,2023-02-14,1685,58.73,Phone
Q1-00679,2023-03-09,218,341.6,Phone
Q1-00680,2023-03-14,4673,152.65,In-Store
Q1-00681,2023-03-12,3306,88.08,In-Store
Q1-00682,2023-01-04,2716,265.56,Phone
Q1-00683,2023-03-04,3735,322.94,Phone
Q1-00684,2023-03-09,4126,22.08,Online
Q1-00685,2023-03-31,366,212.24,Online
Q1-00686,2023-01-08,4655,172.68,Phone
Q1-00687,2023-03-08,2068,68.68,In-Store
Q1-00688,2023-01-08,4721,126.06,Online
Q1-00689,2023-03-03,4380,54.08,Online
Q1-00690,2023-02-09,767,325.61,Phone
Q1-00691,2023-03-27,3650,278.41,Phone
Q1-00692,2023-02-12,3214,322.37,Online
Q1-00693,2023-02-14,4683,262.54,In-Store
Q1-00694,2023-03-21,1429,371.86,Online
Q1-00695,2023-01-15,3473,130.75,In-Store
Q1-00696,2023-01-27,3029,257.59,Phone
Q1-00697,2023-01-23,4066,155.97,Online
Q1-00698,2023-03-23,1341,288.35,Online
Q1-00699,2023-01-13,3947,118.68,Phone
Q1-00700,2023-02-28,967,124.8,In-Store
Q1-00701,2023-03-23,1610,399.49,Online
Q1-00702,2023-01-17,1779,63.06,Online
Q1-00703,2023-03-14,2155,245.89,Online
Q1-00704,2023-03-21,4578,140.86,Online
Q1-00705,2023-02-07,2338,203.25,Phone
Q1-00706,2023-02-09,4102,190.22,Phone
Q1-00707,2023-03-31,2299,165.44,In-Store
Q1-00708,2023-03-27,3481,71.74,Online
Q1-00709,2023-03-13,1788,419.52,Online
Q1-00710,2023-01-04,979,196.25,Phone
Q1-00711,2023-03-08,4988,346.74,Online
Q1-00712,2023-03-30,4144,335.96,In-Store
Q1-00713,2023-03-16,4532,40.92,In-Store
Q1-00714,2023-01-25,2219,125.48,In-Store
Q1-00715,2023-03-04,32,66.27,Online
Q1-00716,2023-02-22,2516,477.17,Online
Q1-00717,2023-02-01,2835,319.65,Online
Q1-00718,2023-03-17,2759,22.18,Phone
Q1-00719,2023-03-14,4342,106.11,Phone
Q1-00720,2023-02-09,721,441.0,Phone
Q1-00721,2023-02-11,37,82.58,In-Store
Q1-00722,2023-01-26,1640,86.74,Phone
Q1-00723,2023-03-17,3837,60.56,Phone
Q1-00724,2023-01-01,368,207.15,In-Store
Q1-00725,2023-01-31,1247,416.61,Online
Q1-00726,2023-01-03,4837,329.43,In-Store
Q1-00727,2023-01-31,1706,54.82,Phone
Q1-00728,2023-01-03,3791,70.43,Phone
Q1-00729,2023-01-18,3458,275.39,In-Store
Q1-00730,2023-03-25,2836,135.88,Online
Q1-00731,2023-02-04,887,129.93,In-Store
Q1-00732,2023-02-24,1422,383.18,Online
Q1-00733,2023-01-22,3437,136.75,Online
Q1-00734,2023-03-11,4605,296.77,Phone
Q1-00735,2023-02-11,2383,414.32,Phone
Q1-00736,2023-01-02,2511,11.1,In-Store
Q1-00737,2023-03-28,3288,423.79,Phone
Q1-00738,2023-01-29,2805,413.18,In-Store
Q1-00739,2023-02-22,3304,174.77,In-Store
Q1-00740,2023-02-24,4022,35.36,Phone
Q1-00741,2023-03-15,4779,258.21,Online
Q1-00742,2023-01-30,1820,64.64,Online
Q1-00743,2023-03-02,2193,159.56,Phone
Q1-00744,2023-01-08,115,487.85,Online
Q1-00745,2023-01-03,2488,202.04,Phone
Q1-00746,2023-03-08,4912,437.95,Phone
Q1-00747,2023-02-04,317,403.99,Phone
Q1-00748,2023-03-13,4601,214.84,Phone
Q1-00749,2023-02-19,3355,305.3,Online
Q1-00750,2023-03-09,4036,25.77,In-Store
Q1-00751,2023-03-15,2655,102.88,Phone
Q1-00752,2023-01-03,197,95.86,Phone
Q1-00753,2023-02-19,4276,292.7,Online
Q1-00754,2023-01-23,4301,33.85,In-Store
Q1-00755,2023-02-08,1708,386.37,Online
Q1-00756,2023-03-18,785,104.37,In-Store
Q1-00757,2023-02-08,3279,452.01,Phone
Q1-00758,2023-01-02,4110,55.79,Online
Q1-00759,2023-03-20,3557,16.56,Online
Q1-00760,2023-01-24,3926,468.44,Phone
Q1-00761,2023-03-28,4894,170.02,Online
Q1-00762,2023-02-12,1437,345.03,In-Store
Q1-00763,2023-01-12,3405,157.04,Online
Q1-00764,2023-02-10,3423,177.19,In-Store
Q1-00765,2023-02-06,2070,456.59,Phone
Q1-00766,2023-01-05,2965,332.96,In-Store
Q1-00767,2023-02-19,3990,11.44,In-Store
Q1-00768,2023-03-01,3766,408.12,Online
Q1-00769,2023-01-04,1609,234.86,Phone
Q1-00770,2023-01-06,4689,64.35,In-Store
Q1-00771,2023-01-07,1234,428.51,Phone
Q1-00772,2023-01-26,670,293.7,In-Store
Q1-00773,2023-01-21,349,152.66,Phone
Q1-00774,2023-01-10,2933,161.55,In-Store
Q1-00775,2023-01-08,3798,120.13,Phone
Q1-00776,2023-03-12,3130,319.58,Online
Q1-00777,2023-01-02,3088,365.06,In-Store
Q1-00778,2023-02-20,2717,267.68,Online
Q1-00779,2023-01-31,540,350.91,Phone
Q1-00780,2023-02-04,2888,232.79,In-Store
Q1-00781,2023-01-29,407,448.93,Online
Q1-00782,2023-01-10,3817,32.2,Phone
Q1-00783,2023-01-03,117,90.29,In-Store
Q1-00784,2023-03-28,858,94.57,In-Store
Q1-00785,2023-02-21,2853,205.29,Online
Q1-00786,2023-02-22,2375,123.23,Online
Q1-00787,2023-01-06,4915,37.27,Online
Q1-00788,2023-02-17,1109,327.76,In-Store
Q1-00789,2023-03-15,1647,179.74,Phone
Q1-00790,2023-03-19,4165,427.96,Online
Q1-00791,2023-02-20,4671,178.74,Phone
Q1-00792,2023-01-09,4694,359.37,In-Store
Q1-00793,2023-02-12,692,69.2,Online
Q1-00794,2023-03-15,4407,78.42,Online
Q1-00795,2023-01-24,4309,498.04,Phone
Q1-00796,2023-03-19,2364,408.49,In-Store
Q1-00797,2023-02-03,704,331.2,Online
Q1-00798,2023-01-02,1683,125.95,In-Store
Q1-00799,2023-01-08,1123,102.96,Online
Q1-00800,2023-01-23,70,492.46,Online
Q1-00801,2023-03-21,4952,490.87,In-Store
Q1-00802,2023-01-05,2526,73.78,In-Store
Q1-00803,2023-01-26,4171,286.1,Online
Q1-00804,2023-02-08,4175,335.1,Phone
Q1-00805,2023-03-17,4889,335.68,Phone
Q1-00806,2023-02-03,4512,388.67,In-Store
Q1-00807,2023-01-19,511,36.2,In-Store
Q1-00808,2023-01-27,502,247.84,In-Store
Q1-00809,2023-03-22,3437,294.03,In-Store
Q1-00810,2023-03-04,2114,164.34,Phone
Q1-00811,2023-01-06,1745,170.26,In-Store
Q1-00812,2023-02-27,2344,122.8,Online
Q1-00813,2023-01-27,3863,376.13,In-Store
Q1-00814,2023-02-22,752,330.92,Online
Q1-00815,2023-01-05,1876,416.89,Online
Q1-00816,2023-01-15,4118,15.5,In-Store
Q1-00817,2023-02-18,3511,326.65,Online
Q1-00818,2023-03-18,2398,302.3,Phone
Q1-00819,2023-03-07,1936,357.72,Online
Q1-00820,2023-01-18,2388,455.52,In-Store
Q1-00821,2023-03-23,431,203.9,Online
Q1-00822,2023-02-12,4398,289.79,In-Store
Q1-00823,2023-02-02,296,405.84,Phone
Q1-00824,2023-03-05,2236,274.29,Online
Q1-00825,2023-03-22,2132,38.46,In-Store
Q1-00826,2023-03-12,3555,448.93,Online
Q1-00827,2023-03-25,760,157.5,In-Store
Q1-00828,2023-02-06,3939,400.81,In-Store
Q1-00829,2023-03-22,4925,24.81,Online
Q1-00830,2023-03-16,2267,44.29,Phone
Q1-00831,2023-01-01,4659,462.87,In-Store
Q1-00832,2023-02-09,2613,306.05,Phone
Q1-00833,2023-02-03,2568,358.36,In-Store
Q1-00834,2023-01-27,4752,35.38,Phone
Q1-00835,2023-02-19,3955,155.91,Phone
Q1-00836,2023-02-03,147,140.26,Online
Q1-00837,2023-03-20,3739,99.42,In-Store
Q1-00838,2023-02-04,1947,366.55,Online
Q1-00839,2023-01-20,4310,415.25,In-Store
Q1-00840,2023-03-10,3303,56.1,Phone
Q1-00841,2023-01-08,3828,146.55,Phone
Q1-00842,2023-02-17,4937,319.33,Online
Q1-00843,2023-02-21,3922,172.49,In-Store
Q1-00844,2023-03-27,3020,65.2,Phone
Q1-00845,2023-01-28,4677,417.99,In-Store
Q1-00846,2023-03-15,3637,289.65,Phone
Q1-00847,2023-01-22,1795,101.02,Phone
Q1-00848,2023-03-11,2131,113.8,Online
Q1-00849,2023-01-11,2004,213.44,Phone
Q1-00850,2023-03-06,3025,156.27,In-Store
Q1-00851,2023-02-13,2948,387.3,Phone
Q1-00852,2023-03-20,3607,446.85,Phone
Q1-00853,2023-02-25,1746,458.35,In-Store
Q1-00854,2023-01-31,464,244.04,In-Store
Q1-00855,2023-02-10,557,155.13,In-Store
Q1-00856,2023-01-22,874,137.5,Phone
Q1-00857,2023-02-26,4109,400.47,Online
Q1-00858,2023-01-22,528,93.41,In-Store
Q1-00859,2023-02-17,259,441.22,Phone
Q1-00860,2023-01-28,2670,256.03,Online
Q1-00861,2023-01-24,1203,356.95,In-Store
Q1-00862,2023-02-28,1429,181.48,Phone
Q1-00863,2023-03-29,3471,215.89,In-Store
Q1-00864,2023-02-04,543,193.08,Phone
Q1-00865,2023-01-29,4106,49.69,In-Store
Q1-00866,2023-03-29,4437,364.67,Online
Q1-00867,2023-02-08,4600,309.32,Phone
Q1-00868,2023-02-17,1718,85.55,Online
Q1-00869,2023-01-28,4535,28.91,Online
Q1-00870,2023-02-27,4023,200.83,Online
Q1-00871,2023-01-19,4698,306.54,Phone
Q1-00872,2023-02-21,3946,351.06,Online
Q1-00873,2023-02-12,4317,66.38,Phone
Q1-00874,2023-02-25,1810,275.21,Phone
Q1-00875,2023-01-13,93,238.01,In-Store
Q1-00876,2023-02-01,3393,96.98,Phone
Q1-00877,2023-01-22,4996,398.9,Online
Q1-00878,2023-03-21,3776,498.59,Phone
Q1-00879,2023-01-01,1287,412.2,In-Store
Q1-00880,2023-03-07,1822,114.49,Online
Q1-00881,2023-03-14,3917,259.2,Online
Q1-00882,2023-02-19,4644,105.96,Phone
Q1-00883,2023-01-16,4711,276.8,Phone
Q1-00884,2023-03-05,2979,350.42,Phone
Q1-00885,2023-01-02,4938,96.53,Online
Q1-00886,2023-03-05,1572,161.04,Phone
Q1-00887,2023-03-26,1181,48.41,In-Store
Q1-00888,2023-02-09,3049,43.22,Phone
Q1-00889,2023-01-01,4207,470.83,In-Store
Q1-00890,2023-03-29,4041,490.68,Phone
Q1-00891,2023-02-08,899,58.78,Phone
Q1-00892,2023-01-28,2076,377.68,Online
Q1-00893,2023-01-09,143,259.92,In-Store
Q1-00894,2023-03-18,4488,367.73,In-Store
Q1-00895,2023-03-28,3161,49.68,In-Store
Q1-00896,2023-03-22,1849,360.27,Phone
Q1-00897,2023-02-18,1213,489.76,Phone
Q1-00898,2023-03-30,4155,45.46,Phone
Q1-00899,2023-02-22,2971,37.23,Online
Q1-00900,2023-01-26,3163,195.88,Online
Q1-00901,2023-03-19,5000,435.83,Online
Q1-00902,2023-02-03,1342,297.46,Online
Q1-00903,2023-03-30,3743,328.92,In-Store
Q1-00904,2023-02-28,1251,321.94,In-Store
Q1-00905,2023-02-04,1749,298.52,Online
Q1-00906,2023-01-19,3173,198.71,Phone
Q1-00907,2023-01-24,4050,357.98,In-Store
Q1-00908,2023-03-26,3835,100.11,Online
Q1-00909,2023-03-15,647,317.39,Online
Q1-00910,2023-01-13,3,215.05,In-Store
Q1-00911,2023-03-16,3957,348.15,In-Store
Q1-00912,2023-02-03,2157,243.15,Phone
Q1-00913,2023-02-24,4289,346.72,Online
Q1-00914,2023-03-22,2864,488.1,Phone
Q1-00915,2023-01-28,3234,473.07,Phone
Q1-00916,2023-03-04,2638,490.49,Online
Q1-00917,2023-02-02,4866,381.12,In-Store
Q1-00918,2023-03-13,4888,437.81,Online
Q1-00919,2023-01-04,3107,80.62,In-Store
Q1-00920,2023-03-15,1488,7.41,In-Store
Q1-00921,2023-02-24,365,254.22,In-Store
Q1-00922,2023-01-26,1937,356.52,Online
Q1-00923,2023-01-18,3914,457.23,Phone
Q1-00924,2023-02-07,3963,171.94,Phone
Q1-00925,2023-03-22,4802,53.27,In-Store
Q1-00926,2023-01-08,3042,311.18,Phone
Q1-00927,2023-01-07,3728,180.22,In-Store
Q1-00928,2023-01-15,2967,169.54,Phone
Q1-00929,2023-01-05,4180,319.5,In-Store
Q1-00930,2023-03-01,3127,330.31,Phone
Q1-00931,2023-01-06,1717,216.98,Online
Q1-00932,2023-03-31,4475,328.64,In-Store
Q1-00933,2023-01-18,4710,205.76,In-Store
Q1-00934,2023-03-12,1512,209.16,In-Store
Q1-00935,2023-03-08,3471,383.08,Phone
Q1-00936,2023-02-15,4777,162.07,Phone
Q1-00937,2023-03-21,4261,215.72,Phone
Q1-00938,2023-01-02,1978,362.01,Phone
Q1-00939,2023-03-19,4697,323.42,Online
Q1-00940,2023-03-19,1417,173.55,Phone
Q1-00941,2023-01-18,2263,146.06,Online
Q1-00942,2023-02-19,1577,297.01,Online
Q1-00943,2023-03-01,3108,456.01,In-Store
Q1-00944,2023-03-03,4602,130.33,Online
Q1-00945,2023-01-18,4858,230.55,In-Store
Q1-00946,2023-02-09,1672,195.16,In-Store
Q1-00947,2023-03-02,1437,425.49,Online
Q1-00948,2023-02-06,2388,59.01,Online
Q1-00949,2023-03-27,2074,474.76,In-Store
Q1-00950,2023-02-09,347,268.9,Phone
Q1-00951,2023-03-01,4212,150.62,Phone
Q1-00952,2023-03-12,2849,496.01,Phone
Q1-00953,2023-02-11,2356,439.37,Phone
Q1-00954,2023-02-11,2590,19.41,Online
Q1-00955,2023-02-05,3615,218.28,Online
Q1-00956,2023-01-05,2354,475.68,Phone
Q1-00957,2023-01-17,4050,95.96,In-Store
Q1-00958,2023-03-02,2064,251.34,Online
Q1-00959,2023-02-27,4892,31.86,Online
Q1-00960,2023-03-30,1368,129.95,In-Store
Q1-00961,2023-02-12,4713,405.18,In-Store
Q1-00962,2023-02-26,4937,206.77,In-Store
Q1-00963,2023-03-04,95,497.88,In-Store
Q1-00964,2023-01-12,1069,158.29,Phone
Q1-00965,2023-01-22,1447,380.87,In-Store
Q1-00966,2023-02-11,382,96.52,Phone
Q1-00967,2023-02-13,328,436.29,In-Store
Q1-00968,2023-03-04,2083,246.74,Phone
Q1-00969,2023-01-12,3646,279.81,Phone
Q1-00970,2023-01-24,2839,67.68,In-Store
Q1-00971,2023-02-05,365,440.43,Phone
Q1-00972,2023-01-06,3762,382.18,Online
Q1-00973,2023-03-26,3075,360.26,In-Store
Q1-00974,2023-01-30,1879,132.87,In-Store
Q1-00975,2023-02-12,4913,199.17,Phone
Q1-00976,2023-01-12,1803,418.7,Online
Q1-00977,2023-01-05,402,250.13,In-Store
Q1-00978,2023-01-11,1,436.74,In-Store
Q1-00979,2023-03-05,2354,108.97,Phone
Q1-00980,2023-03-28,1942,82.65,Phone
Q1-00981,2023-03-30,4019,251.69,Phone
Q1-00982,2023-02-03,4623,452.21,In-Store
Q1-00983,2023-03-07,3580,449.83,In-Store
Q1-00984,2023-03-08,1262,415.88,Online
Q1-00985,2023-02-11,617,268.65,In-Store
Q1-00986,2023-02-05,1173,67.4,Phone
Q1-00987,2023-01-03,3180,260.65,Phone
Q1-00988,2023-01-25,4935,189.64,Online
Q1-00989,2023-01-22,806,479.38,Phone
Q1-00990,2023-02-11,2948,439.53,In-Store
Q1-00991,2023-02-14,4132,232.43,Phone
Q1-00992,2023-01-24,350,317.99,In-Store
Q1-00993,2023-03-09,1850,496.14,Phone
Q1-00994,2023-01-30,2127,482.88,In-Store
Q1-00995,2023-02-05,3607,208.67,In-Store
Q1-00996,2023-03-20,2367,381.52,Phone
Q1-00997,2023-01-14,1722,496.1,Phone
Q1-00998,2023-02-23,3716,139.02,Online
Q1-00999,2023-03-30,1719,314.63,Phone
Q1-01000,2023-03-29,4530,187.36,In-Store
Q1-01001,2023-03-03,1357,189.0,Online
Q1-01002,2023-03-19,637,137.56,Online
Q1-01003,2023-03-23,4521,173.86,Online
Q1-01004,2023-01-15,1333,214.29,Phone
Q1-01005,2023-02-21,947,226.89,Online
Q1-01006,2023-03-25,2338,406.57,Phone
Q1-01007,2023-02-21,2989,291.17,In-Store
Q1-01008,2023-03-26,2872,132.28,In-Store
Q1-01009,2023-02-08,3208,78.45,Phone
Q1-01010,2023-02-26,3969,452.39,Online
Q1-01011,2023-02-23,4360,65.0,Online
Q1-01012,2023-01-27,4161,238.54,Phone
Q1-01013,2023-02-12,2162,302.64,Phone
Q1-01014,2023-03-20,831,219.98,In-Store
Q1-01015,2023-01-01,1783,9.85,Phone
Q1-01016,2023-02-12,3849,272.1,In-Store
Q1-01017,2023-03-01,4434,418.68,Phone
Q1-01018,2023-01-17,2904,15.87,Online
Q1-01019,2023-03-31,2324,245.69,Online
Q1-01020,2023-03-20,4567,51.2,In-Store
Q1-01021,2023-02-22,4607,14.51,Online
Q1-01022,2023-03-28,3237,485.91,In-Store
Q1-01023,2023-01-07,2676,45.1,Phone
Q1-01024,2023-03-16,2693,37.65,Online
Q1-01025,2023-02-27,3095,118.19,Online
Q1-01026,2023-02-07,754,439.89,Online
Q1-01027,2023-03-20,1962,57.03,Online
Q1-01028,2023-02-10,1901,446.25,Phone
Q1-01029,2023-01-10,4367,64.73,Phone
Q1-01030,2023-03-08,145,15.91,Online
Q1-01031,2023-02-01,980,237.01,Online
Q1-01032,2023-03-13,3477,241.47,Online
Q1-01033,2023-03-13,3234,63.98,Phone
Q1-01034,2023-02-10,703,298.28,Online
Q1-01035,2023-01-08,3418,390.45,Online
Q1-01036,2023-01-02,2146,336.51,In-Store
Q1-01037,2023-01-29,4713,327.77,In-Store
Q1-01038,2023-03-10,2569,380.97,Online
Q1-01039,2023-02-16,3759,273.56,In-Store
Q1-01040,2023-02-20,4421,84.42,In-Store
Q1-01041,2023-02-08,642,56.47,Phone
Q1-01042,2023-03-12,1043,138.1,Online
Q1-01043,2023-03-16,4059,437.02,In-Store
Q1-01044,2023-02-03,3241,174.79,Phone
Q1-01045,2023-01-27,1705,402.26,In-Store
Q1-01046,2023-03-10,774,418.63,In-Store
Q1-01047,2023-01-21,4882,193.5,Online
Q1-01048,2023-02-08,2758,288.75,In-Store
Q1-01049,2023-02-10,1238,223.93,Online
Q1-01050,2023-01-16,2509,153.88,Online
Q1-01051,2023-01-01,2976,416.78,In-Store
Q1-01052,2023-01-02,2061,122.85,In-Store
Q1-01053,2023-02-05,4734,286.97,Online
Q1-01054,2023-03-22,2383,347.98,In-Store
Q1-01055,2023-01-18,518,192.72,Phone
Q1-01056,2023-02-20,4393,483.69,Online
Q1-01057,2023-01-14,2791,141.23,In-Store
Q1-01058,2023-02-08,1710,323.02,Online
Q1-01059,2023-03-12,2275,36.88,Phone
Q1-01060,2023-02-04,2399,177.6,Phone
Q1-01061,2023-02-23,84,419.99,Phone
Q1-01062,2023-02-18,354,395.36,Phone
Q1-01063,2023-02-11,2034,88.94,Phone
Q1-01064,2023-02-20,2814,258.72,Online
Q1-01065,2023-01-11,1744,380.12,Online
Q1-01066,2023-02-25,4068,396.8,In-Store
Q1-01067,2023-03-14,2963,44.79,In-Store
Q1-01068,2023-02-11,3950,448.97,In-Store
Q1-01069,2023-02-24,3647,346.56,Online
Q1-01070,2023-02-24,3074,253.56,Online
Q1-01071,2023-01-30,4668,382.71,In-Store
Q1-01072,2023-01-01,2057,16.9,Online
Q1-01073,2023-03-27,1456,278.21,Online
Q1-01074,2023-03-31,2386,201.08,Online
Q1-01075,2023-01-29,1471,50.81,In-Store
Q1-01076,2023-03-04,2612,432.22,Phone
Q1-01077,2023-03-10,243,101.6,Phone
Q1-01078,2023-02-25,4826,38.58,Online
Q1-01079,2023-03-09,433,328.06,Phone
Q1-01080,2023-01-01,846,291.2,Phone
Q1-01081,2023-02-20,4151,273.43,In-Store
Q1-01082,2023-01-31,4981,346.86,In-Store
Q1-01083,2023-02-06,4480,337.38,In-Store
Q1-01084,2023-03-06,3691,119.01,In-Store
Q1-01085,2023-02-09,2617,55.78,Online
Q1-01086,2023-03-20,4112,458.76,In-Store
Q1-01087,2023-02-23,3293,468.34,Online
Q1-01088,2023-03-15,3883,61.24,Online
Q1-01089,2023-02-28,1076,375.96,Phone
Q1-01090,2023-03-16,2076,90.79,In-Store
Q1-01091,2023-02-06,670,85.02,Online
Q1-01092,2023-01-18,1834,87.53,Online
Q1-01093,2023-03-04,2821,285.41,In-Store
Q1-01094,2023-02-16,3585,448.78,In-Store
Q1-01095,2023-02-26,4087,188.35,Online
Q1-01096,2023-02-07,4219,257.96,In-Store
Q1-01097,2023-01-18,691,304.96,Online
Q1-01098,2023-01-27,4498,274.36,Phone
Q1-01099,2023-03-19,615,151.8,Phone
Q1-01100,2023-01-28,1009,376.68,In-Store
Q1-01101,2023-01-23,92,498.53,In-Store
Q1-01102,2023-02-28,3219,243.24,Online
Q1-01103,2023-01-30,2224,438.4,In-Store
Q1-01104,2023-01-17,646,139.82,Online
Q1-01105,2023-01-07,4244,261.6,Online
Q1-01106,2023-03-23,942,59.16,Phone
Q1-01107,2023-01-21,1580,87.01,Phone
Q1-01108,2023-01-18,3644,17.2,In-Store
Q1-01109,2023-03-01,176,68.53,Phone
Q1-01110,2023-03-22,1979,317.47,Phone
Q1-01111,2023-01-21,309,412.41,Phone
Q1-01112,2023-03-21,2626,374.47,Online
Q1-01113,2023-01-03,1649,402.65,Phone
Q1-01114,2023-03-05,3036,139.96,Phone
Q1-01115,2023-03-14,2955,169.19,In-Store
Q1-01116,2023-01-25,80,24.6,Phone
Q1-01117,2023-02-26,594,454.53,In-Store
Q1-01118,2023-01-15,3051,5.72,Phone
Q1-01119,2023-03-10,2681,337.33,In-Store
Q1-01120,2023-01-07,4977,475.19,Online
Q1-01121,2023-02-13,3388,457.3,In-Store
Q1-01122,2023-01-01,2193,498.73,Phone
Q1-01123,2023-03-01,4388,491.98,In-Store
Q1-01124,2023-02-09,658,8.99,Phone
Q1-01125,2023-02-12,3370,56.94,In-Store
Q1-01126,2023-03-23,2355,197.95,Online
Q1-01127,2023-01-30,2770,438.6,Online
Q1-01128,2023-01-24,1634,153.13,Online
Q1-01129,2023-02-27,246,200.93,Phone
Q1-01130,2023-01-05,1814,475.89,Phone
Q1-01131,2023-02-27,3486,368.9,In-Store
Q1-01132,2023-03-17,3438,334.89,Phone
Q1-01133,2023-02-07,1397,227.41,Online
Q1-01134,2023-02-08,1493,115.44,Online
Q1-01135,2023-03-28,4652,303.54,In-Store
Q1-01136,2023-02-19,4256,223.45,Phone
Q1-01137,2023-01-24,2854,160.06,In-Store
Q1-01138,2023-03-12,602,277.12,Phone
Q1-01139,2023-01-14,2721,65.0,Phone
Q1-01140,2023-02-10,997,196.71,Phone
Q1-01141,2023-02-22,3741,151.46,Online
Q1-01142,2023-03-12,692,63.79,In-Store
Q1-01143,2023-02-19,3752,288.94,Phone
Q1-01144,2023-02-21,3606,90.87,Phone
Q1-01145,2023-01-03,2489,147.13,Phone
Q1-01146,2023-02-01,1771,80.38,Online
Q1-01147,2023-03-21,4479,227.71,Online
Q1-01148,2023-03-12,166,143.83,Online
Q1-01149,2023-01-26,1387,414.49,Online
Q1-01150,2023-02-15,1973,43.67,In-Store
Q1-01151,2023-01-01,576,416.63,In-Store
Q1-01152,2023-02-24,817,125.25,Phone
Q1-01153,2023-03-10,2276,21.87,Online
Q1-01154,2023-03-23,3448,51.58,Phone
Q1-01155,2023-03-26,4918,419.87,Phone
Q1-01156,2023-01-27,3608,491.92,Online
Q1-01157,2023-02-05,4242,345.28,Online
Q1-01158,2023-01-19,4098,488.98,Online
Q1-01159,2023-02-21,131,289.03,In-Store
Q1-01160,2023-03-30,4089,230.67,In-Store
Q1-01161,2023-02-11,4986,238.07,Phone
Q1-01162,2023-03-28,3197,434.53,Phone
Q1-01163,2023-01-30,893,256.52,In-Store
Q1-01164,2023-03-22,3592,365.57,Online
Q1-01165,2023-01-04,1095,253.8,Online
Q1-01166,2023-01-15,3026,15.78,Phone
Q1-01167,2023-03-16,2689,16.91,Online
Q1-01168,2023-01-18,3205,168.93,Phone
Q1-01169,2023-03-31,4631,14.21,Online
Q1-01170,2023-01-25,411,133.05,Phone
Q1-01171,2023-03-03,2846,198.69,Online
Q1-01172,2023-01-17,4913,148.74,Phone
Q1-01173,2023-02-07,106,181.39,In-Store
Q1-01174,2023-03-10,2631,148.4,In-Store
Q1-01175,2023-02-20,3669,82.6,Phone
Q1-01176,2023-03-03,2695,333.05,In-Store
Q1-01177,2023-02-12,4417,432.63,In-Store
Q1-01178,2023-01-06,2515,379.98,In-Store
Q1-01179,2023-02-10,2288,452.41,Online
Q1-01180,2023-02-26,31,85.04,In-Store
Q1-01181,2023-02-16,4540,412.06,In-Store
Q1-01182,2023-03-11,1190,49.98,In-Store
Q1-01183,2023-03-27,3744,486.04,Online
Q1-01184,2023-03-13,2910,487.02,Phone
Q1-01185,2023-02-09,416,235.77,Online
Q1-01186,2023-03-23,3812,414.86,In-Store
Q1-01187,2023-03-26,1151,7.98,Online
Q1-01188,2023-01-23,1807,409.74,Online
Q1-01189,2023-01-27,3925,12.81,In-Store
Q1-01190,2023-01-02,4582,24.54,In-Store
Q1-01191,2023-01-09,4827,256.03,Phone
Q1-01192,2023-02-23,2461,6.61,In-Store
Q1-01193,2023-02-21,4983,107.7,Online
Q1-01194,2023-02-04,3918,377.15,Online
Q1-01195,2023-03-08,4357,424.46,Phone
Q1-01196,2023-01-09,4760,31.4,Phone
Q1-01197,2023-01-14,859,117.48,Phone
Q1-01198,2023-02-18,3662,381.34,Online
Q1-01199,2023-01-21,4370,225.83,Online
Q1-01200,2023-01-24,4344,162.11,Phone
Q1-01201,2023-01-22,4691,361.03,In-Store
Q1-01202,2023-02-11,1709,254.66,Phone
Q1-01203,2023-03-27,933,238.61,Online
Q1-01204,2023-02-01,1633,310.64,In-Store
Q1-01205,2023-03-03,3249,488.75,Phone
Q1-01206,2023-02-19,4317,28.77,Phone
Q1-01207,2023-01-18,1096,464.34,Phone
Q1-01208,2023-03-15,334,49.99,Online
Q1-01209,2023-03-27,653,474.1,In-Store
Q1-01210,2023-02-08,3999,274.33,Online
Q1-01211,2023-01-09,3810,346.12,Phone
Q1-01212,2023-02-08,2880,408.01,Online
Q1-01213,2023-01-31,1912,361.43,In-Store
Q1-01214,2023-02-17,423,64.57,Phone
Q1-01215,2023-03-20,2840,15.48,Online
Q1-01216,2023-03-10,1524,488.51,In-Store
Q1-01217,2023-01-30,4356,68.71,In-Store
Q1-01218,2023-02-28,1780,353.05,Online
Q1-01219,2023-02-12,2201,37.22,In-Store
Q1-01220,2023-02-03,3463,479.42,Online
Q1-01221,2023-03-18,4638,349.42,In-Store
Q1-01222,2023-01-22,3442,487.74,In-Store
Q1-01223,2023-01-26,804,122.05,Phone
Q1-01224,2023-01-25,2689,394.05,Online
Q1-01225,2023-03-18,3980,69.68,Phone
Q1-01226,2023-01-10,1921,53.63,In-Store
Q1-01227,2023-03-21,1466,149.48,Online
Q1-01228,2023-03-02,4110,415.57,Online
Q1-01229,2023-03-08,99,41.87,Online
Q1-01230,2023-03-12,4028,43.88,Phone
Q1-01231,2023-01-01,1668,360.53,Online
Q1-01232,2023-02-24,275,407.72,Online
Q1-01233,2023-03-15,1441,188.87,Online
Q1-01234,2023-03-06,921,305.23,Phone
Q1-01235,2023-01-05,2627,9.57,In-Store
Q1-01236,2023-03-12,259,263.13,Online
Q1-01237,2023-01-03,3117,343.18,Online
Q1-01238,2023-01-10,841,314.2,In-Store
Q1-01239,2023-01-26,4407,244.5,Phone
Q1-01240,2023-02-06,4650,98.95,In-Store
Q1-01241,2023-01-28,3528,493.07,Online
Q1-01242,2023-02-07,2711,141.03,In-Store
Q1-01243,2023-02-02,2871,365.13,Phone
Q1-01244,2023-02-11,4662,248.04,Online
Q1-01245,2023-01-02,1923,91.74,In-Store
Q1-01246,2023-01-20,3291,416.55,Phone
Q1-01247,2023-01-27,3562,158.51,In-Store
Q1-01248,2023-01-21,491,45.8,Phone
Q1-01249,2023-02-02,1377,495.15,In-Store
Q1-01250,2023-03-15,3361,370.62,In-Store
Q1-01251,2023-01-15,920,101.36,In-Store
Q1-01252,2023-01-11,585,50.93,Phone
Q1-01253,2023-02-22,3682,103.11,Phone
Q1-01254,2023-03-17,4733,125.32,Phone
Q1-01255,2023-02-04,1481,430.85,In-Store
Q1-01256,2023-03-16,1111,47.23,In-Store
Q1-01257,2023-03-16,1450,190.16,In-Store
Q1-01258,2023-02-27,3228,5.32,Online
Q1-01259,2023-03-11,3800,394.01,In-Store
Q1-01260,2023-01-13,4380,102.92,Online
Q1-01261,2023-03-25,1034,279.75,In-Store
Q1-01262,2023-01-21,4667,416.74,Phone
Q1-01263,2023-03-31,2580,473.46,In-Store
Q1-01264,2023-02-27,2807,6.49,Online
Q1-01265,2023-01-24,1085,201.06,In-Store
Q1-01266,2023-03-08,749,118.58,In-Store
Q1-01267,2023-03-02,514,381.68,In-Store
Q1-01268,2023-03-05,1925,223.38,Phone
Q1-01269,2023-03-31,915,439.85,In-Store
Q1-01270,2023-03-24,4852,256.24,Phone
Q1-01271,2023-02-25,2920,23.92,In-Store
Q1-01272,2023-01-30,1798,67.17,In-Store
Q1-01273,2023-02-07,4674,88.26,Phone
Q1-01274,2023-01-18,5000,441.01,Phone
Q1-01275,2023-02-11,4881,415.2,In-Store
Q1-01276,2023-01-28,350,469.34,Online
Q1-01277,2023-02-17,794,263.37,In-Store
Q1-01278,2023-02-12,4036,92.98,In-Store
Q1-01279,2023-02-22,2813,332.99,In-Store
Q1-01280,2023-02-08,2530,234.87,Online
Q1-01281,2023-01-08,515,379.71,Online
Q1-01282,2023-03-17,3140,126.02,Phone
Q1-01283,2023-02-04,3045,430.03,Online
Q1-01284,2023-01-03,2603,105.28,Online
Q1-01285,2023-03-12,974,392.84,Online
Q1-01286,2023-02-25,1416,283.11,Online
Q1-01287,2023-02-04,2493,416.7,Phone
Q1-01288,2023-03-28,4196,181.63,Phone
Q1-01289,2023-01-07,4508,492.71,Online
Q1-01290,2023-02-20,4435,97.53,Phone
Q1-01291,2023-02-10,3183,452.25,Phone
Q1-01292,2023-03-06,2020,461.24,In-Store
Q1-01293,2023-03-16,2744,77.64,In-Store
Q1-01294,2023-01-06,1784,138.3,Phone
Q1-01295,2023-01-05,904,9.05,In-Store
Q1-01296,2023-03-06,989,15.07,In-Store
Q1-01297,2023-02-25,746,315.56,In-Store
Q1-01298,2023-03-26,2337,371.7,Online
Q1-01299,2023-03-13,362,82.01,In-Store
Q1-01300,2023-03-02,4033,346.75,Phone
Q1-01301,2023-03-09,4337,171.79,Phone
Q1-01302,2023-01-28,3568,61.04,In-Store
Q1-01303,2023-01-27,4709,312.96,Phone
Q1-01304,2023-01-31,1418,209.27,Phone
Q1-01305,2023-03-27,3990,463.08,In-Store
Q1-01306,2023-03-19,3777,121.82,Online
Q1-01307,2023-02-28,1089,270.86,In-Store
Q1-01308,2023-01-30,2568,189.94,Online
Q1-01309,2023-01-10,310,245.15,Phone
Q1-01310,2023-03-13,4480,292.08,In-Store
Q1-01311,2023-03-31,4994,410.16,Online
Q1-01312,2023-01-10,4148,279.69,Phone
Q1-01313,2023-02-05,1003,324.47,Phone
Q1-01314,2023-01-24,2974,400.02,Phone
Q1-01315,2023-01-10,4107,420.4,In-Store
Q1-01316,2023-03-06,2702,146.36,In-Store
Q1-01317,2023-03-28,3105,242.75,Online
Q1-01318,2023-02-28,487,353.83,Online
Q1-01319,2023-02-20,288,113.55,Online
Q1-01320,2023-02-17,3862,117.22,Online
Q1-01321,2023-03-25,4781,284.57,Online
Q1-01322,2023-03-19,3378,111.35,Online
Q1-01323,2023-03-07,4844,300.69,Online
Q1-01324,2023-01-09,3984,206.71,Phone
Q1-01325,2023-03-22,310,59.53,In-Store
Q1-01326,2023-01-19,1481,74.7,In-Store
Q1-01327,2023-01-17,4141,182.34,In-Store
Q1-01328,2023-03-29,835,92.38,Phone
Q1-01329,2023-01-06,320,427.72,In-Store
Q1-01330,2023-03-06,2640,461.86,Phone
Q1-01331,2023-01-02,565,139.77,Phone
Q1-01332,2023-03-29,2850,68.0,In-Store
Q1-01333,2023-01-04,2527,254.72,Online
Q1-01334,2023-03-07,3208,233.73,Online
Q1-01335,2023-02-15,3653,417.79,In-Store
Q1-01336,2023-03-31,721,219.28,In-Store
Q1-01337,2023-02-20,2732,104.33,Online
Q1-01338,2023-03-22,3548,265.0,Online
Q1-01339,2023-03-15,2316,493.35,Phone
Q1-01340,2023-02-14,1018,65.86,Online
Q1-01341,2023-03-24,3715,140.06,Online
Q1-01342,2023-02-25,4284,95.4,In-Store
Q1-01343,2023-02-10,2808,74.8,Online
Q1-01344,2023-02-21,3021,194.94,Online
Q1-01345,2023-01-28,484,26.95,Phone
Q1-01346,2023-01-25,1822,412.05,In-Store
Q1-01347,2023-03-20,3202,89.08,Online
Q1-01348,2023-02-24,3781,31.64,Online
Q1-01349,2023-03-15,1264,407.75,Phone
Q1-01350,2023-01-01,956,317.15,Phone
Q1-01351,2023-03-21,2559,348.87,Online
Q1-01352,2023-03-19,1342,363.05,Online
Q1-01353,2023-03-09,3730,346.95,In-Store
Q1-01354,2023-03-11,488,252.99,Online
Q1-01355,2023-01-08,3452,308.59,Online
Q1-01356,2023-01-09,464,313.3,In-Store
Q1-01357,2023-02-05,2777,95.56,Phone
Q1-01358,2023-03-08,3424,391.49,Phone
Q1-01359,2023-02-16,864,199.38,In-Store
Q1-01360,2023-01-31,2226,75.56,Phone
Q1-01361,2023-01-19,3051,155.49,In-Store
Q1-01362,2023-01-24,2687,316.44,Online
Q1-01363,2023-03-07,4961,275.27,Online
Q1-01364,2023-01-02,2456,250.58,In-Store
Q1-01365,2023-02-22,4529,361.48,Online
Q1-01366,2023-01-09,2425,432.7,In-Store
Q1-01367,2023-03-03,3824,121.81,In-Store
Q1-01368,2023-01-01,4696,264.37,Online
Q1-01369,2023-02-18,2264,409.21,Online
Q1-01370,2023-02-06,2357,390.03,Online
Q1-01371,2023-02-19,4908,135.25,Phone
Q1-01372,2023-03-05,3290,138.41,Phone
Q1-01373,2023-03-16,1622,89.4,In-Store
Q1-01374,2023-01-16,2697,478.93,Online
Q1-01375,2023-03-11,3147,438.02,Online
Q1-01376,2023-01-20,14,381.47,Phone
Q1-01377,2023-02-07,4613,188.93,Phone
Q1-01378,2023-03-24,3403,179.32,Online
Q1-01379,2023-03-09,1276,162.86,Phone
Q1-01380,2023-01-21,1914,448.28,In-Store
Q1-01381,2023-02-27,2410,469.68,Phone
Q1-01382,2023-03-17,3254,331.64,Phone
Q1-01383,2023-03-29,3345,123.62,Phone
Q1-01384,2023-02-14,3581,98.26,Phone
Q1-01385,2023-01-08,1060,365.1,Phone
Q1-01386,2023-03-17,3379,183.47,In-Store
Q1-01387,2023-01-30,195,303.41,Online
Q1-01388,2023-03-16,2676,143.51,In-Store
Q1-01389,2023-02-23,194,63.83,Online
Q1-01390,2023-01-14,86,328.62,Online
Q1-01391,2023-03-11,3213,220.1,Phone
Q1-01392,2023-03-19,1512,90.24,Phone
Q1-01393,2023-03-21,1010,187.52,Online
Q1-01394,2023-02-26,396,165.87,In-Store
Q1-01395,2023-03-10,4081,454.07,Online
Q1-01396,2023-02-03,718,420.7,Phone
Q1-01397,2023-02-20,1049,149.35,In-Store
Q1-01398,2023-01-06,4299,172.11,In-Store
Q1-01399,2023-01-09,1633,143.07,Phone
Q1-01400,2023-01-08,2872,45.66,In-Store
Q1-01401,2023-02-12,1992,324.42,In-Store
Q1-01402,2023-02-26,1278,287.83,Phone
Q1-01403,2023-03-25,1765,456.67,Phone
Q1-01404,2023-01-22,1620,261.66,In-Store
Q1-01405,2023-01-16,171,393.35,Online
Q1-01406,2023-03-27,4391,102.44,Online
Q1-01407,2023-01-06,4194,162.71,Online
Q1-01408,2023-01-12,401,184.09,Phone
Q1-01409,2023-01-04,4765,101.35,Phone
Q1-01410,2023-01-27,1609,34.82,In-Store
Q1-01411,2023-03-26,1562,324.03,Online
Q1-01412,2023-01-11,4303,325.32,Phone
Q1-01413,2023-03-09,1139,399.53,In-Store
Q1-01414,2023-02-10,2475,448.81,Phone
Q1-01415,2023-02-17,1190,223.81,Phone
Q1-01416,2023-02-03,4792,453.69,In-Store
Q1-01417,2023-02-10,4899,108.58,In-Store
Q1-01418,2023-01-01,2101,332.68,Online
Q1-01419,2023-01-07,2392,381.8,Online
Q1-01420,2023-01-23,1722,191.63,In-Store
Q1-01421,2023-03-18,3525,18.92,Online
Q1-01422,2023-03-30,4660,184.5,Phone
Q1-01423,2023-03-19,1291,96.68,In-Store
Q1-01424,2023-03-08,3673,122.46,Phone
Q1-01425,2023-03-03,4600,228.91,Online
Q1-01426,2023-03-08,4542,374.89,Phone
Q1-01427,2023-03-18,1285,261.54,Online
Q1-01428,2023-03-22,3653,466.74,Phone
Q1-01429,2023-03-11,4345,101.3,Phone
Q1-01430,2023-02-03,4199,26.69,Phone
Q1-01431,2023-03-28,390,30.68,Phone
Q1-01432,2023-01-08,3140,493.49,Online
Q1-01433,2023-03-10,2504,467.63,In-Store
Q1-01434,2023-03-16,1,342.74,Online
Q1-01435,2023-02-24,981,426.19,Phone
Q1-01436,2023-01-26,2577,349.56,Phone
Q1-01437,2023-03-07,2944,295.82,Online
Q1-01438,2023-02-23,3100,481.42,Online
Q1-01439,2023-03-19,2599,125.94,In-Store
Q1-01440,2023-03-07,154,241.62,Online
Q1-01441,2023-02-05,458,481.24,Online
Q1-01442,2023-03-07,583,485.26,Phone
Q1-01443,2023-02-25,740,154.41,Online
Q1-01444,2023-02-08,4698,417.57,Phone
Q1-01445,2023-03-18,3565,256.27,Phone
Q1-01446,2023-02-16,4292,247.21,In-Store
Q1-01447,2023-03-18,4734,98.44,Online
Q1-01448,2023-03-14,4794,395.95,Phone
Q1-01449,2023-01-13,1531,345.14,In-Store
Q1-01450,2023-02-04,1142,173.39,Phone
Q1-01451,2023-03-12,1913,385.1,Phone
Q1-01452,2023-03-07,4062,344.19,Online
Q1-01453,2023-01-03,3565,36.21,Phone
Q1-01454,2023-03-14,1641,388.08,In-Store
Q1-01455,2023-01-13,618,482.61,Online
Q1-01456,2023-01-28,1627,458.08,Online
Q1-01457,2023-02-07,3708,11.9,In-Store
Q1-01458,2023-01-05,4179,383.06,In-Store
Q1-01459,2023-01-11,4419,107.8,Phone
Q1-01460,2023-03-22,914,297.28,Phone
Q1-01461,2023-02-02,2580,171.8,Phone
Q1-01462,2023-01-06,2134,416.37,In-Store
Q1-01463,2023-03-19,1696,168.5,Phone
Q1-01464,2023-03-27,1820,245.25,Online
Q1-01465,2023-02-21,2094,79.34,Online
Q1-01466,2023-01-11,4083,262.78,In-Store
Q1-01467,2023-01-04,2032,104.33,Phone
Q1-01468,2023-03-25,2486,456.44,In-Store
Q1-01469,2023-03-23,3995,336.94,Phone
Q1-01470,2023-01-24,850,106.47,Phone
Q1-01471,2023-01-09,4667,448.37,In-Store
Q1-01472,2023-02-28,1865,472.74,Online
Q1-01473,2023-03-12,3397,342.88,Online
Q1-01474,2023-03-21,1564,133.64,In-Store
Q1-01475,2023-03-24,3248,411.97,Online
Q1-01476,2023-03-12,501,375.87,In-Store
Q1-01477,2023-01-23,992,19.88,Phone
Q1-01478,2023-03-05,1639,491.46,In-Store
Q1-01479,2023-01-17,1595,85.72,Online
Q1-01480,2023-01-22,720,334.68,Online
Q1-01481,2023-01-19,1710,499.31,Online
Q1-01482,2023-01-22,3154,12.88,Phone
Q1-01483,2023-02-19,3605,205.09,In-Store
Q1-01484,2023-01-21,1434,286.25,Phone
Q1-01485,2023-02-11,4292,227.37,Online
Q1-01486,2023-01-03,2390,54.52,Phone
Q1-01487,2023-02-15,217,232.24,In-Store
Q1-01488,2023-01-04,4253,191.46,Online
Q1-01489,2023-03-30,494,275.56,Phone
Q1-01490,2023-03-20,741,208.94,Online
Q1-01491,2023-02-28,2174,495.57,Phone
Q1-01492,2023-02-11,2907,213.11,Online
Q1-01493,2023-03-29,2361,108.38,Online
Q1-01494,2023-03-03,4073,6.3,Online
Q1-01495,2023-01-20,1536,344.89,Phone
Q1-01496,2023-03-16,3865,233.54,In-Store
Q1-01497,2023-01-14,4667,318.67,Phone
Q1-01498,2023-02-22,2033,307.9,Phone
Q1-01499,2023-01-25,4899,297.81,Phone
Q1-01500,2023-01-17,357,274.86,Online
Q1-01501,2023-01-19,2344,158.0,In-Store
Q1-01502,2023-03-27,604,165.94,Phone
Q1-01503,2023-03-26,399,336.98,In-Store
Q1-01504,2023-03-23,4135,11.51,Phone
Q1-01505,2023-02-01,3873,344.63,In-Store
Q1-01506,2023-03-02,4234,285.74,In-Store
Q1-01507,2023-03-13,407,265.48,In-Store
Q1-01508,2023-03-28,1143,497.37,In-Store
Q1-01509,2023-02-27,1442,343.74,Online
Q1-01510,2023-02-26,2976,393.36,In-Store
Q1-01511,2023-03-07,440,393.65,In-Store
Q1-01512,2023-02-27,2236,215.21,Online
Q1-01513,2023-03-02,1058,11.02,Online
Q1-01514,2023-01-28,614,15.45,Online
Q1-01515,2023-01-07,3409,17.96,Online
Q1-01516,2023-01-29,2259,41.26,Phone
Q1-01517,2023-01-24,3931,365.04,Online
Q1-01518,2023-01-20,4929,428.58,In-Store
Q1-01519,2023-01-07,4107,410.73,Online
Q1-01520,2023-03-02,3041,252.99,Online
Q1-01521,2023-02-27,2114,164.21,In-Store
Q1-01522,2023-02-21,1489,372.0,Phone
Q1-01523,2023-03-07,3528,5.94,Online
Q1-01524,2023-01-27,4107,348.52,Online
Q1-01525,2023-02-12,2242,283.02,Online
Q1-01526,2023-03-13,286,100.51,In-Store
Q1-01527,2023-02-19,1722,255.26,In-Store
Q1-01528,2023-01-09,3962,432.77,Phone
Q1-01529,2023-01-31,4957,49.23,In-Store
Q1-01530,2023-03-24,304,396.74,Phone
Q1-01531,2023-03-10,674,439.61,In-Store
Q1-01532,2023-01-12,4425,469.74,In-Store
Q1-01533,2023-03-20,1015,118.87,In-Store
Q1-01534,2023-03-21,1859,39.52,Phone
Q1-01535,2023-03-01,4338,488.13,In-Store
Q1-01536,2023-03-25,484,347.46,Online
Q1-01537,2023-03-22,4818,448.09,Phone
Q1-01538,2023-02-10,2736,392.63,Phone
Q1-01539,2023-03-26,1644,257.72,Phone
Q1-01540,2023-03-11,2443,55.21,In-Store
Q1-01541,2023-03-05,3034,406.66,In-Store
Q1-01542,2023-02-04,3155,202.27,Phone
Q1-01543,2023-01-20,3942,44.72,In-Store
Q1-01544,2023-02-26,13,448.38,Phone
Q1-01545,2023-02-04,4384,230.33,Online
Q1-01546,2023-03-14,1921,38.22,Online
Q1-01547,2023-02-10,3175,451.26,Online
Q1-01548,2023-01-06,4785,217.85,Online
Q1-01549,2023-01-21,4074,320.21,Online
Q1-01550,2023-03-10,3962,180.98,Phone
Q1-01551,2023-01-31,3799,366.11,In-Store
Q1-01552,2023-03-09,4080,144.09,In-Store
Q1-01553,2023-02-08,4540,410.51,In-Store
Q1-01554,2023-02-16,2065,429.97,Phone
Q1-01555,2023-02-28,4592,312.87,Online
Q1-01556,2023-02-09,545,118.56,Online
Q1-01557,2023-02-14,259,90.07,Online
Q1-01558,2023-03-08,1972,293.96,Online
Q1-01559,2023-01-18,30,229.3,Phone
Q1-01560,2023-02-27,4980,184.73,In-Store
Q1-01561,2023-02-06,914,191.08,Phone
Q1-01562,2023-03-31,2705,31.41,Phone
Q1-01563,2023-02-19,2216,430.74,In-Store
Q1-01564,2023-03-07,140,267.52,In-Store
Q1-01565,2023-01-18,650,423.92,Online
Q1-01566,2023-03-31,4777,360.43,Phone
Q1-01567,2023-01-25,822,175.29,Online
Q1-01568,2023-03-28,2250,99.04,In-Store
Q1-01569,2023-03-20,3150,256.33,Online
Q1-01570,2023-01-19,880,288.97,In-Store
Q1-01571,2023-02-21,3685,393.11,Online
Q1-01572,2023-01-09,4663,103.75,Online
Q1-01573,2023-03-24,1546,265.11,Phone
Q1-01574,2023-03-19,926,147.42,Phone
Q1-01575,2023-02-19,2850,115.88,Phone
Q1-01576,2023-02-07,616,379.02,In-Store
Q1-01577,2023-01-27,4795,208.12,In-Store
Q1-01578,2023-03-01,558,261.9,Phone
Q1-01579,2023-02-20,3749,71.51,Phone
Q1-01580,2023-02-08,1597,225.58,Phone
Q1-01581,2023-03-19,2798,173.32,Online
Q1-01582,2023-03-17,4605,232.2,Phone
Q1-01583,2023-01-24,3961,435.5,In-Store
Q1-01584,2023-03-29,2388,285.22,Online
Q1-01585,2023-03-19,1712,370.5,In-Store
Q1-01586,2023-02-10,3385,167.38,Phone
Q1-01587,2023-03-11,1752,83.61,Phone
Q1-01588,2023-01-12,3266,25.0,Online
Q1-01589,2023-02-18,2697,462.98,Online
Q1-01590,2023-03-21,57,276.02,Online
Q1-01591,2023-03-25,3861,209.84,In-Store
Q1-01592,2023-01-15,1131,362.26,In-Store
Q1-01593,2023-01-21,3958,156.61,Online
Q1-01594,2023-03-10,770,223.82,Phone
Q1-01595,2023-01-20,2908,308.57,Phone
Q1-01596,2023-02-01,425,289.88,Online
Q1-01597,2023-02-06,3466,466.33,Online
Q1-01598,2023-01-05,1055,406.92,Phone
Q1-01599,2023-01-12,1678,193.67,Phone
Q1-01600,2023-03-10,3628,127.36,Online
Q1-01601,2023-01-08,1225,161.87,In-Store
Q1-01602,2023-01-13,1712,479.3,Phone
Q1-01603,2023-01-20,11,309.86,Online
Q1-01604,2023-02-15,4978,296.18,Online
Q1-01605,2023-02-17,113,485.93,In-Store
Q1-01606,2023-01-14,4603,266.76,In-Store
Q1-01607,2023-02-07,4695,389.73,Online
Q1-01608,2023-03-15,3814,463.24,Phone
Q1-01609,2023-01-06,1855,73.19,Online
Q1-01610,2023-01-22,1057,222.35,In-Store
Q1-01611,2023-01-04,4204,376.16,In-Store
Q1-01612,2023-01-11,863,465.35,Online
Q1-01613,2023-02-19,4560,69.38,In-Store
Q1-01614,2023-01-28,3299,482.77,Online
Q1-01615,2023-01-29,1434,216.01,In-Store
Q1-01616,2023-03-09,55,432.7,Online
Q1-01617,2023-01-02,335,137.45,Online
Q1-01618,2023-03-18,2000,126.61,Online
Q1-01619,2023-01-13,3418,236.63,Online
Q1-01620,2023-02-07,2961,242.49,Phone
Q1-01621,2023-02-18,3953,467.63,Online
Q1-01622,2023-01-04,2705,71.99,In-Store
Q1-01623,2023-02-19,2735,114.98,Phone
Q1-01624,2023-01-19,2017,192.93,Online
Q1-01625,2023-01-16,3665,372.38,Phone
Q1-01626,2023-02-08,1601,291.67,In-Store
Q1-01627,2023-01-08,2728,179.29,Online
Q1-01628,2023-02-05,3398,232.14,Online
Q1-01629,2023-02-21,2753,386.06,Online
Q1-01630,2023-03-05,13,35.3,In-Store
Q1-01631,2023-02-17,674,60.64,Online
Q1-01632,2023-01-11,2839,444.06,Phone
Q1-01633,2023-01-23,1007,328.89,In-Store
Q1-01634,2023-01-09,3143,53.72,Phone
Q1-01635,2023-01-12,3489,330.78,In-Store
Q1-01636,2023-03-09,3060,163.27,Phone
Q1-01637,2023-01-18,2833,340.84,Phone
Q1-01638,2023-02-05,2822,391.23,Phone
Q1-01639,2023-01-23,785,164.21,Online
Q1-01640,2023-03-01,3937,341.08,In-Store
Q1-01641,2023-02-27,2362,149.67,Online
Q1-01642,2023-03-25,2627,314.4,Online
Q1-01643,2023-02-04,3689,84.43,In-Store
Q1-01644,2023-02-23,2341,476.23,Online
Q1-01645,2023-03-09,822,262.11,In-Store
Q1-01646,2023-03-26,732,123.19,Online
Q1-01647,2023-01-08,2811,455.26,In-Store
Q1-01648,2023-01-01,2839,426.1,Phone
Q1-01649,2023-03-14,3310,94.1,Phone
Q1-01650,2023-03-28,1181,437.69,In-Store
Q1-01651,2023-01-26,1597,299.55,Online
Q1-01652,2023-02-13,537,12.73,Online
Q1-01653,2023-03-26,1274,198.89,Online
Q1-01654,2023-01-01,2033,251.07,Phone
Q1-01655,2023-02-09,2854,317.59,Online
Q1-01656,2023-03-25,4096,354.76,In-Store
Q1-01657,2023-02-05,1013,81.46,In-Store
Q1-01658,2023-02-12,4446,347.92,In-Store
Q1-01659,2023-02-02,2762,168.43,Phone
Q1-01660,2023-01-04,718,352.29,Online
Q1-01661,2023-03-20,4637,428.65,Phone
Q1-01662,2023-02-26,2585,207.9,In-Store
Q1-01663,2023-02-26,888,342.94,Online
Q1-01664,2023-01-11,3212,391.38,In-Store
Q1-01665,2023-02-26,2832,370.76,In-Store
Q1-01666,2023-03-28,2385,368.06,Online
Q1-01667,2023-02-23,3431,386.23,In-Store
Q1-01668,2023-03-04,503,375.79,In-Store
Q1-01669,2023-02-07,4774,398.34,In-Store
Q1-01670,2023-01-14,3722,420.45,In-Store
Q1-01671,2023-01-07,2599,423.82,Online
Q1-01672,2023-02-25,1331,446.19,Online
Q1-01673,2023-01-01,882,409.5,Phone
Q1-01674,2023-01-03,3574,170.84,Online
Q1-01675,2023-01-04,3948,450.4,Online
Q1-01676,2023-02-28,1301,241.8,Phone
Q1-01677,2023-02-06,2609,164.69,Online
Q1-01678,2023-02-27,4445,224.94,In-Store
Q1-01679,2023-02-01,4003,256.64,Online
Q1-01680,2023-01-28,3200,469.24,In-Store
Q1-01681,2023-01-01,106,405.5,Phone
Q1-01682,2023-03-22,4426,99.51,In-Store
Q1-01683,2023-02-07,4013,475.99,Phone
Q1-01684,2023-01-31,3662,132.12,Online
Q1-01685,2023-03-21,3369,303.4,In-Store
Q1-01686,2023-03-26,1613,384.53,In-Store
Q1-01687,2023-01-10,239,337.37,In-Store
Q1-01688,2023-02-23,4695,337.97,Phone
Q1-01689,2023-02-04,2062,393.91,Online
Q1-01690,2023-02-28,2540,220.4,In-Store
Q1-01691,2023-02-09,1207,236.9,Phone
Q1-01692,2023-03-23,2778,405.09,Online
Q1-01693,2023-02-28,1640,248.41,In-Store
Q1-01694,2023-01-30,2779,173.76,Online
Q1-01695,2023-03-03,2367,69.63,In-Store
Q1-01696,2023-03-01,212,81.46,In-Store
Q1-01697,2023-03-12,2503,186.24,Phone
Q1-01698,2023-01-26,3855,372.46,Online
Q1-01699,2023-01-16,3631,276.63,Online
Q1-01700,2023-01-08,392,394.52,Phone
Q1-01701,2023-02-17,3565,214.1,Online
Q1-01702,2023-01-17,2131,247.35,Phone
Q1-01703,2023-03-30,909,34.48,Online
Q1-01704,2023-02-09,4931,304.29,In-Store
Q1-01705,2023-03-21,757,381.52,Phone
Q1-01706,2023-01-25,1729,279.9,Online
Q1-01707,2023-02-03,3423,224.47,Phone
Q1-01708,2023-03-24,3265,185.33,Online
Q1-01709,2023-01-25,3606,410.62,In-Store
Q1-01710,2023-03-12,2007,83.44,In-Store
Q1-01711,2023-01-08,1568,33.35,In-Store
Q1-01712,2023-02-06,174,423.99,In-Store
Q1-01713,2023-03-31,583,206.75,Phone
Q1-01714,2023-02-11,3144,44.77,Phone
Q1-01715,2023-03-09,4742,475.74,Phone
Q1-01716,2023-01-20,2199,137.87,In-Store
Q1-01717,2023-02-08,869,328.82,In-Store
Q1-01718,2023-01-13,1750,456.5,In-Store
Q1-01719,2023-02-13,1220,496.62,In-Store
Q1-01720,2023-02-10,148,232.32,Phone
Q1-01721,2023-01-27,3444,462.25,Online
Q1-01722,2023-03-23,3686,117.97,Online
Q1-01723,2023-03-15,3807,140.97,Online
Q1-01724,2023-02-25,2361,141.3,Online
Q1-01725,2023-01-27,108,374.77,Online
Q1-01726,2023-01-16,1234,303.41,Online
Q1-01727,2023-01-06,1477,299.94,Online
Q1-01728,2023-03-23,2243,15.31,Online
Q1-01729,2023-03-07,489,425.94,Phone
Q1-01730,2023-03-05,4987,128.61,Online
Q1-01731,2023-02-16,2421,173.98,Online
Q1-01732,2023-02-06,1322,109.16,Phone
Q1-01733,2023-02-08,3701,326.4,Phone
Q1-01734,2023-03-08,1797,241.21,In-Store
Q1-01735,2023-03-14,378,85.0,Phone
Q1-01736,2023-03-31,3778,20.28,Phone
Q1-01737,2023-01-25,2210,46.28,In-Store
Q1-01738,2023-01-08,3782,314.16,In-Store
Q1-01739,2023-01-31,207,461.21,Phone
Q1-01740,2023-02-18,3361,419.69,In-Store
Q1-01741,2023-01-23,176,393.26,Online
Q1-01742,2023-01-13,1001,367.9,In-Store
Q1-01743,2023-01-05,2619,40.05,Phone
Q1-01744,2023-02-12,570,110.03,In-Store
Q1-01745,2023-02-25,2916,137.06,Online
Q1-01746,2023-01-20,650,455.95,Phone
Q1-01747,2023-03-16,679,427.6,In-Store
Q1-01748,2023-02-12,1017,332.5,Online
Q1-01749,2023-02-08,2573,93.1,In-Store
Q1-01750,2023-01-13,1317,327.26,In-Store
Q1-01751,2023-02-22,4921,414.02,In-Store
Q1-01752,2023-03-27,684,110.66,Phone
Q1-01753,2023-02-26,2753,413.38,In-Store
Q1-01754,2023-01-21,497,83.47,Online
Q1-01755,2023-03-10,4802,157.72,Phone
Q1-01756,2023-02-24,4345,364.93,In-Store
Q1-01757,2023-03-29,3155,155.47,Phone
Q1-01758,2023-01-07,2665,331.35,Phone
Q1-01759,2023-03-16,592,54.53,In-Store
Q1-01760,2023-01-19,1748,311.44,In-Store
Q1-01761,2023-02-16,3784,53.96,In-Store
Q1-01762,2023-03-28,3324,138.31,Online
Q1-01763,2023-01-18,4868,191.27,Online
Q1-01764,2023-02-06,578,481.74,Online
Q1-01765,2023-02-17,2233,185.63,Phone
Q1-01766,2023-03-01,1656,485.6,Online
Q1-01767,2023-03-31,1067,26.67,In-Store
Q1-01768,2023-02-20,1436,262.37,Phone
Q1-01769,2023-01-04,1814,176.07,Phone
Q1-01770,2023-02-22,1275,28.46,Phone
Q1-01771,2023-02-16,3695,369.78,Phone
Q1-01772,2023-03-06,1934,407.44,Online
Q1-01773,2023-01-15,3441,6.62,Phone
Q1-01774,2023-03-29,1245,451.99,Phone
Q1-01775,2023-01-09,1707,248.57,Phone
Q1-01776,2023-01-03,4712,467.25,Online
Q1-01777,2023-03-04,2849,468.45,In-Store
Q1-01778,2023-03-25,2589,36.25,In-Store
Q1-01779,2023-01-04,1361,344.41,In-Store
Q1-01780,2023-02-11,1726,477.02,Phone
Q1-01781,2023-03-13,2807,125.46,In-Store
Q1-01782,2023-01-31,4610,380.5,Online
Q1-01783,2023-03-07,2464,483.19,Phone
Q1-01784,2023-01-29,4426,121.87,Online
Q1-01785,2023-02-04,1423,71.39,In-Store
Q1-01786,2023-03-31,2500,365.04,Online
Q1-01787,2023-03-14,2803,497.6,Online
Q1-01788,2023-02-12,2646,484.99,Phone
Q1-01789,2023-03-02,2902,190.82,In-Store
Q1-01790,2023-02-03,3725,155.04,Online
Q1-01791,2023-01-28,4905,326.27,Online
Q1-01792,2023-02-20,2149,472.09,In-Store
Q1-01793,2023-01-06,2707,18.95,In-Store
Q1-01794,2023-01-18,1551,320.94,Phone
Q1-01795,2023-03-15,2305,303.63,In-Store
Q1-01796,2023-01-25,2770,144.48,In-Store
Q1-01797,2023-01-12,1919,455.07,Online
Q1-01798,2023-03-30,3315,449.33,Online
Q1-01799,2023-01-19,1891,316.94,Phone
Q1-01800,2023-02-06,1999,96.09,Online
Q1-01801,2023-02-04,525,436.33,Phone
Q1-01802,2023-02-05,1527,414.93,Online
Q1-01803,2023-03-06,1010,65.69,In-Store
Q1-01804,2023-03-04,3527,359.78,In-Store
Q1-01805,2023-02-01,3413,265.65,In-Store
Q1-01806,2023-03-08,2732,12.5,Online
Q1-01807,2023-02-25,4877,325.14,Phone
Q1-01808,2023-01-01,1152,283.44,In-Store
Q1-01809,2023-01-24,1986,189.54,Online
Q1-01810,2023-01-20,1707,195.21,Phone
Q1-01811,2023-01-16,4718,443.45,Online
Q1-01812,2023-03-01,1485,55.94,Online
Q1-01813,2023-03-24,2616,444.63,In-Store
Q1-01814,2023-01-07,1683,41.62,In-Store
Q1-01815,2023-01-14,2960,178.37,Online
Q1-01816,2023-03-16,11,243.4,Online
Q1-01817,2023-02-26,3408,220.77,Phone
Q1-01818,2023-02-26,1378,471.56,Phone
Q1-01819,2023-02-05,4525,102.57,In-Store
Q1-01820,2023-03-30,2667,246.45,Phone
Q1-01821,2023-02-13,915,249.16,Phone
Q1-01822,2023-02-06,3361,390.22,In-Store
Q1-01823,2023-03-23,2755,97.16,Phone
Q1-01824,2023-03-24,1117,324.37,Online
Q1-01825,2023-03-16,1299,27.37,Phone
Q1-01826,2023-02-18,2217,154.7,In-Store
Q1-01827,2023-01-20,4398,459.72,Online
Q1-01828,2023-02-22,2216,391.83,Phone
Q1-01829,2023-02-27,2339,274.62,In-Store
Q1-01830,2023-01-17,4595,103.61,Online
Q1-01831,2023-01-13,1051,419.1,Online
Q1-01832,2023-02-03,2075,468.23,Phone
Q1-01833,2023-03-25,1549,79.98,Online
Q1-01834,2023-01-20,2410,97.72,Phone
Q1-01835,2023-03-29,2072,112.14,Online
Q1-01836,2023-03-27,1383,234.78,In-Store
Q1-01837,2023-01-29,3587,52.06,Online
Q1-01838,2023-01-06,871,375.79,In-Store
Q1-01839,2023-01-17,3564,5.3,Online
Q1-01840,2023-01-08,2480,169.52,In-Store
Q1-01841,2023-02-17,1151,215.59,In-Store
Q1-01842,2023-03-23,4335,153.58,In-Store
Q1-01843,2023-02-27,3675,44.15,In-Store
Q1-01844,2023-02-28,3004,269.68,In-Store
Q1-01845,2023-01-15,2407,162.89,Phone
Q1-01846,2023-02-22,3153,43.67,Phone
Q1-01847,2023-01-25,3052,147.03,In-Store
Q1-01848,2023-03-31,4786,335.85,Online
Q1-01849,2023-03-12,3381,318.25,In-Store
Q1-01850,2023-02-24,2898,115.31,In-Store
Q1-01851,2023-01-07,2277,66.54,In-Store
Q1-01852,2023-03-06,4535,452.43,In-Store
Q1-01853,2023-01-13,1546,374.22,In-Store
Q1-01854,2023-03-13,1172,427.08,Phone
Q1-01855,2023-02-02,2273,237.68,In-Store
Q1-01856,2023-01-02,624,255.15,Online
Q1-01857,2023-03-21,3023,414.64,Phone
Q1-01858,2023-03-24,4452,284.0,Online
Q1-01859,2023-01-19,2488,100.81,Online
Q1-01860,2023-01-18,4219,378.78,Online
Q1-01861,2023-02-20,2657,175.38,Online
Q1-01862,2023-01-29,1696,424.54,In-Store
Q1-01863,2023-02-21,2065,164.94,Online
Q1-01864,2023-03-15,2481,479.84,In-Store
Q1-01865,2023-02-16,4529,163.42,Phone
Q1-01866,2023-01-30,3318,62.61,Online
Q1-01867,2023-02-01,1093,68.2,Phone
Q1-01868,2023-03-26,2917,111.03,Online
Q1-01869,2023-01-05,938,350.99,In-Store
Q1-01870,2023-03-01,4544,436.5,In-Store
Q1-01871,2023-01-17,3135,279.41,Phone
Q1-01872,2023-02-21,2123,192.78,In-Store
Q1-01873,2023-01-03,3779,117.2,Online
Q1-01874,2023-02-23,1405,289.44,In-Store
Q1-01875,2023-01-31,3097,314.27,Online
Q1-01876,2023-02-14,4925,179.63,Online
Q1-01877,2023-01-03,381,281.73,Online
Q1-01878,2023-03-29,2586,283.76,Phone
Q1-01879,2023-02-12,2417,446.05,In-Store
Q1-01880,2023-02-27,1408,71.18,Online
Q1-01881,2023-03-15,732,329.51,Phone
Q1-01882,2023-03-22,1306,383.92,Online
Q1-01883,2023-01-06,1393,231.39,In-Store
Q1-01884,2023-03-10,369,267.45,Online
Q1-01885,2023-01-25,3663,350.53,In-Store
Q1-01886,2023-02-07,3876,370.96,In-Store
Q1-01887,2023-02-01,1192,292.22,Online
Q1-01888,2023-01-20,3217,82.98,In-Store
Q1-01889,2023-01-24,4433,499.24,In-Store
Q1-01890,2023-03-30,1119,446.12,Phone
Q1-01891,2023-01-02,4646,470.41,Online
Q1-01892,2023-02-01,3293,451.92,In-Store
Q1-01893,2023-02-22,3987,323.63,Online
Q1-01894,2023-02-02,599,102.42,Online
Q1-01895,2023-03-22,352,275.25,Online
Q1-01896,2023-01-04,4348,202.08,Phone
Q1-01897,2023-01-18,4290,275.41,Phone
Q1-01898,2023-03-03,1415,166.06,In-Store
Q1-01899,2023-03-10,344,299.18,In-Store
Q1-01900,2023-03-15,3301,400.45,Online
Q1-01901,2023-01-02,1510,458.33,Phone
Q1-01902,2023-01-16,2037,426.81,In-Store
Q1-01903,2023-03-19,1572,212.95,Online
Q1-01904,2023-02-15,780,322.27,In-Store
Q1-01905,2023-03-03,2280,27.13,Online
Q1-01906,2023-01-06,1230,265.59,Online
Q1-01907,2023-03-09,1766,264.24,In-Store
Q1-01908,2023-01-19,2608,189.88,Online
Q1-01909,2023-03-19,2147,99.09,In-Store
Q1-01910,2023-03-30,4785,177.17,In-Store
Q1-01911,2023-01-22,1804,367.04,Online
Q1-01912,2023-02-08,3529,222.28,In-Store
Q1-01913,2023-01-15,3611,142.13,Phone
Q1-01914,2023-03-23,1871,256.66,In-Store
Q1-01915,2023-02-26,971,371.22,Online
Q1-01916,2023-03-25,3478,156.47,In-Store
Q1-01917,2023-03-26,4657,250.22,Phone
Q1-01918,2023-03-10,1263,438.03,Phone
Q1-01919,2023-01-10,4930,96.15,Phone
Q1-01920,2023-01-15,1554,168.23,In-Store
Q1-01921,2023-02-14,4357,131.87,Online
Q1-01922,2023-02-10,4727,287.2,Online
Q1-01923,2023-03-13,2248,56.42,Online
Q1-01924,2023-02-03,3654,307.51,In-Store
Q1-01925,2023-03-15,3807,95.84,Online
Q1-01926,2023-01-24,340,34.54,In-Store
Q1-01927,2023-02-05,451,217.35,Online
Q1-01928,2023-01-25,863,371.94,Online
Q1-01929,2023-01-22,2239,277.22,Online
Q1-01930,2023-03-23,1614,200.49,Online
Q1-01931,2023-02-05,4555,365.01,Phone
Q1-01932,2023-01-04,150,390.27,In-Store
Q1-01933,2023-01-03,4642,272.24,Phone
Q1-01934,2023-03-26,1262,255.72,In-Store
Q1-01935,2023-01-08,1065,476.24,Online
Q1-01936,2023-03-24,1698,46.95,In-Store
Q1-01937,2023-02-17,2135,404.47,In-Store
Q1-01938,2023-03-01,42,284.02,Online
Q1-01939,2023-03-08,1570,75.72,In-Store
Q1-01940,2023-02-23,3794,41.21,Phone
Q1-01941,2023-01-29,4344,86.97,Phone
Q1-01942,2023-01-12,3772,249.67,In-Store
Q1-01943,2023-01-10,3091,272.99,Phone
Q1-01944,2023-01-30,4974,378.94,Online
Q1-01945,2023-02-23,2652,240.73,Phone
Q1-01946,2023-03-30,3279,481.15,Phone
Q1-01947,2023-01-01,2726,325.02,Phone
Q1-01948,2023-01-27,3609,312.26,In-Store
Q1-01949,2023-03-31,2498,195.13,In-Store
Q1-01950,2023-03-26,1255,265.76,Online
Q1-01951,2023-02-05,3180,37.78,In-Store
Q1-01952,2023-03-16,4217,337.0,Phone
Q1-01953,2023-01-24,4100,400.53,Online
Q1-01954,2023-01-27,2347,276.56,Phone
Q1-01955,2023-01-15,1831,218.47,Phone
Q1-01956,2023-02-23,3120,364.65,In-Store
Q1-01957,2023-03-13,2842,382.71,In-Store
Q1-01958,2023-03-08,378,433.01,Online
Q1-01959,2023-03-19,3884,420.6,In-Store
Q1-01960,2023-03-07,4285,70.66,Online
Q1-01961,2023-01-08,3115,479.56,Phone
Q1-01962,2023-03-04,3372,420.06,Phone
Q1-01963,2023-02-09,230,35.9,In-Store
Q1-01964,2023-02-04,787,240.59,Phone
Q1-01965,2023-02-23,4144,124.06,Phone
Q1-01966,2023-01-28,2595,17.16,Online
Q1-01967,2023-03-09,3419,38.9,Phone
Q1-01968,2023-03-08,1890,350.82,In-Store
Q1-01969,2023-01-07,4698,236.24,In-Store
Q1-01970,2023-02-22,4173,241.77,Phone
Q1-01971,2023-03-28,4727,33.31,In-Store
Q1-01972,2023-03-07,3393,75.37,Phone
Q1-01973,2023-02-20,1384,153.69,In-Store
Q1-01974,2023-01-03,1051,429.35,Online
Q1-01975,2023-01-12,4028,459.33,In-Store
Q1-01976,2023-02-05,1688,207.77,In-Store
Q1-01977,2023-01-02,3855,43.06,Online
Q1-01978,2023-03-13,481,18.1,Phone
Q1-01979,2023-01-18,1819,173.84,Phone
Q1-01980,2023-03-04,557,146.54,Online
Q1-01981,2023-02-05,1710,371.42,Phone
Q1-01982,2023-03-12,3817,390.0,Online
Q1-01983,2023-03-08,3147,152.95,Online
Q1-01984,2023-03-05,2227,386.73,In-Store
Q1-01985,2023-03-02,356,490.33,In-Store
Q1-01986,2023-01-30,847,200.45,In-Store
Q1-01987,2023-01-29,1206,458.9,Phone
Q1-01988,2023-01-22,278,281.67,Online
Q1-01989,2023-02-12,784,436.9,Phone
Q1-01990,2023-03-27,3952,59.22,Online
Q1-01991,2023-02-03,788,250.2,Online
Q1-01992,2023-02-20,219,365.05,Online
Q1-01993,2023-03-09,4139,271.73,Online
Q1-01994,2023-01-31,3559,474.16,In-Store
Q1-01995,2023-03-01,3224,101.86,Online
Q1-01996,2023-01-29,2309,374.7,In-Store
Q1-01997,2023-01-31,3154,159.85,Online
Q1-01998,2023-02-09,3068,57.96,Phone
Q1-01999,2023-02-20,1979,304.23,Phone
Q1-02000,2023-03-18,4981,410.71,Online
Q1-02001,2023-02-05,191,392.95,Phone
Q1-02002,2023-02-06,3206,404.83,In-Store
Q1-02003,2023-02-08,3168,439.6,Phone
Q1-02004,2023-03-11,2627,26.36,Phone
Q1-02005,2023-01-08,4975,98.27,In-Store
Q1-02006,2023-02-14,4282,78.76,Phone
Q1-02007,2023-03-13,1497,253.71,Online
Q1-02008,2023-01-05,4813,47.52,In-Store
Q1-02009,2023-03-15,3859,362.4,Phone
Q1-02010,2023-02-01,3522,401.14,In-Store
Q1-02011,2023-02-21,3598,313.85,Online
Q1-02012,2023-01-09,382,255.19,Phone
Q1-02013,2023-02-21,285,47.17,Phone
Q1-02014,2023-03-22,3749,313.3,Phone
Q1-02015,2023-01-13,448,212.18,Online
Q1-02016,2023-01-16,4466,161.02,Phone
Q1-02017,2023-03-08,4649,307.5,In-Store
Q1-02018,2023-01-04,4873,170.35,Online
Q1-02019,2023-01-20,2765,113.61,In-Store
Q1-02020,2023-02-24,3168,275.51,Online
Q1-02021,2023-01-19,2775,33.41,In-Store
Q1-02022,2023-02-16,3231,391.77,Online
Q1-02023,2023-03-30,3735,412.48,In-Store
Q1-02024,2023-02-20,3440,212.51,Online
Q1-02025,2023-01-30,2840,433.33,Online
Q1-02026,2023-03-04,1606,155.55,Phone
Q1-02027,2023-03-01,383,265.56,Phone
Q1-02028,2023-02-12,4617,262.0,In-Store
Q1-02029,2023-03-08,2412,489.94,Phone
Q1-02030,2023-01-24,1335,318.42,Online
Q1-02031,2023-02-24,2584,187.68,In-Store
Q1-02032,2023-01-29,81,125.52,Phone
Q1-02033,2023-01-26,3146,381.34,Online
Q1-02034,2023-02-18,2533,97.68,Phone
Q1-02035,2023-02-06,1382,82.63,In-Store
Q1-02036,2023-03-29,2406,316.85,In-Store
Q1-02037,2023-03-20,3107,374.33,In-Store
Q1-02038,2023-03-10,1464,454.31,In-Store
Q1-02039,2023-03-31,2587,124.17,Phone
Q1-02040,2023-01-16,4461,213.62,Phone
Q1-02041,2023-02-07,2172,243.93,In-Store
Q1-02042,2023-03-10,2795,327.45,Online
Q1-02043,2023-01-23,4773,260.95,Phone
Q1-02044,2023-01-12,4398,325.87,In-Store
Q1-02045,2023-03-08,1404,10.09,Phone
Q1-02046,2023-02-27,32,235.57,Phone
Q1-02047,2023-03-14,688,416.46,Online
Q1-02048,2023-03-14,3117,417.77,Phone
Q1-02049,2023-03-25,2995,224.4,Phone
Q1-02050,2023-03-31,576,48.88,Online
Q1-02051,2023-03-20,2469,463.41,In-Store
Q1-02052,2023-01-06,3297,201.72,Online
Q1-02053,2023-01-13,491,68.96,Phone
Q1-02054,2023-03-18,1062,80.27,In-Store
Q1-02055,2023-03-17,2789,17.46,In-Store
Q1-02056,2023-01-12,3133,103.52,In-Store
Q1-02057,2023-01-19,4246,281.94,Phone
Q1-02058,2023-01-17,4359,192.6,Phone
Q1-02059,2023-02-23,569,40.97,Online
Q1-02060,2023-01-01,1922,495.1,Online
Q1-02061,2023-02-12,2096,400.88,Online
Q1-02062,2023-01-16,619,482.31,In-Store
Q1-02063,2023-03-03,4699,250.81,Online
Q1-02064,2023-02-16,2850,35.01,In-Store
Q1-02065,2023-01-09,4453,221.91,In-Store
Q1-02066,2023-01-18,1261,298.84,In-Store
Q1-02067,2023-01-09,1732,203.43,Phone
Q1-02068,2023-03-22,4203,176.59,Online
Q1-02069,2023-02-25,4389,474.44,Online
Q1-02070,2023-01-02,618,190.84,In-Store
Q1-02071,2023-01-06,2520,9.85,Online
Q1-02072,2023-01-13,1494,47.83,Online
Q1-02073,2023-03-23,1652,317.05,Phone
Q1-02074,2023-01-31,1863,74.64,Phone
Q1-02075,2023-03-24,4918,411.85,Online
Q1-02076,2023-01-15,3647,471.11,In-Store
Q1-02077,2023-03-03,1622,67.28,In-Store
Q1-02078,2023-03-08,3126,276.3,In-Store
Q1-02079,2023-01-08,2280,187.29,In-Store
Q1-02080,2023-01-23,4049,142.99,In-Store
Q1-02081,2023-02-22,392,214.51,In-Store
Q1-02082,2023-01-10,4646,361.35,In-Store
Q1-02083,2023-02-20,206,357.74,Phone
Q1-02084,2023-01-03,4728,243.09,Online
Q1-02085,2023-01-08,4103,385.01,Online
Q1-02086,2023-01-25,3932,469.4,Online
Q1-02087,2023-02-21,164,171.84,Online
Q1-02088,2023-01-19,2580,133.54,Online
Q1-02089,2023-03-23,3738,112.19,Phone
Q1-02090,2023-01-14,3265,247.49,Online
Q1-02091,2023-02-07,2474,77.96,Online
Q1-02092,2023-02-19,2856,143.99,Online
Q1-02093,2023-03-24,2351,285.11,Online
Q1-02094,2023-02-11,4462,414.09,Online
Q1-02095,2023-03-02,1622,478.68,Phone
Q1-02096,2023-02-21,1249,42.79,Phone
Q1-02097,2023-03-30,3631,435.44,Online
Q1-02098,2023-02-13,3891,175.24,Phone
Q1-02099,2023-01-18,4508,209.77,Phone
Q1-02100,2023-01-20,1793,493.25,Phone
Q1-02101,2023-01-23,4103,476.6,In-Store
Q1-02102,2023-02-15,1308,296.78,In-Store
Q1-02103,2023-03-03,1424,467.17,Online
Q1-02104,2023-03-28,4754,469.23,Online
Q1-02105,2023-03-16,4179,426.5,Online
Q1-02106,2023-01-17,1180,151.28,Online
Q1-02107,2023-02-20,4340,114.68,Online
Q1-02108,2023-01-06,1729,320.37,Phone
Q1-02109,2023-02-18,2934,180.38,Phone
Q1-02110,2023-03-29,840,256.78,In-Store
Q1-02111,2023-02-18,600,359.58,Online
Q1-02112,2023-02-04,3072,332.76,Phone
Q1-02113,2023-03-13,3633,179.23,Phone
Q1-02114,2023-01-20,2963,69.64,Phone
Q1-02115,2023-03-20,2904,206.72,In-Store
Q1-02116,2023-03-24,4482,249.83,Phone
Q1-02117,2023-03-17,2857,171.28,Online
Q1-02118,2023-02-17,3617,366.47,In-Store
Q1-02119,2023-02-05,3776,208.32,Online
Q1-02120,2023-03-05,2434,456.68,Phone
Q1-02121,2023-02-18,943,176.03,Online
Q1-02122,2023-02-15,1269,326.98,Phone
Q1-02123,2023-02-01,4896,304.79,In-Store
Q1-02124,2023-01-29,2618,264.09,In-Store
Q1-02125,2023-01-14,3760,359.58,Phone
Q1-02126,2023-01-28,1724,101.32,Phone
Q1-02127,2023-01-10,589,271.58,Phone
Q1-02128,2023-03-03,2027,115.16,Online
Q1-02129,2023-03-02,1546,265.58,In-Store
Q1-02130,2023-03-06,3637,452.54,Online
Q1-02131,2023-03-13,4311,384.19,Phone
Q1-02132,2023-01-16,4220,474.32,Online
Q1-02133,2023-03-30,1545,430.79,Online
Q1-02134,2023-03-18,2571,201.56,Phone
Q1-02135,2023-02-08,4209,382.3,Phone
Q1-02136,2023-03-07,1744,51.79,Phone
Q1-02137,2023-03-13,4707,285.43,Phone
Q1-02138,2023-01-03,237,464.82,Phone
Q1-02139,2023-03-10,1937,213.71,Online
Q1-02140,2023-02-16,2862,368.6,In-Store
Q1-02141,2023-03-25,757,320.28,Online
Q1-02142,2023-02-12,2614,299.7,In-Store
Q1-02143,2023-01-01,1322,193.76,In-Store
Q1-02144,2023-03-05,3526,413.51,Online
Q1-02145,2023-02-22,1297,211.17,In-Store
Q1-02146,2023-02-13,4096,110.95,Online
Q1-02147,2023-03-05,4940,241.02,In-Store
Q1-02148,2023-03-10,203,345.39,Online
Q1-02149,2023-03-17,2750,452.29,Online
Q1-02150,2023-01-23,805,260.84,Online
Q1-02151,2023-02-24,388,289.15,Online
Q1-02152,2023-02-02,4651,167.58,Online
Q1-02153,2023-03-21,3302,334.47,Phone
Q1-02154,2023-02-04,1662,191.54,Online
Q1-02155,2023-01-29,3613,375.43,Phone
Q1-02156,2023-03-06,2269,155.33,Online
Q1-02157,2023-02-15,1524,483.29,Online
Q1-02158,2023-02-23,3461,92.36,In-Store
Q1-02159,2023-03-11,2798,53.09,Phone
Q1-02160,2023-01-26,185,265.33,Phone
Q1-02161,2023-02-14,673,293.86,In-Store
Q1-02162,2023-02-28,1126,271.99,In-Store
Q1-02163,2023-02-03,3067,165.73,Online
Q1-02164,2023-01-13,308,23.53,Online
Q1-02165,2023-01-21,3790,268.31,Phone
Q1-02166,2023-03-30,3065,309.09,In-Store
Q1-02167,2023-03-08,1421,216.5,In-Store
Q1-02168,2023-01-22,4933,294.84,Phone
Q1-02169,2023-03-02,4933,97.49,Online
Q1-02170,2023-01-16,2727,454.09,Online
Q1-02171,2023-02-06,2937,474.85,In-Store
Q1-02172,2023-03-18,3378,310.36,In-Store
Q1-02173,2023-01-23,2560,403.03,In-Store
Q1-02174,2023-02-25,2772,107.73,Online
Q1-02175,2023-01-21,1096,37.81,Phone
Q1-02176,2023-01-01,4920,190.41,In-Store
Q1-02177,2023-03-19,746,468.12,In-Store
Q1-02178,2023-01-18,2132,11.78,Phone
Q1-02179,2023-03-12,3055,40.04,In-Store
Q1-02180,2023-03-17,742,250.21,Online
Q1-02181,2023-02-26,325,334.48,Online
Q1-02182,2023-02-12,1096,72.18,In-Store
Q1-02183,2023-01-23,1895,380.56,Phone
Q1-02184,2023-01-06,4333,481.82,Online
Q1-02185,2023-02-20,979,377.02,In-Store
Q1-02186,2023-01-17,3274,161.63,Phone
Q1-02187,2023-02-24,4577,61.99,Online
Q1-02188,2023-01-25,4753,218.42,Phone
Q1-02189,2023-03-14,1122,439.51,Online
Q1-02190,2023-02-25,4312,408.87,Online
Q1-02191,2023-01-14,3989,278.96,Phone
Q1-02192,2023-01-03,3391,146.59,In-Store
Q1-02193,2023-02-03,1896,326.98,Phone
Q1-02194,2023-01-22,4429,244.91,Online
Q1-02195,2023-03-10,3006,18.97,Online
Q1-02196,2023-03-18,1115,98.69,Online
Q1-02197,2023-02-17,4743,77.1,Phone
Q1-02198,2023-02-22,4498,72.96,Online
Q1-02199,2023-03-30,1884,249.06,In-Store
Q1-02200,2023-03-01,3881,343.15,In-Store
Q1-02201,2023-03-04,1089,28.95,In-Store
Q1-02202,2023-03-15,4667,279.46,Phone
Q1-02203,2023-02-17,3853,241.71,In-Store
Q1-02204,2023-03-28,3645,34.21,Online
Q1-02205,2023-03-15,4951,129.72,Online
Q1-02206,2023-03-07,648,148.78,Online
Q1-02207,2023-03-04,351,195.3,In-Store
Q1-02208,2023-03-26,41,140.71,In-Store
Q1-02209,2023-03-28,1963,375.08,In-Store
Q1-02210,2023-03-12,3131,356.83,Phone
Q1-02211,2023-03-18,4161,11.52,Online
Q1-02212,2023-02-07,281,463.23,Phone
Q1-02213,2023-02-20,1337,133.54,Phone
Q1-02214,2023-03-28,3470,98.03,Online
Q1-02215,2023-01-15,655,417.49,In-Store
Q1-02216,2023-02-27,3419,473.88,Phone
Q1-02217,2023-01-06,2361,354.11,Online
Q1-02218,2023-01-14,2434,115.18,In-Store
Q1-02219,2023-02-21,3223,211.27,Phone
Q1-02220,2023-01-22,4688,309.8,Online
Q1-02221,2023-03-25,1775,441.08,Phone
Q1-02222,2023-03-11,3036,117.91,Online
Q1-02223,2023-02-24,3740,292.37,In-Store
Q1-02224,2023-03-18,146,340.29,In-Store
Q1-02225,2023-03-06,304,11.43,Online
Q1-02226,2023-01-27,2152,383.2,Online
Q1-02227,2023-03-12,105,317.05,In-Store
Q1-02228,2023-03-19,531,73.18,Phone
Q1-02229,2023-02-10,4749,214.76,In-Store
Q1-02230,2023-03-05,4090,473.57,In-Store
Q1-02231,2023-03-11,797,257.56,Online
Q1-02232,2023-02-25,4081,62.79,In-Store
Q1-02233,2023-02-06,3986,454.88,Online
Q1-02234,2023-01-31,317,59.94,Phone
Q1-02235,2023-03-13,916,69.38,In-Store
Q1-02236,2023-02-24,35,145.35,In-Store
Q1-02237,2023-02-04,653,462.38,In-Store
Q1-02238,2023-01-07,2748,477.04,In-Store
Q1-02239,2023-01-11,3218,24.8,Online
Q1-02240,2023-02-26,2071,243.63,In-Store
Q1-02241,2023-03-29,2133,284.78,Online
Q1-02242,2023-03-08,3026,151.09,Phone
Q1-02243,2023-03-24,4065,343.11,In-Store
Q1-02244,2023-02-06,1188,450.38,Online
Q1-02245,2023-03-17,2809,30.47,Phone
Q1-02246,2023-02-03,3257,453.16,In-Store
Q1-02247,2023-01-27,4564,173.11,Online
Q1-02248,2023-02-14,575,153.48,Online
Q1-02249,2023-01-22,4717,285.95,Online
Q1-02250,2023-02-06,2772,250.26,Phone
Q1-02251,2023-01-09,2463,65.67,In-Store
Q1-02252,2023-01-22,1914,310.22,Online
Q1-02253,2023-03-30,3591,9.72,Phone
Q1-02254,2023-01-23,3868,9.02,Online
Q1-02255,2023-01-18,99,52.1,Online
Q1-02256,2023-01-26,3945,340.0,Online
Q1-02257,2023-03-15,446,256.06,Phone
Q1-02258,2023-03-14,595,15.33,In-Store
Q1-02259,2023-01-18,4913,284.72,Online
Q1-02260,2023-02-15,2591,81.03,Phone
Q1-02261,2023-03-09,4658,324.07,In-Store
Q1-02262,2023-01-07,3202,427.01,Phone
Q1-02263,2023-02-04,1385,77.43,Online
Q1-02264,2023-01-30,3274,204.35,In-Store
Q1-02265,2023-01-18,987,385.36,Phone
Q1-02266,2023-03-08,703,335.46,In-Store
Q1-02267,2023-01-13,1915,388.39,Phone
Q1-02268,2023-03-25,850,287.89,In-Store
Q1-02269,2023-01-23,3042,257.17,In-Store
Q1-02270,2023-02-12,4597,268.26,Phone
Q1-02271,2023-03-11,201,306.35,Phone
Q1-02272,2023-03-30,386,158.1,In-Store
Q1-02273,2023-01-22,164,310.14,Phone
Q1-02274,2023-03-15,3165,10.84,In-Store
Q1-02275,2023-03-25,1300,350.82,Online
Q1-02276,2023-03-16,4256,102.28,Online
Q1-02277,2023-01-09,4929,90.21,Online
Q1-02278,2023-03-09,3398,452.91,In-Store
Q1-02279,2023-03-04,3908,476.81,In-Store
Q1-02280,2023-01-15,3209,72.69,Online
Q1-02281,2023-01-19,80,197.05,Online
Q1-02282,2023-01-13,3535,224.36,Phone
Q1-02283,2023-02-12,3323,273.32,Online
Q1-02284,2023-03-10,3526,47.47,In-Store
Q1-02285,2023-01-31,3846,227.08,Phone
Q1-02286,2023-03-07,1141,373.64,In-Store
Q1-02287,2023-01-27,200,441.71,In-Store
Q1-02288,2023-02-25,3205,298.37,Online
Q1-02289,2023-02-15,679,381.11,Phone
Q1-02290,2023-03-17,3032,212.01,Phone
Q1-02291,2023-02-19,2719,429.23,Online
Q1-02292,2023-01-25,1380,299.24,In-Store
Q1-02293,2023-01-08,3472,413.29,Online
Q1-02294,2023-03-17,1462,468.53,Phone
Q1-02295,2023-02-20,3926,429.08,Phone
Q1-02296,2023-02-14,4124,151.44,Online
Q1-02297,2023-01-18,771,435.76,In-Store
Q1-02298,2023-03-14,1786,433.69,In-Store
Q1-02299,2023-01-09,3344,80.88,Phone
Q1-02300,2023-01-06,2632,457.59,Phone
Q1-02301,2023-02-09,4388,277.17,In-Store
Q1-02302,2023-02-23,2906,33.86,In-Store
Q1-02303,2023-03-17,2518,178.62,Online
Q1-02304,2023-03-29,3938,396.2,Phone
Q1-02305,2023-03-25,450,408.35,Phone
Q1-02306,2023-02-05,40,85.29,Phone
Q1-02307,2023-01-14,841,125.37,Phone
Q1-02308,2023-03-09,3868,28.06,In-Store
Q1-02309,2023-02-25,2,184.94,In-Store
Q1-02310,2023-01-14,364,211.64,In-Store
Q1-02311,2023-03-01,3836,136.13,Online
Q1-02312,2023-02-21,4511,297.87,Phone
Q1-02313,2023-03-18,1145,394.21,Phone
Q1-02314,2023-01-08,4144,496.33,In-Store
Q1-02315,2023-02-18,1660,44.84,Phone
Q1-02316,2023-01-02,4378,31.53,Online
Q1-02317,2023-03-05,3294,235.22,Phone
Q1-02318,2023-03-03,3678,98.43,Online
Q1-02319,2023-02-08,4564,27.96,In-Store
Q1-02320,2023-01-23,1697,155.12,In-Store
Q1-02321,2023-01-23,1231,72.47,Online
Q1-02322,2023-01-28,1004,397.15,Online
Q1-02323,2023-02-09,2038,489.2,Phone
Q1-02324,2023-02-02,1156,84.56,Phone
Q1-02325,2023-03-06,755,261.63,Phone
Q1-02326,2023-01-28,922,488.28,Phone
Q1-02327,2023-01-12,424,109.44,In-Store
Q1-02328,2023-03-06,710,178.31,Online
Q1-02329,2023-03-23,3139,485.82,Phone
Q1-02330,2023-01-14,789,294.67,In-Store
Q1-02331,2023-02-09,3965,363.02,In-Store
Q1-02332,2023-01-03,3028,182.29,Online
Q1-02333,2023-01-12,4663,84.38,Online
Q1-02334,2023-02-22,969,180.85,Phone
Q1-02335,2023-03-01,1073,338.02,Online
Q1-02336,2023-01-27,2320,481.48,Phone
Q1-02337,2023-02-11,4081,478.23,Phone
Q1-02338,2023-02-04,3170,111.77,Phone
Q1-02339,2023-02-22,1684,13.42,Online
Q1-02340,2023-02-27,1498,139.55,In-Store
Q1-02341,2023-01-11,67,47.08,In-Store
Q1-02342,2023-03-23,1414,243.54,In-Store
Q1-02343,2023-03-15,2856,198.83,Online
Q1-02344,2023-02-01,4643,92.1,In-Store
Q1-02345,2023-02-05,3910,33.93,Phone
Q1-02346,2023-01-21,4581,428.52,Online
Q1-02347,2023-03-07,4165,8.95,In-Store
Q1-02348,2023-02-02,3932,273.04,In-Store
Q1-02349,2023-01-16,2021,244.48,Phone
Q1-02350,2023-03-08,4729,89.62,Online
Q1-02351,2023-02-15,2326,85.53,In-Store
Q1-02352,2023-02-07,3600,102.35,In-Store
Q1-02353,2023-02-05,477,491.85,Phone
Q1-02354,2023-02-12,2730,461.27,In-Store
Q1-02355,2023-01-19,4115,318.9,In-Store
Q1-02356,2023-02-14,2028,478.5,Online
Q1-02357,2023-02-11,4631,469.37,Online
Q1-02358,2023-02-15,72,496.27,Phone
Q1-02359,2023-03-13,1751,211.64,Online
Q1-02360,2023-02-10,709,182.63,Online
Q1-02361,2023-03-05,3346,408.82,Online
Q1-02362,2023-01-24,4013,176.63,Online
Q1-02363,2023-01-14,4351,54.69,Phone
Q1-02364,2023-02-07,3356,329.44,Phone
Q1-02365,2023-02-24,3273,62.44,Online
Q1-02366,2023-01-13,3236,259.23,Online
Q1-02367,2023-01-26,3809,253.97,Phone
Q1-02368,2023-01-29,2339,447.85,Online
Q1-02369,2023-03-20,3862,465.65,Phone
Q1-02370,2023-01-15,623,324.2,Online
Q1-02371,2023-01-03,3951,328.41,In-Store
Q1-02372,2023-01-24,1083,295.8,Phone
Q1-02373,2023-01-11,1891,227.56,Online
Q1-02374,2023-03-04,3962,393.71,In-Store
Q1-02375,2023-03-15,148,442.77,In-Store
Q1-02376,2023-01-02,4223,90.81,Phone
Q1-02377,2023-03-26,2235,213.32,Online
Q1-02378,2023-01-13,279,218.71,In-Store
Q1-02379,2023-03-05,1862,347.52,In-Store
Q1-02380,2023-03-04,50,420.42,Online
Q1-02381,2023-03-28,543,197.32,Online
Q1-02382,2023-01-03,224,464.1,Online
Q1-02383,2023-01-05,1115,269.9,Online
Q1-02384,2023-02-28,4854,377.75,In-Store
Q1-02385,2023-01-23,837,297.85,In-Store
Q1-02386,2023-03-04,3375,349.05,Phone
Q1-02387,2023-01-20,1378,221.8,In-Store
Q1-02388,2023-03-19,2257,212.35,In-Store
Q1-02389,2023-01-08,3064,163.22,Online
Q1-02390,2023-02-09,385,154.35,Phone
Q1-02391,2023-02-21,4285,322.41,In-Store
Q1-02392,2023-03-13,3312,57.56,In-Store
Q1-02393,2023-02-28,3145,317.91,In-Store
Q1-02394,2023-02-16,4371,337.14,Online
Q1-02395,2023-02-17,3223,409.28,In-Store
Q1-02396,2023-02-19,3363,79.04,Online
Q1-02397,2023-02-04,2460,298.62,Online
Q1-02398,2023-03-26,4365,267.27,Online
Q1-02399,2023-02-10,4690,364.05,Online
Q1-02400,2023-02-15,4117,447.91,Online
Q1-02401,2023-02-15,3474,383.98,Phone
Q1-02402,2023-03-01,2378,347.87,Online
Q1-02403,2023-01-31,2134,431.71,Phone
Q1-02404,2023-03-16,326,439.63,In-Store
Q1-02405,2023-03-12,890,307.37,In-Store
Q1-02406,2023-02-09,671,204.89,In-Store
Q1-02407,2023-02-05,2255,341.87,Online
Q1-02408,2023-03-07,1992,151.64,Phone
Q1-02409,2023-02-28,1945,401.09,Online
Q1-02410,2023-03-03,141,464.11,Online
Q1-02411,2023-03-27,1340,105.01,Online
Q1-02412,2023-01-04,2866,59.3,Online
Q1-02413,2023-01-11,4124,175.37,Online
Q1-02414,2023-03-10,4019,229.6,Online
Q1-02415,2023-03-07,1369,227.32,Online
Q1-02416,2023-02-15,2923,138.16,In-Store
Q1-02417,2023-01-11,3474,159.33,In-Store
Q1-02418,2023-01-31,365,150.94,Online
Q1-02419,2023-01-09,3176,258.44,Phone
Q1-02420,2023-02-14,3860,281.66,In-Store
Q1-02421,2023-03-24,3748,433.33,In-Store
Q1-02422,2023-03-03,4262,235.13,In-Store
Q1-02423,2023-01-18,1612,99.24,Online
Q1-02424,2023-03-02,2851,41.97,Online
Q1-02425,2023-03-22,340,465.6,Online
Q1-02426,2023-03-12,920,170.74,Phone
Q1-02427,2023-03-01,1573,126.11,Online
Q1-02428,2023-02-23,1347,225.11,Online
Q1-02429,2023-02-18,4678,97.02,In-Store
Q1-02430,2023-01-18,1091,339.66,In-Store
Q1-02431,2023-03-01,1944,237.62,Online
Q1-02432,2023-03-24,3209,439.52,Online
Q1-02433,2023-01-14,2340,241.17,Online
Q1-02434,2023-02-08,4977,318.32,In-Store
Q1-02435,2023-01-12,186,39.11,In-Store
Q1-02436,2023-03-22,1411,457.98,In-Store
Q1-02437,2023-01-06,3217,44.66,Phone
Q1-02438,2023-01-02,3031,321.19,Online
Q1-02439,2023-02-08,1391,489.22,In-Store
Q1-02440,2023-02-04,1953,382.83,Phone
Q1-02441,2023-03-30,2991,401.8,In-Store
Q1-02442,2023-03-13,571,426.52,In-Store
Q1-02443,2023-03-03,4189,393.85,In-Store
Q1-02444,2023-02-10,2207,481.73,Phone
Q1-02445,2023-03-22,1387,56.66,Online
Q1-02446,2023-02-01,2601,479.82,In-Store
Q1-02447,2023-02-11,722,317.23,In-Store
Q1-02448,2023-01-08,3561,38.75,Online
Q1-02449,2023-01-21,2537,155.81,Phone
Q1-02450,2023-01-27,602,445.68,In-Store
Q1-02451,2023-02-28,319,177.96,Phone
Q1-02452,2023-01-17,4749,122.9,Phone
Q1-02453,2023-01-27,3077,265.13,In-Store
Q1-02454,2023-02-08,3164,205.04,Online
Q1-02455,2023-01-30,4463,87.7,In-Store
Q1-02456,2023-02-01,2600,296.33,Phone
Q1-02457,2023-01-11,2790,12.41,In-Store
Q1-02458,2023-01-15,2822,97.1,Phone
Q1-02459,2023-03-18,1641,229.31,Online
Q1-02460,2023-03-24,3144,36.32,Phone
Q1-02461,2023-02-09,4057,114.82,Phone
Q1-02462,2023-01-15,4783,22.47,Online
Q1-02463,2023-01-21,3357,198.43,Online
Q1-02464,2023-02-09,2956,315.68,In-Store
Q1-02465,2023-03-06,3516,180.42,In-Store
Q1-02466,2023-02-10,613,207.04,Phone
Q1-02467,2023-02-20,3582,68.82,In-Store
Q1-02468,2023-03-09,499,288.99,Online
Q1-02469,2023-03-04,2619,417.46,Online
Q1-02470,2023-02-14,1019,334.89,In-Store
Q1-02471,2023-01-02,4114,310.64,Phone
Q1-02472,2023-01-31,3750,372.14,In-Store
Q1-02473,2023-03-21,3548,11.07,In-Store
Q1-02474,2023-02-19,3027,150.57,Phone
Q1-02475,2023-03-11,2483,416.84,In-Store
Q1-02476,2023-02-15,216,16.36,Online
Q1-02477,2023-01-04,2691,47.72,Online
Q1-02478,2023-01-01,1105,160.93,Online
Q1-02479,2023-02-25,765,97.82,In-Store
Q1-02480,2023-01-26,2285,369.28,Phone
Q1-02481,2023-01-01,4271,280.75,Online
Q1-02482,2023-02-04,1474,67.47,In-Store
Q1-02483,2023-01-18,4358,238.84,Online
Q1-02484,2023-02-06,4921,188.98,Online
Q1-02485,2023-03-27,559,90.18,In-Store
Q1-02486,2023-02-11,3318,64.41,In-Store
Q1-02487,2023-01-12,3678,430.97,Phone
Q1-02488,2023-03-15,2344,306.66,Online
Q1-02489,2023-01-04,4907,285.53,In-Store
Q1-02490,2023-02-17,3911,115.56,Phone
Q1-02491,2023-02-24,4753,148.17,In-Store
Q1-02492,2023-01-06,4524,454.96,Online
Q1-02493,2023-01-09,3162,307.73,In-Store
Q1-02494,2023-01-29,3223,442.13,Phone
Q1-02495,2023-03-17,3125,56.65,Phone
Q1-02496,2023-02-09,888,264.51,Phone
Q1-02497,2023-02-08,4175,368.86,Phone
Q1-02498,2023-01-08,540,305.77,Phone
Q1-02499,2023-03-29,2354,68.12,Online
Q1-02500,2023-03-06,3023,168.18,In-Store
Q1-02501,2023-02-01,4034,115.15,Online
Q1-02502,2023-02-05,3427,133.76,In-Store
Q1-02503,2023-01-16,496,10.59,Online
Q1-02504,2023-02-08,4930,294.42,Online
Q1-02505,2023-03-12,2080,181.69,In-Store
Q1-02506,2023-03-07,4998,36.37,In-Store
Q1-02507,2023-01-23,3084,139.62,In-Store
Q1-02508,2023-01-05,3026,339.85,Phone
Q1-02509,2023-01-12,460,441.32,Phone
Q1-02510,2023-03-09,1015,380.62,Phone
Q1-02511,2023-03-19,1826,448.89,In-Store
Q1-02512,2023-02-26,4228,373.84,Phone
Q1-02513,2023-01-15,2052,439.42,Phone
Q1-02514,2023-02-14,805,281.5,In-Store
Q1-02515,2023-01-12,1696,152.39,Phone
Q1-02516,2023-01-22,3610,105.99,In-Store
Q1-02517,2023-01-28,100,413.75,Phone
Q1-02518,2023-03-22,3189,110.47,Online
Q1-02519,2023-01-24,3148,108.97,Online
Q1-02520,2023-01-07,508,266.25,Phone
Q1-02521,2023-03-20,3013,245.13,In-Store
Q1-02522,2023-02-10,81,428.97,In-Store
Q1-02523,2023-03-26,1843,454.1,Online
Q1-02524,2023-02-05,2505,214.04,In-Store
Q1-02525,2023-03-10,4262,378.38,Online
Q1-02526,2023-01-03,3691,342.9,In-Store
Q1-02527,2023-03-23,2313,458.43,Online
Q1-02528,2023-02-23,1722,270.63,In-Store
Q1-02529,2023-01-22,4433,414.92,Phone
Q1-02530,2023-02-01,2855,243.0,Online
Q1-02531,2023-03-20,1500,366.81,In-Store
Q1-02532,2023-01-23,2140,320.44,Online
Q1-02533,2023-02-04,68,116.35,Online
Q1-02534,2023-03-29,1132,430.43,Online
Q1-02535,2023-03-28,4412,316.91,Phone
Q1-02536,2023-01-29,3073,14.3,Online
Q1-02537,2023-03-20,2515,57.62,In-Store
Q1-02538,2023-02-18,172,90.32,In-Store
Q1-02539,2023-02-18,2970,359.43,Phone
Q1-02540,2023-01-03,4500,24.88,In-Store
Q1-02541,2023-03-28,1496,150.45,Phone
Q1-02542,2023-01-07,3998,412.41,Online
Q1-02543,2023-01-23,4555,104.43,In-Store
Q1-02544,2023-02-13,381,452.83,Online
Q1-02545,2023-02-14,1856,318.72,Phone
Q1-02546,2023-03-16,4509,309.28,Phone
Q1-02547,2023-01-12,4259,93.11,In-Store
Q1-02548,2023-01-12,3298,173.17,Online
Q1-02549,2023-03-23,3316,74.17,Online
Q1-02550,2023-02-13,261,145.58,Online
Q1-02551,2023-01-17,1252,203.21,Phone
Q1-02552,2023-03-28,2748,72.84,Phone
Q1-02553,2023-02-04,3135,490.04,In-Store
Q1-02554,2023-01-29,1772,8.18,Online
Q1-02555,2023-02-05,3861,390.81,In-Store
Q1-02556,2023-02-21,517,441.09,Phone
Q1-02557,2023-03-04,2860,58.92,Online
Q1-02558,2023-02-11,932,284.45,Phone
Q1-02559,2023-02-08,2163,339.62,Online
Q1-02560,2023-01-12,1415,259.76,Online
Q1-02561,2023-01-21,1312,54.16,Phone
Q1-02562,2023-02-02,3686,96.26,Phone
Q1-02563,2023-03-27,877,352.03,In-Store
Q1-02564,2023-01-04,3569,447.1,Phone
Q1-02565,2023-03-24,4930,235.28,Online
Q1-02566,2023-01-22,1986,48.74,Online
Q1-02567,2023-02-07,1339,245.48,Phone
Q1-02568,2023-02-09,4343,337.38,Online
Q1-02569,2023-01-13,1792,466.15,Phone
Q1-02570,2023-01-27,2324,417.9,Online
Q1-02571,2023-02-25,2733,408.93,Phone
Q1-02572,2023-02-01,942,418.51,Phone
Q1-02573,2023-03-02,4286,232.81,In-Store
Q1-02574,2023-03-30,2911,225.63,Online
Q1-02575,2023-03-14,799,365.82,In-Store
Q1-02576,2023-03-07,4058,249.12,Phone
Q1-02577,2023-02-07,587,16.9,Online
Q1-02578,2023-02-14,3841,133.88,Phone
Q1-02579,2023-02-04,4732,176.76,Online
Q1-02580,2023-01-03,3315,226.84,Phone
Q1-02581,2023-03-25,2902,57.94,Online
Q1-02582,2023-03-26,766,95.91,In-Store
Q1-02583,2023-03-21,3513,253.16,Online
Q1-02584,2023-03-16,2746,131.26,Phone
Q1-02585,2023-01-15,1918,174.75,In-Store
Q1-02586,2023-02-01,240,338.46,In-Store
Q1-02587,2023-02-11,2698,220.61,Phone
Q1-02588,2023-02-06,2342,399.01,Online
Q1-02589,2023-02-27,2683,92.0,Online
Q1-02590,2023-01-28,3530,203.15,In-Store
Q1-02591,2023-02-22,3462,23.83,In-Store
Q1-02592,2023-02-07,192,215.24,In-Store
Q1-02593,2023-03-04,3630,369.09,Phone
Q1-02594,2023-01-27,767,373.12,In-Store
Q1-02595,2023-02-21,2565,436.95,In-Store
Q1-02596,2023-03-07,1864,296.79,Phone
Q1-02597,2023-02-14,2849,245.07,In-Store
Q1-02598,2023-01-19,1348,312.61,Online
Q1-02599,2023-01-13,2147,330.26,In-Store
Q1-02600,2023-01-02,4742,405.45,Online
Q1-02601,2023-03-26,4959,407.08,In-Store
Q1-02602,2023-01-12,4275,46.86,Online
Q1-02603,2023-01-04,1646,39.93,Phone
Q1-02604,2023-03-10,633,418.39,In-Store
Q1-02605,2023-03-22,3088,215.48,Online
Q1-02606,2023-02-23,2483,287.27,In-Store
Q1-02607,2023-01-20,333,31.44,Phone
Q1-02608,2023-03-27,3948,429.54,In-Store
Q1-02609,2023-02-20,185,219.04,Phone
Q1-02610,2023-03-24,3773,492.42,Phone
Q1-02611,2023-01-26,1357,143.99,Online
Q1-02612,2023-03-21,4497,463.96,In-Store
Q1-02613,2023-02-26,3392,197.37,Phone
Q1-02614,2023-01-22,4131,340.08,Phone
Q1-02615,2023-02-07,98,410.34,In-Store
Q1-02616,2023-03-23,111,230.13,Online
Q1-02617,2023-03-21,2355,406.7,In-Store
Q1-02618,2023-01-25,2928,322.95,In-Store
Q1-02619,2023-02-15,3408,32.93,Online
Q1-02620,2023-03-21,4697,383.28,Online
Q1-02621,2023-02-08,691,294.87,Online
Q1-02622,2023-02-19,1246,232.67,In-Store
Q1-02623,2023-01-09,466,424.88,Phone
Q1-02624,2023-01-01,132,416.54,Online
Q1-02625,2023-03-24,4108,71.57,Online
Q1-02626,2023-03-20,4652,117.09,Phone
Q1-02627,2023-03-10,1803,197.53,Online
Q1-02628,2023-03-30,4796,292.28,Phone
Q1-02629,2023-03-28,780,240.9,Phone
Q1-02630,2023-03-28,305,8.74,In-Store
Q1-02631,2023-01-31,3842,159.63,Online
Q1-02632,2023-03-10,1116,347.71,Phone
Q1-02633,2023-03-03,1256,85.29,In-Store
Q1-02634,2023-02-07,3210,81.88,Phone
Q1-02635,2023-01-12,1481,322.22,Phone
Q1-02636,2023-01-23,52,228.29,Phone
Q1-02637,2023-01-29,1182,55.98,Phone
Q1-02638,2023-03-08,4895,101.59,Phone
Q1-02639,2023-01-30,2062,180.88,In-Store
Q1-02640,2023-02-05,922,8.2,Online
Q1-02641,2023-03-06,75,278.87,In-Store
Q1-02642,2023-03-31,788,459.03,Online
Q1-02643,2023-02-19,2150,58.45,Online
Q1-02644,2023-02-15,3746,250.71,In-Store
Q1-02645,2023-02-25,3141,459.01,In-Store
Q1-02646,2023-02-24,202,410.41,In-Store
Q1-02647,2023-01-04,1954,285.0,In-Store
Q1-02648,2023-02-15,3948,240.29,Online
Q1-02649,2023-03-16,3619,287.2,Phone
Q1-02650,2023-03-19,4428,331.16,In-Store
Q1-02651,2023-03-07,3802,365.88,Phone
Q1-02652,2023-01-19,3745,424.21,Online
Q1-02653,2023-03-25,1381,263.12,In-Store
Q1-02654,2023-01-06,4705,365.29,Phone
Q1-02655,2023-02-25,1543,137.2,Online
Q1-02656,2023-03-03,444,151.11,Phone
Q1-02657,2023-01-28,3757,42.28,In-Store
Q1-02658,2023-03-04,4229,425.72,Online
Q1-02659,2023-02-13,1055,440.61,Online
Q1-02660,2023-02-22,4429,294.5,Online
Q1-02661,2023-02-25,1265,99.28,Phone
Q1-02662,2023-01-13,3726,11.19,Phone
Q1-02663,2023-03-30,3160,233.06,Phone
Q1-02664,2023-03-12,1686,400.04,In-Store
Q1-02665,2023-03-08,1621,285.99,Online
Q1-02666,2023-01-04,4304,90.19,Phone
Q1-02667,2023-01-03,683,157.12,Online
Q1-02668,2023-03-23,1120,350.01,Phone
Q1-02669,2023-03-11,4857,170.93,Phone
Q1-02670,2023-03-27,4540,363.89,Online
Q1-02671,2023-02-20,4084,185.5,Online
Q1-02672,2023-01-07,1353,63.79,Online
Q1-02673,2023-02-07,1603,222.08,In-Store
Q1-02674,2023-01-12,4333,470.36,Online
Q1-02675,2023-02-03,4530,77.39,Phone
Q1-02676,2023-03-15,3591,231.25,Online
Q1-02677,2023-02-14,3079,361.55,Phone
Q1-02678,2023-01-14,899,34.85,Phone
Q1-02679,2023-03-03,3092,136.69,In-Store
Q1-02680,2023-03-07,4079,303.06,Phone
Q1-02681,2023-01-20,502,134.71,Online
Q1-02682,2023-02-26,4932,499.67,In-Store
Q1-02683,2023-01-29,3986,118.37,Phone
Q1-02684,2023-01-18,1367,307.32,Phone
Q1-02685,2023-03-25,4539,174.4,Online
Q1-02686,2023-03-02,1520,251.96,Online
Q1-02687,2023-01-09,1079,122.21,Online
Q1-02688,2023-01-03,1820,150.49,Online
Q1-02689,2023-03-22,165,209.71,In-Store
Q1-02690,2023-02-15,4134,471.93,Phone
Q1-02691,2023-01-02,2018,357.87,Phone
Q1-02692,2023-02-14,2028,143.22,Phone
Q1-02693,2023-01-20,2888,201.85,Phone
Q1-02694,2023-01-07,527,17.83,In-Store
Q1-02695,2023-02-14,4463,329.95,In-Store
Q1-02696,2023-02-22,4821,367.08,In-Store
Q1-02697,2023-03-27,283,12.24,In-Store
Q1-02698,2023-03-26,482,240.78,Phone
Q1-02699,2023-01-24,3792,386.83,Phone
Q1-02700,2023-03-11,2323,228.1,Phone
Q1-02701,2023-01-29,717,322.78,Phone
Q1-02702,2023-01-11,3062,261.38,Phone
Q1-02703,2023-01-23,1515,73.84,Online
Q1-02704,2023-03-07,2644,361.43,In-Store
Q1-02705,2023-03-22,3381,378.43,Online
Q1-02706,2023-01-27,4478,288.41,In-Store
Q1-02707,2023-02-08,4879,229.87,Online
Q1-02708,2023-03-29,1961,298.64,Online
Q1-02709,2023-01-08,3352,482.62,Phone
Q1-02710,2023-01-24,3541,493.92,Online
Q1-02711,2023-01-04,4817,144.96,In-Store
Q1-02712,2023-01-23,56,237.55,Phone
Q1-02713,2023-03-19,569,113.39,Online
Q1-02714,2023-03-19,3376,67.07,In-Store
Q1-02715,2023-01-25,3096,358.77,Online
Q1-02716,2023-02-07,4207,69.9,In-Store
Q1-02717,2023-03-24,4274,367.45,Online
Q1-02718,2023-03-30,1039,71.95,Phone
Q1-02719,2023-03-07,1132,422.12,Phone
Q1-02720,2023-01-27,3569,183.59,Online
Q1-02721,2023-03-03,495,388.81,Online
Q1-02722,2023-03-27,2268,296.9,Online
Q1-02723,2023-02-26,2083,445.8,Online
Q1-02724,2023-03-26,1332,104.68,In-Store
Q1-02725,2023-02-28,124,128.9,Online
Q1-02726,2023-01-03,3143,248.38,Online
Q1-02727,2023-01-15,2054,242.23,In-Store
Q1-02728,2023-02-21,1994,345.13,Online
Q1-02729,2023-01-24,4668,167.73,In-Store
Q1-02730,2023-02-18,107,84.99,Online
Q1-02731,2023-02-18,4009,278.13,Online
Q1-02732,2023-02-27,1975,159.37,Online
Q1-02733,2023-01-30,475,55.68,In-Store
Q1-02734,2023-03-09,992,389.69,Online
Q1-02735,2023-02-17,4986,478.82,Online
Q1-02736,2023-03-17,3712,88.83,Phone
Q1-02737,2023-01-19,3850,70.46,In-Store
Q1-02738,2023-02-28,3703,5.09,Online
Q1-02739,2023-02-21,1637,367.3,In-Store
Q1-02740,2023-02-26,2325,67.1,In-Store
Q1-02741,2023-01-16,2174,486.28,In-Store
Q1-02742,2023-02-20,3069,402.2,Phone
Q1-02743,2023-03-12,3703,44.08,In-Store
Q1-02744,2023-02-10,2506,67.31,In-Store
Q1-02745,2023-03-07,4751,174.28,Phone
Q1-02746,2023-02-02,4314,409.75,In-Store
Q1-02747,2023-02-20,4454,114.26,In-Store
Q1-02748,2023-01-11,2710,472.96,Phone
Q1-02749,2023-02-11,1939,338.58,In-Store
Q1-02750,2023-01-25,2628,5.44,In-Store
Q1-02751,2023-01-15,1471,27.06,Online
Q1-02752,2023-03-27,1985,474.21,In-Store
Q1-02753,2023-01-22,4633,328.34,In-Store
Q1-02754,2023-03-25,624,377.07,Online
Q1-02755,2023-03-07,76,245.54,Phone
Q1-02756,2023-01-29,3069,354.36,In-Store
Q1-02757,2023-02-07,1113,310.92,Online
Q1-02758,2023-02-05,2645,338.64,In-Store
Q1-02759,2023-03-06,2860,352.12,In-Store
Q1-02760,2023-01-03,2349,377.56,In-Store
Q1-02761,2023-01-11,1862,226.78,Phone
Q1-02762,2023-03-08,1312,282.76,Online
Q1-02763,2023-03-20,102,369.84,Online
Q1-02764,2023-03-08,4686,341.18,Online
Q1-02765,2023-01-05,3200,376.15,Online
Q1-02766,2023-01-15,981,306.64,Phone
Q1-02767,2023-03-30,1024,174.15,Phone
Q1-02768,2023-02-12,425,22.04,In-Store
Q1-02769,2023-01-22,1027,258.79,Phone
Q1-02770,2023-02-12,2523,131.33,In-Store
Q1-02771,2023-01-31,1490,105.07,In-Store
Q1-02772,2023-03-20,796,269.97,In-Store
Q1-02773,2023-02-10,1701,374.58,Phone
Q1-02774,2023-03-30,3138,70.1,Phone
Q1-02775,2023-01-16,3988,245.15,In-Store
Q1-02776,2023-03-24,3197,271.43,In-Store
Q1-02777,2023-02-11,33,476.73,Phone
Q1-02778,2023-03-12,3002,311.07,Phone
Q1-02779,2023-03-09,3360,370.4,Online
Q1-02780,2023-02-19,4955,210.2,Online
Q1-02781,2023-03-12,3433,309.27,In-Store
Q1-02782,2023-01-01,4520,97.52,Phone
Q1-02783,2023-02-18,3510,269.17,Phone
Q1-02784,2023-03-13,1113,284.25,In-Store
Q1-02785,2023-01-08,3151,288.85,Online
Q1-02786,2023-02-03,3861,331.07,Online
Q1-02787,2023-03-21,4519,51.54,In-Store
Q1-02788,2023-03-19,1528,170.94,Online
Q1-02789,2023-03-16,4,153.05,Phone
Q1-02790,2023-02-10,2792,124.15,In-Store
Q1-02791,2023-02-17,2036,91.77,In-Store
Q1-02792,2023-02-22,1498,357.09,In-Store
Q1-02793,2023-02-20,519,281.87,Online
Q1-02794,2023-01-06,461,40.07,Phone
Q1-02795,2023-02-06,1424,248.7,Phone
Q1-02796,2023-01-24,81,432.57,In-Store
Q1-02797,2023-02-13,3618,165.4,Online
Q1-02798,2023-03-13,2582,304.94,In-Store
Q1-02799,2023-01-10,911,181.0,In-Store
Q1-02800,2023-01-19,4359,104.34,In-Store
Q1-02801,2023-02-10,4526,46.85,Phone
Q1-02802,2023-03-11,323,468.44,Phone
Q1-02803,2023-02-25,4056,365.24,Online
Q1-02804,2023-03-18,1242,256.67,In-Store
Q1-02805,2023-03-25,4859,256.14,Online
Q1-02806,2023-01-28,2381,402.86,Online
Q1-02807,2023-02-14,4365,323.73,Phone
Q1-02808,2023-02-23,1055,306.93,In-Store
Q1-02809,2023-02-11,3015,426.3,Online
Q1-02810,2023-03-22,3176,79.13,Phone
Q1-02811,2023-03-10,1470,325.54,Online
Q1-02812,2023-02-25,1172,469.1,In-Store
Q1-02813,2023-02-08,3066,185.54,Phone
Q1-02814,2023-01-28,2009,130.99,Online
Q1-02815,2023-01-10,2369,457.54,Online
Q1-02816,2023-02-14,1991,202.64,In-Store
Q1-02817,2023-01-25,3747,235.35,Online
Q1-02818,2023-03-09,2888,202.56,Online
Q1-02819,2023-03-19,2702,317.9,Online
Q1-02820,2023-03-09,177,426.19,In-Store
Q1-02821,2023-02-08,3366,314.67,Online
Q1-02822,2023-01-11,3380,362.89,Phone
Q1-02823,2023-03-29,78,77.76,In-Store
Q1-02824,2023-03-12,1752,408.6,In-Store
Q1-02825,2023-01-31,1114,415.17,Online
Q1-02826,2023-02-05,4904,313.02,In-Store
Q1-02827,2023-03-17,968,312.61,In-Store
Q1-02828,2023-01-30,3160,284.61,In-Store
Q1-02829,2023-03-09,3816,177.25,Phone
Q1-02830,2023-03-16,4364,176.01,Online
Q1-02831,2023-01-31,984,226.16,In-Store
Q1-02832,2023-02-20,170,325.13,Phone
Q1-02833,2023-01-07,3233,191.46,In-Store
Q1-02834,2023-02-11,3641,232.09,In-Store
Q1-02835,2023-01-10,516,13.1,Online
Q1-02836,2023-01-04,3392,105.97,Online
Q1-02837,2023-02-06,4443,36.76,Phone
Q1-02838,2023-01-22,3643,46.96,Phone
Q1-02839,2023-01-13,1486,63.29,Phone
Q1-02840,2023-01-01,199,93.54,Online
Q1-02841,2023-03-11,1461,277.02,In-Store
Q1-02842,2023-03-25,2419,97.37,Online
Q1-02843,2023-01-15,1997,350.26,Phone
Q1-02844,2023-02-03,2558,147.06,Online
Q1-02845,2023-01-19,3741,81.01,In-Store
Q1-02846,2023-02-01,1216,421.53,Online
Q1-02847,2023-03-09,1541,447.7,In-Store
Q1-02848,2023-03-28,270,299.69,Online
Q1-02849,2023-03-12,2116,338.86,Phone
Q1-02850,2023-01-13,1031,164.93,In-Store
Q1-02851,2023-01-27,1256,40.68,Online
Q1-02852,2023-02-15,2627,295.68,In-Store
Q1-02853,2023-03-06,2695,18.52,In-Store
Q1-02854,2023-02-15,4893,65.11,Online
Q1-02855,2023-03-22,3709,363.0,In-Store
Q1-02856,2023-03-11,1566,319.04,In-Store
Q1-02857,2023-03-15,1550,130.55,Phone
Q1-02858,2023-01-26,333,271.83,In-Store
Q1-02859,2023-03-27,2070,287.36,Phone
Q1-02860,2023-03-07,3927,495.03,Online
Q1-02861,2023-01-07,42,461.79,Phone
Q1-02862,2023-01-24,1295,284.49,Phone
Q1-02863,2023-02-12,678,122.84,In-Store
Q1-02864,2023-02-13,2712,135.02,Phone
Q1-02865,2023-02-14,4799,139.04,Online
Q1-02866,2023-02-10,785,288.18,Online
Q1-02867,2023-02-04,3520,376.83,Phone
Q1-02868,2023-03-04,227,269.82,Online
Q1-02869,2023-03-11,1905,8.84,In-Store
Q1-02870,2023-03-23,1069,125.85,Phone
Q1-02871,2023-03-23,681,474.82,In-Store
Q1-02872,2023-01-25,3780,333.05,Online
Q1-02873,2023-03-09,1644,99.08,Phone
Q1-02874,2023-03-30,637,237.12,Online
Q1-02875,2023-02-11,4814,292.02,Phone
Q1-02876,2023-01-01,1558,238.92,In-Store
Q1-02877,2023-03-10,2507,79.03,Phone
Q1-02878,2023-03-09,1513,406.15,Online
Q1-02879,2023-03-26,3384,363.22,Online
Q1-02880,2023-01-13,397,422.21,In-Store
Q1-02881,2023-02-12,1681,322.76,Phone
Q1-02882,2023-03-15,4346,326.22,Online
Q1-02883,2023-01-11,788,212.02,In-Store
Q1-02884,2023-01-09,267,215.39,Phone
Q1-02885,2023-03-26,4580,341.87,Phone
Q1-02886,2023-01-21,4351,222.66,Phone
Q1-02887,2023-01-23,4171,86.58,Online
Q1-02888,2023-02-22,2709,175.26,Phone
Q1-02889,2023-03-02,2896,258.31,Online
Q1-02890,2023-03-12,4932,24.86,Phone
Q1-02891,2023-01-25,1739,429.63,Phone
Q1-02892,2023-02-04,1594,113.05,Phone
Q1-02893,2023-01-06,444,204.62,In-Store
Q1-02894,2023-02-20,1379,68.38,Online
Q1-02895,2023-03-29,2296,358.06,Phone
Q1-02896,2023-02-24,1226,323.67,Online
Q1-02897,2023-02-20,953,480.61,In-Store
Q1-02898,2023-01-30,2989,254.21,Phone
Q1-02899,2023-03-18,3008,469.43,Online
Q1-02900,2023-03-13,2125,40.68,In-Store
Q1-02901,2023-02-05,2685,274.85,Online
Q1-02902,2023-01-11,1471,275.37,Online
Q1-02903,2023-02-25,3327,364.12,In-Store
Q1-02904,2023-01-15,4912,273.65,Phone
Q1-02905,2023-03-10,2911,325.92,In-Store
Q1-02906,2023-01-30,3945,457.59,In-Store
Q1-02907,2023-02-21,1402,179.02,Phone
Q1-02908,2023-01-20,4117,61.96,In-Store
Q1-02909,2023-01-22,278,282.74,Online
Q1-02910,2023-02-14,1706,137.04,Online
Q1-02911,2023-01-05,3106,182.4,Online
Q1-02912,2023-02-06,3565,370.81,Online
Q1-02913,2023-01-06,3108,205.87,Phone
Q1-02914,2023-01-14,1940,363.52,Phone
Q1-02915,2023-02-18,3412,481.12,Online
Q1-02916,2023-01-07,4731,276.08,In-Store
Q1-02917,2023-03-01,772,252.85,In-Store
Q1-02918,2023-02-03,1007,418.89,In-Store
Q1-02919,2023-03-19,2878,478.47,Phone
Q1-02920,2023-01-21,3893,288.35,Phone
Q1-02921,2023-02-18,250,156.84,Phone
Q1-02922,2023-01-17,3167,473.61,In-Store
Q1-02923,2023-02-12,1551,178.46,Phone
Q1-02924,2023-03-27,492,21.95,In-Store
Q1-02925,2023-03-04,2861,367.55,Phone
Q1-02926,2023-02-14,1145,95.74,Phone
Q1-02927,2023-01-10,3010,448.15,Phone
Q1-02928,2023-03-08,2923,398.93,Phone
Q1-02929,2023-02-18,4463,155.54,Online
Q1-02930,2023-02-15,822,395.96,Phone
Q1-02931,2023-01-24,1058,402.19,In-Store
Q1-02932,2023-03-21,2016,127.89,Phone
Q1-02933,2023-01-20,2407,143.99,Phone
Q1-02934,2023-02-05,2367,77.34,Phone
Q1-02935,2023-03-21,3560,7.5,In-Store
Q1-02936,2023-02-24,2530,382.61,Phone
Q1-02937,2023-02-03,3390,483.84,Online
Q1-02938,2023-03-06,385,292.58,Phone
Q1-02939,2023-02-23,3862,453.37,Phone
Q1-02940,2023-03-14,2359,337.84,Online
Q1-02941,2023-02-21,3356,147.28,Phone
Q1-02942,2023-03-04,2135,12.95,Phone
Q1-02943,2023-01-05,4457,475.59,Phone
Q1-02944,2023-03-31,409,371.39,In-Store
Q1-02945,2023-03-26,1029,413.91,Phone
Q1-02946,2023-03-25,3574,304.36,In-Store
Q1-02947,2023-01-21,4904,281.83,In-Store
Q1-02948,2023-01-25,106,492.18,Online
Q1-02949,2023-01-10,4700,278.0,Phone
Q1-02950,2023-03-09,696,186.74,Online
Q1-02951,2023-03-30,4140,40.81,Online
Q1-02952,2023-03-28,3959,446.56,Phone
Q1-02953,2023-02-17,4667,214.89,Phone
Q1-02954,2023-03-16,9,319.42,Online
Q1-02955,2023-02-07,1624,391.65,In-Store
Q1-02956,2023-02-22,4633,160.55,In-Store
Q1-02957,2023-01-01,783,319.96,Online
Q1-02958,2023-02-16,3597,217.53,Phone
Q1-02959,2023-01-22,3815,73.65,Online
Q1-02960,2023-03-18,1505,231.4,Phone
Q1-02961,2023-02-15,644,346.37,Phone
Q1-02962,2023-02-13,3961,301.92,Phone
Q1-02963,2023-02-10,2983,466.35,In-Store
Q1-02964,2023-02-04,226,60.74,Phone
Q1-02965,2023-01-22,4196,330.42,In-Store
Q1-02966,2023-03-01,4032,282.61,Online
Q1-02967,2023-03-05,286,473.61,Phone
Q1-02968,2023-03-26,2593,152.59,Online
Q1-02969,2023-02-23,758,157.74,Phone
Q1-02970,2023-02-13,1942,162.42,In-Store
Q1-02971,2023-01-15,224,409.73,Online
Q1-02972,2023-02-12,245,13.3,Phone
Q1-02973,2023-01-28,1614,96.41,Online
Q1-02974,2023-03-22,1296,429.11,In-Store
Q1-02975,2023-02-24,2993,135.18,In-Store
Q1-02976,2023-02-03,1093,41.33,Phone
Q1-02977,2023-03-12,1919,438.53,In-Store
Q1-02978,2023-02-26,2597,259.25,Phone
Q1-02979,2023-03-18,2127,149.24,Phone
Q1-02980,2023-01-25,537,26.51,Phone
Q1-02981,2023-01-26,262,53.12,In-Store
Q1-02982,2023-01-01,4729,149.23,Phone
Q1-02983,2023-03-27,4959,227.87,Online
Q1-02984,2023-01-06,3941,236.97,In-Store
Q1-02985,2023-01-08,2620,484.31,In-Store
Q1-02986,2023-01-17,4455,475.52,Online
Q1-02987,2023-03-20,4564,461.59,Phone
Q1-02988,2023-03-31,2242,186.44,Phone
Q1-02989,2023-03-13,279,204.8,In-Store
Q1-02990,2023-02-18,744,169.42,In-Store
Q1-02991,2023-02-17,3660,111.21,In-Store
Q1-02992,2023-01-01,4740,178.03,In-Store
Q1-02993,2023-03-20,2973,331.07,Phone
Q1-02994,2023-03-01,3226,300.39,Online
Q1-02995,2023-03-17,4777,357.69,In-Store
Q1-02996,2023-02-21,4868,347.04,In-Store
Q1-02997,2023-02-14,262,160.18,Phone
Q1-02998,2023-01-22,1200,306.51,In-Store
Q1-02999,2023-03-16,4706,152.88,Phone
Q1-03000,2023-03-03,4021,13.26,Phone
Q1-03001,2023-02-03,2387,132.47,Phone
Q1-03002,2023-01-30,2804,139.29,Phone
Q1-03003,2023-02-27,3633,237.44,In-Store
Q1-03004,2023-01-26,4610,115.08,In-Store
Q1-03005,2023-02-08,2279,112.91,Online
Q1-03006,2023-01-21,2519,115.05,Phone
Q1-03007,2023-01-11,1722,438.85,Phone
Q1-03008,2023-03-28,1196,458.32,In-Store
Q1-03009,2023-03-29,3747,244.27,Online
Q1-03010,2023-02-06,2453,399.61,Online
Q1-03011,2023-01-30,63,189.62,Phone
Q1-03012,2023-01-07,1573,349.56,Phone
Q1-03013,2023-01-09,2481,339.78,In-Store
Q1-03014,2023-01-30,2191,301.56,In-Store
Q1-03015,2023-02-12,578,345.23,Online
Q1-03016,2023-02-04,2742,90.86,In-Store
Q1-03017,2023-01-30,2789,108.95,Phone
Q1-03018,2023-01-29,1630,69.34,Online
Q1-03019,2023-01-24,70,229.65,In-Store
Q1-03020,2023-01-20,4961,213.84,Online
Q1-03021,2023-01-22,1103,18.0,Online
Q1-03022,2023-01-02,184,359.54,Phone
Q1-03023,2023-02-17,3637,372.19,Online
Q1-03024,2023-03-05,1588,448.03,Phone
Q1-03025,2023-03-28,1872,83.08,Online
Q1-03026,2023-03-29,2843,397.19,Phone
Q1-03027,2023-03-09,1446,100.37,Phone
Q1-03028,2023-02-03,644,57.43,Online
Q1-03029,2023-03-29,274,262.6,Phone
Q1-03030,2023-01-18,767,177.0,In-Store
Q1-03031,2023-01-05,2543,161.97,Phone
Q1-03032,2023-01-13,1941,384.11,Online
Q1-03033,2023-02-20,3657,470.89,Online
Q1-03034,2023-02-06,4936,208.91,Phone
Q1-03035,2023-01-26,793,22.41,Phone
Q1-03036,2023-02-04,3176,211.08,Phone
Q1-03037,2023-02-16,4835,13.43,Phone
Q1-03038,2023-03-02,2625,474.17,In-Store
Q1-03039,2023-03-19,3444,309.34,In-Store
Q1-03040,2023-03-05,321,127.03,Phone
Q1-03041,2023-02-13,888,292.81,In-Store
Q1-03042,2023-03-01,2055,194.49,Phone
Q1-03043,2023-01-11,2392,184.45,In-Store
Q1-03044,2023-03-10,863,139.93,Online
Q1-03045,2023-01-29,3318,498.44,Phone
Q1-03046,2023-02-21,1137,151.77,In-Store
Q1-03047,2023-01-06,4549,230.2,In-Store
Q1-03048,2023-03-18,1888,464.96,In-Store
Q1-03049,2023-02-06,553,49.46,Phone
Q1-03050,2023-02-15,1108,232.19,In-Store
Q1-03051,2023-02-02,4695,355.83,In-Store
Q1-03052,2023-03-16,1193,309.67,In-Store
Q1-03053,2023-02-08,957,205.73,In-Store
Q1-03054,2023-01-20,1997,408.72,In-Store
Q1-03055,2023-03-15,248,74.92,Phone
Q1-03056,2023-01-18,90,166.07,Online
Q1-03057,2023-02-01,1827,249.56,Phone
Q1-03058,2023-02-05,3242,96.0,Online
Q1-03059,2023-02-28,1732,190.45,Phone
Q1-03060,2023-03-27,1838,373.21,Online
Q1-03061,2023-03-01,3332,174.4,Phone
Q1-03062,2023-01-13,306,296.28,In-Store
Q1-03063,2023-03-05,2493,71.79,Phone
Q1-03064,2023-02-13,3055,84.37,In-Store
Q1-03065,2023-03-02,3563,139.75,Phone
Q1-03066,2023-03-07,2992,472.78,Online
Q1-03067,2023-01-03,1047,111.33,In-Store
Q1-03068,2023-01-07,2530,427.94,Phone
Q1-03069,2023-01-24,1405,11.04,Online
Q1-03070,2023-01-26,4204,24.19,Phone
Q1-03071,2023-01-19,4433,374.94,Phone
Q1-03072,2023-03-18,1375,324.33,Phone
Q1-03073,2023-02-16,171,236.35,In-Store
Q1-03074,2023-02-15,3087,418.09,In-Store
Q1-03075,2023-01-05,1278,157.79,In-Store
Q1-03076,2023-03-07,744,369.2,Phone
Q1-03077,2023-02-27,2506,133.55,Phone
Q1-03078,2023-02-10,285,393.71,Online
Q1-03079,2023-01-18,4780,184.6,Phone
Q1-03080,2023-03-06,4580,131.43,Phone
Q1-03081,2023-01-04,4517,9.43,In-Store
Q1-03082,2023-02-12,2164,268.9,Phone
Q1-03083,2023-03-22,1466,223.31,Phone
Q1-03084,2023-02-13,722,127.48,Phone
Q1-03085,2023-02-07,4601,130.67,In-Store
Q1-03086,2023-03-29,618,275.22,In-Store
Q1-03087,2023-01-28,3783,157.33,Phone
Q1-03088,2023-03-02,1191,354.15,Online
Q1-03089,2023-02-24,4235,265.75,Online
Q1-03090,2023-02-11,1873,271.76,Online
Q1-03091,2023-03-01,1670,89.23,Phone
Q1-03092,2023-01-26,1186,483.84,Phone
Q1-03093,2023-03-16,920,320.65,In-Store
Q1-03094,2023-03-01,3810,170.38,Phone
Q1-03095,2023-01-20,4603,386.66,In-Store
Q1-03096,2023-03-20,4628,375.82,In-Store
Q1-03097,2023-01-17,4414,468.87,Online
Q1-03098,2023-03-06,994,494.83,Phone
Q1-03099,2023-01-26,4860,9.66,Online
Q1-03100,2023-03-12,1586,124.75,Phone
Q1-03101,2023-01-12,1266,82.18,Online
Q1-03102,2023-02-18,4322,215.5,Online
Q1-03103,2023-02-14,331,455.42,Phone
Q1-03104,2023-03-07,729,248.13,In-Store
Q1-03105,2023-02-19,434,132.01,Online
Q1-03106,2023-02-26,265,329.32,Phone
Q1-03107,2023-03-06,3326,354.39,Phone
Q1-03108,2023-02-24,4380,13.37,Online
Q1-03109,2023-03-17,4871,420.35,In-Store
Q1-03110,2023-02-23,1698,227.08,In-Store
Q1-03111,2023-02-09,267,54.39,Phone
Q1-03112,2023-01-05,2245,432.27,In-Store
Q1-03113,2023-03-30,2180,292.71,In-Store
Q1-03114,2023-03-22,4467,78.15,Online
Q1-03115,2023-02-27,2145,385.97,Phone
Q1-03116,2023-02-04,1404,326.25,Online
Q1-03117,2023-03-12,1930,70.64,Phone
Q1-03118,2023-03-22,3487,375.24,Phone
Q1-03119,2023-01-20,2700,442.22,Online
Q1-03120,2023-01-02,3225,29.74,Online
Q1-03121,2023-03-30,2795,479.72,Phone
Q1-03122,2023-03-12,1574,159.38,In-Store
Q1-03123,2023-01-07,3799,437.99,Phone
Q1-03124,2023-01-09,2737,161.63,Phone
Q1-03125,2023-01-16,484,413.87,Online
Q1-03126,2023-03-09,505,431.51,In-Store
Q1-03127,2023-03-16,2223,111.13,Online
Q1-03128,2023-01-16,2903,328.0,Online
Q1-03129,2023-03-21,4300,63.05,Online
Q1-03130,2023-01-23,2839,135.92,Phone
Q1-03131,2023-03-19,4598,129.55,Phone
Q1-03132,2023-01-13,4341,252.14,Online
Q1-03133,2023-02-06,4631,133.03,Phone
Q1-03134,2023-02-04,3835,212.56,Online
Q1-03135,2023-02-22,1848,176.35,Online
Q1-03136,2023-01-02,952,65.54,Phone
Q1-03137,2023-03-02,1684,295.54,In-Store
Q1-03138,2023-01-22,1906,209.26,Online
Q1-03139,2023-02-22,2716,58.28,Online
Q1-03140,2023-02-19,3338,167.56,Online
Q1-03141,2023-03-11,392,130.83,In-Store
Q1-03142,2023-02-24,4370,496.81,In-Store
Q1-03143,2023-02-15,1734,356.24,In-Store
Q1-03144,2023-03-01,256,438.48,In-Store
Q1-03145,2023-01-11,4669,424.37,Phone
Q1-03146,2023-01-02,651,267.96,Phone
Q1-03147,2023-01-24,1455,316.77,In-Store
Q1-03148,2023-03-07,4340,439.34,In-Store
Q1-03149,2023-01-06,1129,72.14,Online
Q1-03150,2023-03-19,4603,78.07,Online
Q1-03151,2023-03-12,3867,5.53,Online
Q1-03152,2023-02-04,2613,115.6,Phone
Q1-03153,2023-01-01,1616,417.26,Phone
Q1-03154,2023-03-16,2018,160.73,In-Store
Q1-03155,2023-02-23,548,120.05,Online
Q1-03156,2023-02-27,3952,454.84,Online
Q1-03157,2023-03-09,925,436.38,Phone
Q1-03158,2023-03-06,3350,362.04,Online
Q1-03159,2023-01-24,2177,47.33,In-Store
Q1-03160,2023-03-16,3592,113.01,Phone
Q1-03161,2023-01-14,283,6.88,Online
Q1-03162,2023-02-06,2346,490.43,In-Store
Q1-03163,2023-01-23,2398,357.42,Online
Q1-03164,2023-01-19,4668,231.71,Online
Q1-03165,2023-02-18,3423,333.91,Phone
Q1-03166,2023-02-24,4558,320.82,In-Store
Q1-03167,2023-02-26,87,380.93,In-Store
Q1-03168,2023-02-05,309,215.81,Phone
Q1-03169,2023-02-19,2424,376.63,Online
Q1-03170,2023-02-21,887,290.39,Phone
Q1-03171,2023-02-23,1784,153.13,Online
Q1-03172,2023-02-02,3103,163.03,Online
Q1-03173,2023-03-01,3885,45.32,In-Store
Q1-03174,2023-01-17,3980,7.79,Phone
Q1-03175,2023-02-18,2628,233.81,Online
Q1-03176,2023-03-31,449,485.51,Online
Q1-03177,2023-02-12,611,433.85,In-Store
Q1-03178,2023-03-26,3358,101.88,Online
Q1-03179,2023-02-19,1699,442.91,Online
Q1-03180,2023-02-06,1676,305.2,In-Store
Q1-03181,2023-02-16,3879,122.66,Phone
Q1-03182,2023-01-01,4303,114.64,Online
Q1-03183,2023-02-09,4446,242.69,In-Store
Q1-03184,2023-03-01,667,463.94,Phone
Q1-03185,2023-01-28,2331,225.66,Phone
Q1-03186,2023-02-22,4405,448.15,Online
Q1-03187,2023-01-04,1434,345.27,Phone
Q1-03188,2023-02-09,3231,496.87,Online
Q1-03189,2023-01-17,3251,33.38,In-Store
Q1-03190,2023-03-23,2263,152.69,In-Store
Q1-03191,2023-03-27,2799,33.96,Online
Q1-03192,2023-03-23,1287,337.12,Phone
Q1-03193,2023-02-02,4946,191.88,Phone
Q1-03194,2023-02-11,3580,18.58,Online
Q1-03195,2023-01-22,4086,156.61,In-Store
Q1-03196,2023-02-28,2265,410.42,Phone
Q1-03197,2023-01-28,147,70.99,Online
Q1-03198,2023-02-14,4013,392.57,Phone
Q1-03199,2023-02-04,84,446.62,Online
Q1-03200,2023-03-12,3833,176.65,Phone
Q1-03201,2023-02-05,3802,270.94,Phone
Q1-03202,2023-03-29,4886,397.96,Online
Q1-03203,2023-02-18,4656,279.39,Phone
Q1-03204,2023-01-13,763,364.26,Online
Q1-03205,2023-01-25,2128,254.66,In-Store
Q1-03206,2023-03-27,3197,146.16,Phone
Q1-03207,2023-03-11,3609,6.31,In-Store
Q1-03208,2023-02-13,474,65.2,Phone
Q1-03209,2023-01-05,2316,430.03,Online
Q1-03210,2023-02-25,879,151.97,Phone
Q1-03211,2023-03-21,2880,227.41,Online
Q1-03212,2023-02-20,1345,298.75,In-Store
Q1-03213,2023-03-05,4950,405.59,In-Store
Q1-03214,2023-01-15,956,60.28,Phone
Q1-03215,2023-01-05,858,383.47,In-Store
Q1-03216,2023-01-29,17,371.59,In-Store
Q1-03217,2023-02-18,4723,62.94,Phone
Q1-03218,2023-02-05,4414,35.74,In-Store
Q1-03219,2023-02-12,723,39.69,In-Store
Q1-03220,2023-01-25,3869,77.24,Online
Q1-03221,2023-01-17,4642,320.18,Phone
Q1-03222,2023-01-20,405,316.13,In-Store
Q1-03223,2023-02-03,3377,279.27,In-Store
Q1-03224,2023-03-25,1196,263.27,In-Store
Q1-03225,2023-03-25,2181,75.56,Phone
Q1-03226,2023-01-17,2004,310.86,In-Store
Q1-03227,2023-03-16,1301,388.01,Phone
Q1-03228,2023-02-20,4805,392.08,Online
Q1-03229,2023-02-25,1910,313.4,Phone
Q1-03230,2023-01-06,1549,390.33,Phone
Q1-03231,2023-02-03,1303,438.89,Phone
Q1-03232,2023-02-13,3232,58.53,In-Store
Q1-03233,2023-02-08,3622,41.9,Phone
Q1-03234,2023-01-22,763,366.49,Online
Q1-03235,2023-02-26,2333,137.77,Phone
Q1-03236,2023-02-26,3456,103.34,In-Store
Q1-03237,2023-03-23,1801,436.5,In-Store
Q1-03238,2023-03-22,4047,438.32,Phone
Q1-03239,2023-03-06,2346,153.36,Online
Q1-03240,2023-03-03,4144,347.41,Phone
Q1-03241,2023-01-27,4722,456.2,Online
Q1-03242,2023-03-02,4682,118.32,Online
Q1-03243,2023-01-24,670,409.79,Online
Q1-03244,2023-01-29,2670,110.81,Phone
Q1-03245,2023-01-22,1758,259.85,In-Store
Q1-03246,2023-03-25,2911,343.9,Online
Q1-03247,2023-03-21,1068,470.72,Online
Q1-03248,2023-03-11,2298,39.33,In-Store
Q1-03249,2023-03-21,4787,358.41,Phone
Q1-03250,2023-03-17,1435,56.79,Phone
Q1-03251,2023-01-22,1470,270.1,Online
Q1-03252,2023-02-04,2147,80.18,In-Store
Q1-03253,2023-02-14,2599,264.89,In-Store
Q1-03254,2023-03-23,428,207.11,Online
Q1-03255,2023-01-13,625,400.26,Phone
Q1-03256,2023-01-09,2085,72.55,In-Store
Q1-03257,2023-02-21,2248,151.55,Phone
Q1-03258,2023-01-05,4555,416.33,In-Store
Q1-03259,2023-02-23,3422,493.04,Phone
Q1-03260,2023-01-30,4330,271.0,In-Store
Q1-03261,2023-01-05,4209,139.6,Online
Q1-03262,2023-02-12,2452,331.49,In-Store
Q1-03263,2023-01-30,4275,454.74,In-Store
Q1-03264,2023-01-14,1424,469.08,In-Store
Q1-03265,2023-01-24,4041,113.05,Online
Q1-03266,2023-02-03,796,225.26,In-Store
Q1-03267,2023-03-07,675,397.67,Phone
Q1-03268,2023-02-16,2637,331.37,In-Store
Q1-03269,2023-01-22,3054,123.82,Phone
Q1-03270,2023-03-25,300,433.48,Online
Q1-03271,2023-01-19,4696,430.02,Phone
Q1-03272,2023-02-01,4219,387.45,Phone
Q1-03273,2023-02-25,270,59.31,Phone
Q1-03274,2023-01-24,3403,143.31,Online
Q1-03275,2023-02-13,2836,273.59,Online
Q1-03276,2023-01-04,317,310.94,Phone
Q1-03277,2023-03-28,652,46.94,Online
Q1-03278,2023-01-23,2536,406.85,Phone
Q1-03279,2023-02-14,3368,418.69,Online
Q1-03280,2023-01-16,4308,320.98,Online
Q1-03281,2023-01-27,698,118.97,Online
Q1-03282,2023-02-10,217,463.79,Phone
Q1-03283,2023-02-22,3295,194.68,Online
Q1-03284,2023-02-16,1865,239.95,Online
Q1-03285,2023-03-13,3068,476.53,Online
Q1-03286,2023-02-06,2377,424.81,Phone
Q1-03287,2023-01-05,695,251.87,Phone
Q1-03288,2023-03-16,1624,283.43,Online
Q1-03289,2023-02-02,2595,100.49,Phone
Q1-03290,2023-01-01,140,99.38,Online
Q1-03291,2023-02-25,3181,274.83,Online
Q1-03292,2023-02-17,2587,246.69,In-Store
Q1-03293,2023-02-14,535,471.09,Phone
Q1-03294,2023-02-07,2255,175.66,Phone
Q1-03295,2023-01-05,3001,214.26,In-Store
Q1-03296,2023-02-14,144,473.58,Phone
Q1-03297,2023-02-04,659,104.67,Online
Q1-03298,2023-03-09,1638,470.19,Phone
Q1-03299,2023-02-16,3114,322.96,Phone
Q1-03300,2023-03-11,2108,68.37,Online
Q1-03301,2023-01-04,1023,377.51,Phone
Q1-03302,2023-03-14,4243,297.84,Phone
Q1-03303,2023-02-07,164,323.03,Online
Q1-03304,2023-03-26,3407,64.62,In-Store
Q1-03305,2023-03-16,2138,22.87,Phone
Q1-03306,2023-02-04,2298,298.25,In-Store
Q1-03307,2023-02-03,2961,220.74,Phone
Q1-03308,2023-02-03,6,88.93,Online
Q1-03309,2023-02-09,1999,246.0,Online
Q1-03310,2023-02-12,2543,353.06,Phone
Q1-03311,2023-01-30,4908,6.97,In-Store
Q1-03312,2023-01-31,1371,155.09,Phone
Q1-03313,2023-03-04,4287,424.41,Phone
Q1-03314,2023-01-14,1877,120.4,Phone
Q1-03315,2023-01-20,230,480.68,Phone
Q1-03316,2023-02-20,837,253.51,In-Store
Q1-03317,2023-01-01,4059,189.32,In-Store
Q1-03318,2023-01-18,2154,481.13,Phone
Q1-03319,2023-01-02,3842,186.61,Phone
Q1-03320,2023-02-14,2202,158.08,In-Store
Q1-03321,2023-03-27,3899,302.34,Online
Q1-03322,2023-03-05,105,134.23,Phone
Q1-03323,2023-03-30,1127,18.78,In-Store
Q1-03324,2023-02-06,3074,378.24,In-Store
Q1-03325,2023-01-11,25,454.66,Phone
Q1-03326,2023-01-14,2815,269.44,Phone
Q1-03327,2023-01-02,3051,169.97,Phone
Q1-03328,2023-01-01,3934,120.62,Phone
Q1-03329,2023-01-30,1727,219.85,Online
Q1-03330,2023-03-11,2594,439.24,Phone
Q1-03331,2023-02-23,3759,87.97,In-Store
Q1-03332,2023-03-24,2575,361.66,Phone
Q1-03333,2023-01-25,3847,146.9,In-Store
Q1-03334,2023-01-13,4153,265.56,Online
Q1-03335,2023-03-19,1643,159.45,Phone
Q1-03336,2023-01-11,2536,65.59,In-Store
Q1-03337,2023-02-06,319,165.74,In-Store
Q1-03338,2023-03-11,4696,341.99,In-Store
Q1-03339,2023-01-15,2874,60.46,Online
Q1-03340,2023-01-20,2997,326.89,In-Store
Q1-03341,2023-03-02,4255,60.88,Phone
Q1-03342,2023-02-12,314,499.23,Phone
Q1-03343,2023-03-13,4931,205.63,Phone
Q1-03344,2023-03-09,1556,169.38,Phone
Q1-03345,2023-03-08,4435,471.66,In-Store
Q1-03346,2023-03-11,930,96.79,Phone
Q1-03347,2023-03-07,1807,36.62,Online
Q1-03348,2023-03-02,2810,216.48,Online
Q1-03349,2023-01-11,4306,98.53,In-Store
Q1-03350,2023-02-01,2221,285.01,In-Store
Q1-03351,2023-01-21,3734,174.52,In-Store
Q1-03352,2023-03-06,1559,74.38,Online
Q1-03353,2023-03-23,1271,111.25,Phone
Q1-03354,2023-03-19,3423,286.92,Phone
Q1-03355,2023-01-05,4726,421.37,Phone
Q1-03356,2023-01-19,3431,48.29,Phone
Q1-03357,2023-02-14,4908,362.96,Online
Q1-03358,2023-03-08,4337,96.57,Online
Q1-03359,2023-03-09,1703,356.29,In-Store
Q1-03360,2023-02-21,2743,387.35,In-Store
Q1-03361,2023-01-15,3377,286.99,Phone
Q1-03362,2023-01-12,330,196.38,Online
Q1-03363,2023-01-21,588,258.91,Phone
Q1-03364,2023-03-03,309,442.33,Online
Q1-03365,2023-01-23,1351,279.73,Phone
Q1-03366,2023-02-19,3319,54.86,Phone
Q1-03367,2023-03-23,1184,203.37,Online
Q1-03368,2023-01-21,737,452.78,Phone
Q1-03369,2023-01-30,4780,304.01,Phone
Q1-03370,2023-02-16,2195,111.45,Phone
Q1-03371,2023-02-28,4015,293.6,In-Store
Q1-03372,2023-02-25,2620,155.96,Online
Q1-03373,2023-01-26,3357,215.36,Online
Q1-03374,2023-02-07,1086,272.9,Online
Q1-03375,2023-01-16,980,121.17,In-Store
Q1-03376,2023-01-27,1656,71.76,Phone
Q1-03377,2023-03-01,829,152.12,In-Store
Q1-03378,2023-01-14,576,313.74,Online
Q1-03379,2023-01-31,1282,74.83,Phone
Q1-03380,2023-02-27,1006,223.68,In-Store
Q1-03381,2023-02-18,2128,29.52,In-Store
Q1-03382,2023-01-14,1248,180.33,Online
Q1-03383,2023-01-17,70,35.62,Phone
Q1-03384,2023-01-08,380,121.99,In-Store
Q1-03385,2023-02-20,3998,27.31,Online
Q1-03386,2023-02-28,4059,165.01,Online
Q1-03387,2023-01-02,4446,341.96,Phone
Q1-03388,2023-02-25,1973,99.58,Online
Q1-03389,2023-03-31,3017,229.71,Phone
Q1-03390,2023-01-21,2088,307.4,Phone
Q1-03391,2023-01-31,4546,367.36,Phone
Q1-03392,2023-01-17,1275,109.19,Phone
Q1-03393,2023-03-29,1453,335.22,Phone
Q1-03394,2023-01-09,2846,452.89,Phone
Q1-03395,2023-01-20,821,152.58,Phone
Q1-03396,2023-01-19,3477,33.52,Phone
Q1-03397,2023-03-05,1809,367.16,In-Store
Q1-03398,2023-03-10,1303,279.69,In-Store
Q1-03399,2023-02-27,4529,26.28,Online
Q1-03400,2023-01-03,67,387.72,Phone
Q1-03401,2023-03-26,2519,92.39,In-Store
Q1-03402,2023-03-22,71,432.95,In-Store
Q1-03403,2023-03-01,2261,211.17,Online
Q1-03404,2023-02-23,4147,253.76,In-Store
Q1-03405,2023-01-28,2232,46.17,Online
Q1-03406,2023-01-27,1458,290.62,In-Store
Q1-03407,2023-02-11,2364,94.77,Online
Q1-03408,2023-02-22,3023,109.09,In-Store
Q1-03409,2023-03-08,2235,387.08,Phone
Q1-03410,2023-02-14,3546,231.48,Online
Q1-03411,2023-01-13,1379,427.46,In-Store
Q1-03412,2023-03-31,1177,31.0,Online
Q1-03413,2023-01-20,3524,365.44,In-Store
Q1-03414,2023-03-22,773,9.17,Online
Q1-03415,2023-01-27,4900,144.33,Online
Q1-03416,2023-03-10,3008,331.05,Online
Q1-03417,2023-03-08,740,271.58,In-Store
Q1-03418,2023-01-27,4101,387.6,In-Store
Q1-03419,2023-02-14,2940,109.82,Online
Q1-03420,2023-02-19,1658,123.71,Phone
Q1-03421,2023-01-29,828,416.04,Online
Q1-03422,2023-01-04,2440,60.0,In-Store
Q1-03423,2023-01-31,4595,65.86,In-Store
Q1-03424,2023-02-18,4888,217.65,Phone
Q1-03425,2023-01-19,1721,249.11,Phone
Q1-03426,2023-01-29,963,291.05,Phone
Q1-03427,2023-03-25,3278,295.34,In-Store
Q1-03428,2023-03-24,2898,118.83,Phone
Q1-03429,2023-01-09,2987,172.84,Phone
Q1-03430,2023-03-27,2322,310.2,In-Store
Q1-03431,2023-01-07,3321,70.61,In-Store
Q1-03432,2023-03-27,3944,156.17,Online
Q1-03433,2023-03-28,2439,128.41,Online
Q1-03434,2023-03-15,3137,172.64,In-Store
Q1-03435,2023-01-18,4540,203.25,In-Store
Q1-03436,2023-01-31,3890,206.21,Phone
Q1-03437,2023-01-06,296,199.55,Online
Q1-03438,2023-03-30,3979,266.95,Phone
Q1-03439,2023-02-06,43,138.09,Phone
Q1-03440,2023-03-12,956,388.95,Phone
Q1-03441,2023-03-26,4911,145.47,Phone
Q1-03442,2023-02-10,4859,287.42,In-Store
Q1-03443,2023-03-20,1705,203.59,Online
Q1-03444,2023-02-19,2708,174.31,Online
Q1-03445,2023-02-02,812,32.89,Online
Q1-03446,2023-01-14,4213,131.72,Phone
Q1-03447,2023-01-18,3742,77.0,Phone
Q1-03448,2023-01-06,705,285.01,In-Store
Q1-03449,2023-03-27,4990,253.21,Phone
Q1-03450,2023-03-11,1049,83.39,In-Store
Q1-03451,2023-03-19,2741,10.69,Online
Q1-03452,2023-02-08,2110,110.42,Online
Q1-03453,2023-02-28,1927,96.82,Online
Q1-03454,2023-03-19,6,92.64,Online
Q1-03455,2023-03-25,3203,287.06,Online
Q1-03456,2023-02-16,2648,281.29,In-Store
Q1-03457,2023-01-11,1714,330.07,Phone
Q1-03458,2023-01-30,2324,27.78,Online
Q1-03459,2023-02-21,1284,21.73,Phone
Q1-03460,2023-02-21,459,66.34,Online
Q1-03461,2023-03-19,1918,398.55,In-Store
Q1-03462,2023-01-21,2912,44.0,Online
Q1-03463,2023-01-16,3203,85.45,In-Store
Q1-03464,2023-02-07,4389,303.32,Phone
Q1-03465,2023-01-31,835,63.08,In-Store
Q1-03466,2023-01-29,3422,440.29,In-Store
Q1-03467,2023-01-03,3118,10.71,Phone
Q1-03468,2023-02-23,3239,230.55,Phone
Q1-03469,2023-01-07,1343,459.17,In-Store
Q1-03470,2023-02-01,795,350.98,Online
Q1-03471,2023-01-27,2858,281.8,Phone
Q1-03472,2023-03-01,4417,447.81,Phone
Q1-03473,2023-01-08,3360,118.59,Phone
Q1-03474,2023-03-04,2166,361.36,In-Store
Q1-03475,2023-01-20,4212,183.64,In-Store
Q1-03476,2023-02-09,3992,76.53,In-Store
Q1-03477,2023-03-25,4388,460.48,Online
Q1-03478,2023-02-02,130,403.16,Online
Q1-03479,2023-01-10,2663,31.94,Online
Q1-03480,2023-03-21,4635,157.09,Online
Q1-03481,2023-01-02,2099,54.27,Online
Q1-03482,2023-01-17,2846,51.77,In-Store
Q1-03483,2023-01-31,2418,18.36,In-Store
Q1-03484,2023-03-04,1639,249.19,Online
Q1-03485,2023-02-09,3897,353.2,Online
Q1-03486,2023-03-30,311,232.93,Online
Q1-03487,2023-03-31,114,129.22,Online
Q1-03488,2023-02-22,1759,235.63,Online
Q1-03489,2023-01-22,4665,474.17,Phone
Q1-03490,2023-03-12,4575,457.71,In-Store
Q1-03491,2023-03-22,4681,8.16,Phone
Q1-03492,2023-02-22,2416,331.76,In-Store
Q1-03493,2023-02-03,275,23.15,Phone
Q1-03494,2023-03-27,2254,197.29,In-Store
Q1-03495,2023-03-02,2593,19.26,In-Store
Q1-03496,2023-02-14,4950,31.51,Phone
Q1-03497,2023-03-04,905,238.91,Phone
Q1-03498,2023-01-27,3340,114.59,Phone
Q1-03499,2023-01-08,3509,408.26,Phone
Q1-03500,2023-02-22,926,304.76,In-Store
Q1-03501,2023-03-07,4085,212.74,Phone
Q1-03502,2023-01-21,1281,470.38,Phone
Q1-03503,2023-01-19,2690,199.28,In-Store
Q1-03504,2023-02-24,2147,275.87,Online
Q1-03505,2023-01-09,369,371.33,In-Store
Q1-03506,2023-01-09,4607,178.42,Phone
Q1-03507,2023-02-09,1683,291.19,Online
Q1-03508,2023-01-17,259,203.75,Phone
Q1-03509,2023-02-11,4068,137.23,In-Store
Q1-03510,2023-01-15,4874,397.81,Phone
Q1-03511,2023-02-25,230,237.11,In-Store
Q1-03512,2023-02-18,2282,401.04,In-Store
Q1-03513,2023-01-03,525,27.93,Online
Q1-03514,2023-02-10,4916,13.7,In-Store
Q1-03515,2023-03-16,3706,359.22,Phone
Q1-03516,2023-02-18,2990,251.42,In-Store
Q1-03517,2023-01-19,1161,267.97,In-Store
Q1-03518,2023-02-09,291,388.62,Online
Q1-03519,2023-02-16,4975,265.06,In-Store
Q1-03520,2023-02-01,3336,253.41,In-Store
Q1-03521,2023-02-22,3737,181.77,Online
Q1-03522,2023-01-26,4363,236.67,Online
Q1-03523,2023-03-10,4111,54.82,In-Store
Q1-03524,2023-01-25,2636,281.45,In-Store
Q1-03525,2023-01-16,2061,251.68,Phone
Q1-03526,2023-02-04,4553,311.52,Online
Q1-03527,2023-01-08,1554,265.57,Phone
Q1-03528,2023-02-23,3327,496.1,Online
Q1-03529,2023-03-21,2741,229.08,Phone
Q1-03530,2023-01-23,821,486.75,Phone
Q1-03531,2023-03-11,2790,120.23,Online
Q1-03532,2023-01-07,4114,428.45,Phone
Q1-03533,2023-01-29,1281,180.72,Phone
Q1-03534,2023-02-23,2146,207.09,Phone
Q1-03535,2023-02-06,4067,171.27,In-Store
Q1-03536,2023-01-26,2494,61.3,In-Store
Q1-03537,2023-03-21,2674,90.49,Phone
Q1-03538,2023-01-22,1305,489.81,Online
Q1-03539,2023-03-31,3105,161.88,Phone
Q1-03540,2023-01-15,2192,380.81,In-Store
Q1-03541,2023-02-24,4348,322.43,Online
Q1-03542,2023-02-28,1481,189.17,In-Store
Q1-03543,2023-01-13,2009,339.76,In-Store
Q1-03544,2023-01-21,1790,66.83,Phone
Q1-03545,2023-02-23,4058,328.9,Online
Q1-03546,2023-03-06,3373,234.34,In-Store
Q1-03547,2023-02-18,1738,208.74,In-Store
Q1-03548,2023-02-03,1619,431.89,Online
Q1-03549,2023-01-27,4605,265.95,Phone
Q1-03550,2023-02-24,4764,344.71,Online
Q1-03551,2023-02-09,17,493.79,Phone
Q1-03552,2023-02-08,2448,58.86,In-Store
Q1-03553,2023-03-13,4686,101.88,Phone
Q1-03554,2023-01-16,4456,441.36,In-Store
Q1-03555,2023-03-26,3963,457.3,Online
Q1-03556,2023-01-20,2106,439.93,In-Store
Q1-03557,2023-02-11,80,294.63,In-Store
Q1-03558,2023-03-13,3359,494.64,Phone
Q1-03559,2023-03-07,672,491.01,In-Store
Q1-03560,2023-01-14,3289,399.65,Online
Q1-03561,2023-03-17,3725,170.1,Phone
Q1-03562,2023-03-07,2508,131.23,In-Store
Q1-03563,2023-01-20,212,206.39,In-Store
Q1-03564,2023-03-13,769,301.01,In-Store
Q1-03565,2023-01-23,986,349.3,Online
Q1-03566,2023-03-31,4873,194.14,Phone
Q1-03567,2023-03-31,208,131.75,Phone
Q1-03568,2023-02-08,1030,296.54,Phone
Q1-03569,2023-03-02,4115,365.99,Online
Q1-03570,2023-02-07,3876,251.23,In-Store
Q1-03571,2023-02-12,1677,118.78,Online
Q1-03572,2023-02-23,1082,270.12,Phone
Q1-03573,2023-03-21,1645,382.26,Online
Q1-03574,2023-02-04,1873,382.23,Phone
Q1-03575,2023-02-14,1359,143.9,In-Store
Q1-03576,2023-03-26,4451,340.07,Online
Q1-03577,2023-01-21,1548,340.36,In-Store
Q1-03578,2023-03-05,1065,432.82,Phone
Q1-03579,2023-03-06,840,226.19,Phone
Q1-03580,2023-01-14,287,128.96,Online
Q1-03581,2023-03-02,2436,351.82,Phone
Q1-03582,2023-01-02,4560,75.49,Online
Q1-03583,2023-03-31,2166,96.34,Online
Q1-03584,2023-03-28,4915,388.85,In-Store
Q1-03585,2023-01-25,3778,154.91,Phone
Q1-03586,2023-01-27,2161,53.35,Phone
Q1-03587,2023-03-15,962,369.08,Phone
Q1-03588,2023-03-22,3435,276.95,In-Store
Q1-03589,2023-03-05,2195,157.59,In-Store
Q1-03590,2023-01-11,2966,456.66,In-Store
Q1-03591,2023-03-08,2887,423.03,Online
Q1-03592,2023-02-09,1049,16.6,Online
Q1-03593,2023-01-15,4725,273.54,Phone
Q1-03594,2023-02-11,3472,419.6,Phone
Q1-03595,2023-03-22,2909,404.68,In-Store
Q1-03596,2023-01-22,1676,352.7,Phone
Q1-03597,2023-01-16,1061,366.88,In-Store
Q1-03598,2023-01-07,4171,176.99,Online
Q1-03599,2023-02-16,4262,69.96,In-Store
Q1-03600,2023-01-09,703,200.1,Online
Q1-03601,2023-01-23,4749,210.5,In-Store
Q1-03602,2023-02-08,3428,305.12,Online
Q1-03603,2023-03-31,502,485.39,In-Store
Q1-03604,2023-03-26,4687,101.27,Online
Q1-03605,2023-03-17,2190,174.86,In-Store
Q1-03606,2023-03-21,2494,334.09,Phone
Q1-03607,2023-03-05,1860,27.31,Phone
Q1-03608,2023-01-09,2669,200.63,In-Store
Q1-03609,2023-01-26,2651,106.45,In-Store
Q1-03610,2023-01-22,3754,339.77,In-Store
Q1-03611,2023-03-03,4918,69.07,In-Store
Q1-03612,2023-02-19,2917,45.0,Online
Q1-03613,2023-03-17,1699,343.78,In-Store
Q1-03614,2023-01-28,1452,313.78,In-Store
Q1-03615,2023-02-28,259,454.49,Phone
Q1-03616,2023-03-17,4488,96.69,Online
Q1-03617,2023-01-24,1934,489.88,Online
Q1-03618,2023-02-09,1245,6.84,Phone
Q1-03619,2023-01-01,291,140.27,Online
Q1-03620,2023-01-05,702,158.73,Phone
Q1-03621,2023-03-04,140,384.3,In-Store
Q1-03622,2023-01-28,517,7.97,In-Store
Q1-03623,2023-02-19,2982,32.44,In-Store
Q1-03624,2023-02-22,4052,241.34,Online
Q1-03625,2023-01-21,4530,183.65,Phone
Q1-03626,2023-01-12,2492,400.16,In-Store
Q1-03627,2023-02-05,2630,387.47,In-Store
Q1-03628,2023-02-17,3816,309.65,Online
Q1-03629,2023-01-16,3425,274.21,Online
Q1-03630,2023-03-23,2754,454.0,In-Store
Q1-03631,2023-03-12,3813,380.14,Online
Q1-03632,2023-02-12,237,467.77,In-Store
Q1-03633,2023-02-04,4029,216.13,Phone
Q1-03634,2023-03-15,2884,266.36,Phone
Q1-03635,2023-01-07,3369,43.82,In-Store
Q1-03636,2023-02-05,2305,161.35,Online
Q1-03637,2023-01-18,1522,223.15,In-Store
Q1-03638,2023-01-24,1015,339.0,In-Store
Q1-03639,2023-01-28,4218,108.53,Phone
Q1-03640,2023-02-20,3075,359.05,Online
Q1-03641,2023-02-14,4584,462.65,In-Store
Q1-03642,2023-02-23,3421,377.75,In-Store
Q1-03643,2023-02-26,2657,14.74,Online
Q1-03644,2023-01-29,4891,155.82,In-Store
Q1-03645,2023-01-01,2274,384.72,Phone
Q1-03646,2023-01-01,1446,95.8,Phone
Q1-03647,2023-02-08,3067,227.89,Phone
Q1-03648,2023-03-17,4635,17.82,In-Store
Q1-03649,2023-03-27,1727,66.64,Phone
Q1-03650,2023-02-12,303,131.53,In-Store
Q1-03651,2023-03-26,1418,445.2,In-Store
Q1-03652,2023-01-30,938,42.56,In-Store
Q1-03653,2023-01-21,3838,133.02,In-Store
Q1-03654,2023-01-17,4260,198.8,In-Store
Q1-03655,2023-01-05,1770,145.8,Phone
Q1-03656,2023-03-10,3715,370.7,In-Store
Q1-03657,2023-01-13,4616,372.26,Phone
Q1-03658,2023-02-02,3962,397.2,Phone
Q1-03659,2023-03-31,2029,137.06,Phone
Q1-03660,2023-02-13,2358,320.67,Online
Q1-03661,2023-01-24,1549,461.48,Online
Q1-03662,2023-03-30,2101,345.62,In-Store
Q1-03663,2023-02-28,4085,114.21,Phone
Q1-03664,2023-02-24,1839,185.67,In-Store
Q1-03665,2023-02-13,4732,79.98,Online
Q1-03666,2023-03-19,4017,319.74,In-Store
Q1-03667,2023-01-16,475,326.13,Online
Q1-03668,2023-03-08,2771,389.96,In-Store
Q1-03669,2023-01-03,2824,202.52,In-Store
Q1-03670,2023-02-18,1467,94.58,In-Store
Q1-03671,2023-03-23,2017,474.43,In-Store
Q1-03672,2023-03-26,1191,147.46,Online
Q1-03673,2023-01-23,4039,410.47,Phone
Q1-03674,2023-03-08,1997,443.09,In-Store
Q1-03675,2023-01-30,920,397.75,Phone
Q1-03676,2023-03-23,3097,433.64,Phone
Q1-03677,2023-02-23,999,222.77,Phone
Q1-03678,2023-03-02,2534,358.01,Online
Q1-03679,2023-01-21,4215,108.31,Online
Q1-03680,2023-03-28,2466,262.21,Phone
Q1-03681,2023-02-10,2997,226.11,In-Store
Q1-03682,2023-01-25,2327,243.46,Phone
Q1-03683,2023-02-20,4901,251.43,Online
Q1-03684,2023-02-17,4484,462.99,Phone
Q1-03685,2023-03-12,2717,397.97,Online
Q1-03686,2023-02-18,3877,235.52,Online
Q1-03687,2023-02-26,4294,358.88,Phone
Q1-03688,2023-02-12,1059,486.88,Phone
Q1-03689,2023-02-05,2861,298.96,In-Store
Q1-03690,2023-03-21,4696,262.73,Phone
Q1-03691,2023-03-05,1343,310.7,Phone
Q1-03692,2023-01-30,4076,118.49,Online
Q1-03693,2023-01-21,2176,33.09,Phone
Q1-03694,2023-01-28,1121,123.64,Online
Q1-03695,2023-03-04,4081,32.99,In-Store
Q1-03696,2023-02-23,577,448.58,In-Store
Q1-03697,2023-03-23,925,100.1,In-Store
Q1-03698,2023-02-07,918,21.31,In-Store
Q1-03699,2023-01-29,2303,442.47,In-Store
Q1-03700,2023-01-26,3688,23.17,Online
Q1-03701,2023-02-12,3751,64.05,In-Store
Q1-03702,2023-03-06,4888,194.47,In-Store
Q1-03703,2023-03-17,4296,19.82,In-Store
Q1-03704,2023-01-02,2586,292.19,Online
Q1-03705,2023-03-30,3671,451.58,In-Store
Q1-03706,2023-02-16,4162,401.1,In-Store
Q1-03707,2023-01-11,1360,94.69,Online
Q1-03708,2023-02-11,2016,441.37,Phone
Q1-03709,2023-02-14,1572,480.84,In-Store
Q1-03710,2023-03-16,789,364.67,Phone
Q1-03711,2023-02-04,3690,41.79,Phone
Q1-03712,2023-02-11,4059,278.6,Phone
Q1-03713,2023-01-30,2610,293.62,In-Store
Q1-03714,2023-01-11,3155,179.09,In-Store
Q1-03715,2023-01-23,2228,388.13,Phone
Q1-03716,2023-02-21,1095,453.48,In-Store
Q1-03717,2023-02-05,3204,200.68,Phone
Q1-03718,2023-03-17,1444,225.08,Online
Q1-03719,2023-01-11,4457,272.09,Phone
Q1-03720,2023-03-15,3976,109.18,Phone
Q1-03721,2023-01-14,1515,468.96,Phone
Q1-03722,2023-03-12,263,371.12,Online
Q1-03723,2023-01-11,3317,463.74,In-Store
Q1-03724,2023-01-08,1435,138.64,Phone
Q1-03725,2023-01-17,2889,49.76,In-Store
Q1-03726,2023-02-20,3237,51.69,Phone
Q1-03727,2023-02-28,1856,162.2,In-Store
Q1-03728,2023-01-10,3877,170.77,In-Store
Q1-03729,2023-01-10,516,58.85,In-Store
Q1-03730,2023-01-14,2280,320.61,Phone
Q1-03731,2023-01-19,1004,189.59,In-Store
Q1-03732,2023-02-08,2739,320.37,Phone
Q1-03733,2023-02-09,1321,307.83,Phone
Q1-03734,2023-02-14,744,105.12,Online
Q1-03735,2023-01-06,480,267.01,Online
Q1-03736,2023-01-27,4599,100.99,Online
Q1-03737,2023-01-20,1953,235.93,In-Store
Q1-03738,2023-02-20,3550,461.36,Online
Q1-03739,2023-03-29,721,143.21,Online
Q1-03740,2023-01-05,4290,451.65,In-Store
Q1-03741,2023-03-18,3251,421.47,Online
Q1-03742,2023-01-24,2076,266.9,Online
Q1-03743,2023-03-09,3452,274.05,In-Store
Q1-03744,2023-02-18,389,137.31,In-Store
Q1-03745,2023-01-05,4633,175.28,In-Store
Q1-03746,2023-03-25,2603,403.75,Phone
Q1-03747,2023-01-12,855,446.63,In-Store
Q1-03748,2023-02-17,392,277.95,Online
Q1-03749,2023-02-04,543,106.78,Phone
Q1-03750,2023-01-07,3414,187.35,Phone
Q1-03751,2023-03-04,2864,125.83,In-Store
Q1-03752,2023-02-27,2821,186.86,Online
Q1-03753,2023-02-15,2144,370.73,Phone
Q1-03754,2023-01-01,156,67.71,Online
Q1-03755,2023-01-29,3214,406.7,In-Store
Q1-03756,2023-03-31,4445,358.97,Phone
Q1-03757,2023-01-18,4121,365.93,Phone
Q1-03758,2023-01-22,4208,23.97,In-Store
Q1-03759,2023-03-08,2131,397.01,In-Store
Q1-03760,2023-02-24,4747,79.1,Phone
Q1-03761,2023-03-07,4343,255.92,Online
Q1-03762,2023-03-21,2240,247.85,Phone
Q1-03763,2023-03-28,1614,469.03,Online
Q1-03764,2023-03-03,1909,454.9,In-Store
Q1-03765,2023-01-05,2664,150.38,Phone
Q1-03766,2023-02-06,810,163.92,Phone
Q1-03767,2023-01-06,1301,389.18,Phone
Q1-03768,2023-02-15,1991,16.5,In-Store
Q1-03769,2023-03-18,2133,263.18,Phone
Q1-03770,2023-01-27,1279,112.47,In-Store
Q1-03771,2023-03-02,1675,230.6,Online
Q1-03772,2023-01-11,1150,368.37,Online
Q1-03773,2023-02-03,385,334.62,Online
Q1-03774,2023-03-23,4005,203.85,Phone
Q1-03775,2023-03-16,2840,153.14,In-Store
Q1-03776,2023-01-23,1406,128.78,Phone
Q1-03777,2023-03-28,654,430.73,In-Store
Q1-03778,2023-01-19,1473,471.0,Online
Q1-03779,2023-03-10,4549,142.31,Phone
Q1-03780,2023-01-09,894,328.83,Phone
Q1-03781,2023-01-26,852,217.71,Online
Q1-03782,2023-03-18,4613,23.67,Phone
Q1-03783,2023-01-30,3119,344.25,In-Store
Q1-03784,2023-03-05,378,187.33,Online
Q1-03785,2023-01-10,315,229.6,In-Store
Q1-03786,2023-03-24,3612,146.29,In-Store
Q1-03787,2023-03-19,3935,125.97,Online
Q1-03788,2023-03-22,2766,372.61,In-Store
Q1-03789,2023-01-02,837,345.07,Phone
Q1-03790,2023-02-07,182,59.24,Phone
Q1-03791,2023-01-13,3578,484.04,In-Store
Q1-03792,2023-03-14,1176,365.28,Online
Q1-03793,2023-02-16,3149,149.59,Online
Q1-03794,2023-03-18,1414,290.48,Phone
Q1-03795,2023-03-08,1311,379.35,In-Store
Q1-03796,2023-01-15,3088,258.37,In-Store
Q1-03797,2023-01-20,2661,257.82,Phone
Q1-03798,2023-03-23,2218,153.66,Online
Q1-03799,2023-02-12,3390,491.74,Online
Q1-03800,2023-01-09,114,93.09,Phone
Q1-03801,2023-01-13,1902,50.08,Online
Q1-03802,2023-01-20,3004,43.59,Online
Q1-03803,2023-02-01,846,202.14,Online
Q1-03804,2023-01-20,2658,433.79,In-Store
Q1-03805,2023-03-01,469,211.91,Online
Q1-03806,2023-03-28,934,200.45,In-Store
Q1-03807,2023-01-28,4681,488.31,Phone
Q1-03808,2023-01-20,2021,76.63,In-Store
Q1-03809,2023-02-04,4495,430.97,Phone
Q1-03810,2023-03-31,1137,194.61,In-Store
Q1-03811,2023-02-10,3613,281.04,In-Store
Q1-03812,2023-01-01,1892,192.92,In-Store
Q1-03813,2023-02-21,3221,154.58,Phone
Q1-03814,2023-03-11,1555,70.18,Online
Q1-03815,2023-01-21,4909,161.47,Online
Q1-03816,2023-02-27,1640,70.75,In-Store
Q1-03817,2023-03-06,3518,203.21,Online
Q1-03818,2023-02-20,1774,253.31,Online
Q1-03819,2023-03-21,1285,63.19,Online
Q1-03820,2023-01-06,1092,485.13,Online
Q1-03821,2023-03-08,3114,314.69,In-Store
Q1-03822,2023-02-11,2373,157.59,Phone
Q1-03823,2023-02-07,3441,261.57,Phone
Q1-03824,2023-02-08,1456,450.19,Phone
Q1-03825,2023-02-20,3802,325.94,Phone
Q1-03826,2023-01-11,1665,290.7,In-Store
Q1-03827,2023-02-09,225,374.63,Online
Q1-03828,2023-01-29,4271,337.75,Phone
Q1-03829,2023-03-27,564,239.04,In-Store
Q1-03830,2023-01-07,943,176.7,Online
Q1-03831,2023-01-17,2195,188.65,Phone
Q1-03832,2023-01-05,2867,398.54,Phone
Q1-03833,2023-01-24,4568,477.57,Phone
Q1-03834,2023-03-16,4116,497.59,Online
Q1-03835,2023-02-27,4255,116.51,Online
Q1-03836,2023-02-14,1794,422.07,Phone
Q1-03837,2023-03-25,670,299.7,In-Store
Q1-03838,2023-03-08,826,193.48,In-Store
Q1-03839,2023-02-09,4726,481.22,In-Store
Q1-03840,2023-02-20,2666,42.34,Online
Q1-03841,2023-03-09,1714,287.01,Online
Q1-03842,2023-03-03,1702,430.64,Online
Q1-03843,2023-01-09,388,465.36,Online
Q1-03844,2023-03-19,1608,42.47,In-Store
Q1-03845,2023-01-23,3773,268.07,Phone
Q1-03846,2023-02-26,3878,333.39,Online
Q1-03847,2023-01-07,1881,109.97,Online
Q1-03848,2023-01-27,2326,314.42,Phone
Q1-03849,2023-01-17,3568,427.14,Phone
Q1-03850,2023-01-02,4980,348.06,In-Store
Q1-03851,2023-01-08,289,452.64,Online
Q1-03852,2023-03-20,443,112.01,Online
Q1-03853,2023-03-15,2966,434.01,Online
Q1-03854,2023-02-17,4111,492.54,Phone
Q1-03855,2023-03-17,3098,41.53,In-Store
Q1-03856,2023-01-02,4330,178.73,Online
Q1-03857,2023-01-17,2179,189.05,Online
Q1-03858,2023-03-09,4258,300.87,In-Store
Q1-03859,2023-01-03,1384,469.52,In-Store
Q1-03860,2023-03-13,3409,17.74,Phone
Q1-03861,2023-02-06,4121,68.44,Online
Q1-03862,2023-03-20,1646,458.33,In-Store
Q1-03863,2023-01-16,1646,413.96,Phone
Q1-03864,2023-01-18,3218,144.94,Online
Q1-03865,2023-03-29,1201,86.46,Phone
Q1-03866,2023-01-25,4904,13.97,Online
Q1-03867,2023-01-09,2355,41.94,Online
Q1-03868,2023-01-13,912,191.56,In-Store
Q1-03869,2023-01-20,271,23.33,In-Store
Q1-03870,2023-03-11,1961,217.79,In-Store
Q1-03871,2023-02-19,4267,436.2,Phone
Q1-03872,2023-02-20,623,405.68,In-Store
Q1-03873,2023-01-17,3462,435.87,In-Store
Q1-03874,2023-03-30,1570,87.16,In-Store
Q1-03875,2023-02-28,3825,345.01,In-Store
Q1-03876,2023-02-27,1983,293.55,Phone
Q1-03877,2023-02-22,235,148.99,Online
Q1-03878,2023-02-07,4738,34.44,Phone
Q1-03879,2023-01-07,2308,345.72,In-Store
Q1-03880,2023-01-07,4936,388.5,Phone
Q1-03881,2023-01-12,4896,457.12,Online
Q1-03882,2023-03-07,3331,286.38,Phone
Q1-03883,2023-01-26,3515,98.62,In-Store
Q1-03884,2023-03-14,229,276.11,Phone
Q1-03885,2023-03-22,3421,281.63,Online
Q1-03886,2023-01-10,3897,199.13,Online
Q1-03887,2023-02-19,905,460.49,Online
Q1-03888,2023-02-27,4544,298.62,Online
Q1-03889,2023-03-06,699,85.4,In-Store
Q1-03890,2023-03-19,375,120.39,Online
Q1-03891,2023-02-23,553,85.69,Online
Q1-03892,2023-01-22,2111,454.82,Phone
Q1-03893,2023-02-23,4306,174.16,Phone
Q1-03894,2023-03-23,4146,202.88,Phone
Q1-03895,2023-03-26,3719,288.11,Phone
Q1-03896,2023-03-13,4282,162.6,Phone
Q1-03897,2023-01-30,528,454.42,Online
Q1-03898,2023-03-28,845,367.58,Online
Q1-03899,2023-01-15,3823,178.49,In-Store
Q1-03900,2023-01-08,4495,52.72,Phone
Q1-03901,2023-02-15,4934,483.82,Online
Q1-03902,2023-01-28,4982,414.25,Phone
Q1-03903,2023-03-07,2875,313.98,Phone
Q1-03904,2023-01-24,2563,275.94,Online
Q1-03905,2023-01-04,1896,196.72,In-Store
Q1-03906,2023-02-06,44,60.6,Phone
Q1-03907,2023-02-26,2560,406.93,Online
Q1-03908,2023-03-27,1283,116.74,In-Store
Q1-03909,2023-02-19,1892,449.78,Online
Q1-03910,2023-02-09,4785,488.95,Phone
Q1-03911,2023-02-21,3141,256.38,Online
Q1-03912,2023-02-28,4966,45.34,Online
Q1-03913,2023-02-24,816,231.48,Online
Q1-03914,2023-01-11,4185,409.34,Phone
Q1-03915,2023-03-03,1483,380.34,Online
Q1-03916,2023-02-14,1056,455.44,Online
Q1-03917,2023-01-10,4897,387.68,In-Store
Q1-03918,2023-02-12,908,76.57,In-Store
Q1-03919,2023-03-31,816,366.67,Phone
Q1-03920,2023-03-13,3822,259.95,Phone
Q1-03921,2023-01-19,4553,207.78,Online
Q1-03922,2023-02-24,4401,176.49,Phone
Q1-03923,2023-03-30,2647,33.4,Phone
Q1-03924,2023-01-24,828,300.98,In-Store
Q1-03925,2023-03-15,806,358.16,Online
Q1-03926,2023-01-13,2755,176.48,In-Store
Q1-03927,2023-02-10,1205,413.54,Online
Q1-03928,2023-01-29,3397,281.14,Online
Q1-03929,2023-03-27,1458,108.93,Phone
Q1-03930,2023-03-23,2382,73.78,In-Store
Q1-03931,2023-01-11,1368,338.0,Phone
Q1-03932,2023-03-26,1063,153.34,In-Store
Q1-03933,2023-02-10,3929,366.75,In-Store
Q1-03934,2023-02-03,18,436.92,Phone
Q1-03935,2023-03-28,1868,120.74,Online
Q1-03936,2023-03-26,4539,209.87,Phone
Q1-03937,2023-03-05,2911,20.72,Online
Q1-03938,2023-02-18,4859,309.69,In-Store
Q1-03939,2023-01-13,2022,100.32,Online
Q1-03940,2023-02-06,2171,392.96,In-Store
Q1-03941,2023-03-17,1471,247.03,In-Store
Q1-03942,2023-01-18,2380,460.22,In-Store
Q1-03943,2023-02-14,4845,102.03,Phone
Q1-03944,2023-01-13,3776,400.96,Online
Q1-03945,2023-02-11,4538,499.08,In-Store
Q1-03946,2023-02-02,819,344.26,Phone
Q1-03947,2023-03-05,1953,114.65,In-Store
Q1-03948,2023-02-16,4117,172.67,In-Store
Q1-03949,2023-01-31,850,462.35,Online
Q1-03950,2023-02-19,1898,368.97,Online
Q1-03951,2023-01-04,446,119.15,Phone
Q1-03952,2023-03-04,1794,210.48,Phone
Q1-03953,2023-03-07,4627,304.54,Phone
Q1-03954,2023-03-05,4020,491.49,Online
Q1-03955,2023-03-22,4692,236.32,In-Store
Q1-03956,2023-02-20,1262,448.38,Online
Q1-03957,2023-02-24,3880,132.74,Phone
Q1-03958,2023-01-08,1580,295.37,Phone
Q1-03959,2023-01-31,3736,449.58,In-Store
Q1-03960,2023-02-18,1897,204.77,In-Store
Q1-03961,2023-03-19,4451,296.91,Phone
Q1-03962,2023-03-23,1845,362.32,Phone
Q1-03963,2023-02-13,4182,428.66,In-Store
Q1-03964,2023-03-12,2793,415.5,Online
Q1-03965,2023-01-27,199,233.53,Online
Q1-03966,2023-01-30,1352,335.84,Online
Q1-03967,2023-03-21,1054,381.92,Online
Q1-03968,2023-01-31,4811,251.6,In-Store
Q1-03969,2023-02-22,1623,104.1,Online
Q1-03970,2023-01-16,3035,100.52,Phone
Q1-03971,2023-03-25,2900,237.64,Online
Q1-03972,2023-01-11,2028,356.64,Phone
Q1-03973,2023-02-21,1855,223.52,In-Store
Q1-03974,2023-01-20,4910,300.02,Phone
Q1-03975,2023-03-29,715,202.89,In-Store
Q1-03976,2023-02-14,3222,387.6,In-Store
Q1-03977,2023-03-31,4355,252.27,Online
Q1-03978,2023-03-26,2476,354.69,Online
Q1-03979,2023-03-13,1554,5.75,Phone
Q1-03980,2023-03-15,2435,362.64,Online
Q1-03981,2023-01-10,1663,462.36,Phone
Q1-03982,2023-01-29,929,269.07,Online
Q1-03983,2023-03-06,1010,90.73,Online
Q1-03984,2023-03-08,2871,70.42,In-Store
Q1-03985,2023-01-08,3865,46.34,Online
Q1-03986,2023-03-30,1484,19.42,Online
Q1-03987,2023-03-19,3643,299.73,Phone
Q1-03988,2023-03-17,763,297.43,In-Store
Q1-03989,2023-01-15,3101,144.1,Online
Q1-03990,2023-02-21,1794,476.56,Online
Q1-03991,2023-03-06,2995,166.23,In-Store
Q1-03992,2023-01-23,1005,320.74,Online
Q1-03993,2023-01-14,862,481.62,Online
Q1-03994,2023-03-30,207,258.55,In-Store
Q1-03995,2023-03-19,3802,301.35,Online
Q1-03996,2023-01-03,3047,495.19,Online
Q1-03997,2023-03-18,3839,463.77,In-Store
Q1-03998,2023-02-10,4900,416.3,Online
Q1-03999,2023-01-14,446,160.04,Phone
Q1-04000,2023-03-28,1080,54.98,Phone
Q1-04001,2023-01-27,1166,316.85,In-Store
Q1-04002,2023-02-04,1519,426.73,In-Store
Q1-04003,2023-03-20,2333,340.16,Online
Q1-04004,2023-01-19,183,432.78,Phone
Q1-04005,2023-01-05,4774,390.96,Online
Q1-04006,2023-02-07,2199,82.87,Phone
Q1-04007,2023-02-08,3686,389.04,Phone
Q1-04008,2023-02-11,1976,120.02,In-Store
Q1-04009,2023-02-06,974,251.08,Online
Q1-04010,2023-03-30,859,329.71,Phone
Q1-04011,2023-02-16,47,417.49,Online
Q1-04012,2023-02-11,4380,109.18,Online
Q1-04013,2023-02-26,4801,489.81,In-Store
Q1-04014,2023-02-11,942,15.56,In-Store
Q1-04015,2023-03-19,2799,413.66,Phone
Q1-04016,2023-01-13,2530,18.78,Phone
Q1-04017,2023-03-11,3130,112.94,Phone
Q1-04018,2023-01-17,3734,24.58,Phone
Q1-04019,2023-01-20,3707,411.25,Online
Q1-04020,2023-03-31,1553,325.44,In-Store
Q1-04021,2023-03-10,1316,256.97,Online
Q1-04022,2023-03-03,4918,52.96,Online
Q1-04023,2023-02-11,2253,315.34,In-Store
Q1-04024,2023-03-29,781,344.55,Phone
Q1-04025,2023-03-10,4330,416.24,In-Store
Q1-04026,2023-02-22,4746,370.11,In-Store
Q1-04027,2023-01-02,1098,310.25,In-Store
Q1-04028,2023-03-31,2514,356.05,Phone
Q1-04029,2023-02-28,4941,270.97,Online
Q1-04030,2023-03-19,3100,129.15,In-Store
Q1-04031,2023-03-19,3857,218.33,Online
Q1-04032,2023-01-06,4675,309.22,Online
Q1-04033,2023-03-28,3409,272.57,Online
Q1-04034,2023-03-29,2739,116.19,In-Store
Q1-04035,2023-01-18,1930,73.69,Online
Q1-04036,2023-02-06,4621,361.68,Online
Q1-04037,2023-02-10,3520,445.84,In-Store
Q1-04038,2023-01-08,3460,55.42,Online
Q1-04039,2023-03-23,4356,172.63,In-Store
Q1-04040,2023-01-10,1519,209.29,In-Store
Q1-04041,2023-02-05,1055,43.7,Phone
Q1-04042,2023-03-06,400,329.06,In-Store
Q1-04043,2023-03-04,2405,347.34,In-Store
Q1-04044,2023-03-26,2387,365.78,Online
Q1-04045,2023-01-28,4176,85.01,Phone
Q1-04046,2023-01-09,2799,240.14,Phone
Q1-04047,2023-02-07,1190,30.03,Phone
Q1-04048,2023-03-11,3435,88.98,Online
Q1-04049,2023-02-01,2596,99.41,In-Store
Q1-04050,2023-01-31,3208,18.51,Online
Q1-04051,2023-01-23,2856,79.03,Online
Q1-04052,2023-03-23,423,410.5,Phone
Q1-04053,2023-03-19,1648,166.27,Online
Q1-04054,2023-01-05,2542,328.94,Phone
Q1-04055,2023-02-06,2473,35.49,Online
Q1-04056,2023-03-14,894,140.06,Online
Q1-04057,2023-03-09,3935,197.36,Phone
Q1-04058,2023-01-22,2430,496.24,In-Store
Q1-04059,2023-01-26,58,237.59,Phone
Q1-04060,2023-02-14,2717,448.44,In-Store
Q1-04061,2023-01-31,1860,275.5,In-Store
Q1-04062,2023-03-22,2448,109.68,Online
Q1-04063,2023-03-25,2708,127.02,Phone
Q1-04064,2023-02-18,2027,373.3,Online
Q1-04065,2023-01-01,1665,182.77,In-Store
Q1-04066,2023-02-21,1741,367.24,In-Store
Q1-04067,2023-01-09,1143,138.73,Phone
Q1-04068,2023-02-12,2532,235.55,In-Store
Q1-04069,2023-03-30,3228,363.57,Phone
Q1-04070,2023-02-17,2740,369.24,Phone
Q1-04071,2023-03-24,2064,162.52,In-Store
Q1-04072,2023-01-31,4542,232.09,Online
Q1-04073,2023-01-15,4630,234.68,Phone
Q1-04074,2023-02-17,1505,237.09,In-Store
Q1-04075,2023-02-18,2768,64.09,In-Store
Q1-04076,2023-03-18,1127,75.65,In-Store
Q1-04077,2023-03-09,4988,146.65,Phone
Q1-04078,2023-01-18,517,144.99,Online
Q1-04079,2023-03-08,277,282.97,In-Store
Q1-04080,2023-02-02,996,6.91,Phone
Q1-04081,2023-02-08,3118,83.57,Online
Q1-04082,2023-02-26,3071,293.18,In-Store
Q1-04083,2023-03-13,2926,67.57,Online
Q1-04084,2023-01-06,4679,493.98,Online
Q1-04085,2023-01-11,1257,356.47,In-Store
Q1-04086,2023-03-21,124,124.22,In-Store
Q1-04087,2023-02-17,3615,435.5,Online
Q1-04088,2023-01-08,1518,124.94,Phone
Q1-04089,2023-03-28,2660,39.88,Phone
Q1-04090,2023-03-17,1827,237.53,In-Store
Q1-04091,2023-02-01,207,197.61,Online
Q1-04092,2023-01-04,4207,455.53,Phone
Q1-04093,2023-01-15,11,221.99,Online
Q1-04094,2023-02-20,239,253.89,In-Store
Q1-04095,2023-01-05,217,439.22,Online
Q1-04096,2023-02-25,1128,483.91,In-Store
Q1-04097,2023-03-14,387,338.08,Online
Q1-04098,2023-02-05,1877,425.87,Online
Q1-04099,2023-01-05,2741,44.48,In-Store
Q1-04100,2023-03-02,3317,435.61,Online
Q1-04101,2023-02-06,2860,168.67,In-Store
Q1-04102,2023-02-09,2965,460.51,In-Store
Q1-04103,2023-03-27,4944,183.49,In-Store
Q1-04104,2023-01-18,2721,47.58,In-Store
Q1-04105,2023-02-16,2713,472.81,Online
Q1-04106,2023-03-07,997,456.93,In-Store
Q1-04107,2023-03-08,2131,251.43,Phone
Q1-04108,2023-03-26,3457,491.52,Online
Q1-04109,2023-01-07,3191,57.89,Phone
Q1-04110,2023-01-30,3277,313.15,Online
Q1-04111,2023-02-09,2337,441.72,Online
Q1-04112,2023-02-25,1745,377.34,In-Store
Q1-04113,2023-03-18,310,290.56,In-Store
Q1-04114,2023-01-27,2717,321.49,Phone
Q1-04115,2023-02-28,1189,87.6,In-Store
Q1-04116,2023-03-26,536,108.57,Online
Q1-04117,2023-01-19,3881,150.87,Phone
Q1-04118,2023-02-13,273,47.49,Online
Q1-04119,2023-02-27,4222,339.89,In-Store
Q1-04120,2023-02-06,4645,390.46,Phone
Q1-04121,2023-02-08,2830,485.84,Online
Q1-04122,2023-03-29,4692,151.49,In-Store
Q1-04123,2023-03-09,1589,354.11,In-Store
Q1-04124,2023-02-08,3716,39.85,Phone
Q1-04125,2023-02-03,3767,149.44,Online
Q1-04126,2023-03-31,923,17.62,Online
Q1-04127,2023-02-03,3828,44.52,Phone
Q1-04128,2023-01-13,390,336.03,In-Store
Q1-04129,2023-01-29,2178,410.98,Online
Q1-04130,2023-03-28,1591,382.56,In-Store
Q1-04131,2023-02-02,2065,96.74,Phone
Q1-04132,2023-03-11,3221,135.66,Phone
Q1-04133,2023-03-20,708,276.9,Phone
Q1-04134,2023-03-09,1612,220.57,Online
Q1-04135,2023-02-22,1810,228.57,Online
Q1-04136,2023-03-06,2449,465.45,In-Store
Q1-04137,2023-03-25,4902,471.97,In-Store
Q1-04138,2023-02-07,861,160.74,Online
Q1-04139,2023-03-09,490,90.91,Phone
Q1-04140,2023-02-12,1467,187.21,In-Store
Q1-04141,2023-02-07,3216,208.94,Online
Q1-04142,2023-03-13,3708,311.67,In-Store
Q1-04143,2023-03-12,3151,404.62,In-Store
Q1-04144,2023-02-12,3377,174.87,In-Store
Q1-04145,2023-02-16,4973,366.91,In-Store
Q1-04146,2023-03-20,4853,171.74,Phone
Q1-04147,2023-03-31,2597,294.76,Phone
Q1-04148,2023-03-09,1962,395.76,Phone
Q1-04149,2023-02-07,1241,414.2,Online
Q1-04150,2023-01-01,407,437.84,In-Store
Q1-04151,2023-01-05,151,443.97,In-Store
Q1-04152,2023-01-19,1113,498.86,In-Store
Q1-04153,2023-01-06,2752,214.55,Online
Q1-04154,2023-02-09,1105,179.5,In-Store
Q1-04155,2023-01-15,662,175.23,Phone
Q1-04156,2023-01-29,3999,272.11,Phone
Q1-04157,2023-01-12,1814,184.74,Phone
Q1-04158,2023-03-15,3626,291.65,Phone
Q1-04159,2023-01-15,2074,375.37,Phone
Q1-04160,2023-01-16,2172,302.72,Online
Q1-04161,2023-01-15,777,395.12,Online
Q1-04162,2023-02-01,4,367.04,In-Store
Q1-04163,2023-02-27,1559,173.23,Online
Q1-04164,2023-01-06,3108,251.51,In-Store
Q1-04165,2023-02-01,3053,353.24,Online
Q1-04166,2023-02-20,2983,432.41,In-Store
Q1-04167,2023-03-24,3602,445.34,In-Store
Q1-04168,2023-01-15,985,362.84,In-Store
Q1-04169,2023-01-23,267,494.19,In-Store
Q1-04170,2023-01-15,2529,276.2,Phone
Q1-04171,2023-03-22,20,185.18,Phone
Q1-04172,2023-02-03,2369,248.13,Online
Q1-04173,2023-01-08,3482,15.57,Phone
Q1-04174,2023-01-02,3807,161.04,In-Store
Q1-04175,2023-03-03,2900,201.16,Online
Q1-04176,2023-03-08,3196,325.68,Online
Q1-04177,2023-03-23,3752,399.98,Online
Q1-04178,2023-02-03,4777,145.32,Phone
Q1-04179,2023-01-02,1763,151.2,In-Store
Q1-04180,2023-01-01,2327,70.37,Online
Q1-04181,2023-03-10,3292,329.82,Phone
Q1-04182,2023-02-12,2771,451.22,Online
Q1-04183,2023-03-28,4952,202.1,In-Store
Q1-04184,2023-01-26,3302,483.83,In-Store
Q1-04185,2023-01-24,4431,486.36,Online
Q1-04186,2023-01-13,2164,51.25,Phone
Q1-04187,2023-03-05,1123,121.81,Phone
Q1-04188,2023-02-08,2750,40.62,In-Store
Q1-04189,2023-01-05,1792,158.31,Online
Q1-04190,2023-03-09,1206,383.98,Online
Q1-04191,2023-02-23,4508,36.24,Online
Q1-04192,2023-01-03,1870,258.79,Online
Q1-04193,2023-03-08,3482,410.81,In-Store
Q1-04194,2023-03-17,1958,97.49,Online
Q1-04195,2023-03-14,2725,332.77,In-Store
Q1-04196,2023-03-13,2842,57.19,In-Store
Q1-04197,2023-02-03,1456,209.62,Phone
Q1-04198,2023-03-30,3429,210.57,Online
Q1-04199,2023-02-13,1853,455.51,Online
Q1-04200,2023-02-17,155,244.11,Online
Q1-04201,2023-02-10,1673,93.49,In-Store
Q1-04202,2023-02-07,2815,172.43,Phone
Q1-04203,2023-01-20,516,123.47,In-Store
Q1-04204,2023-02-24,2423,315.33,In-Store
Q1-04205,2023-01-25,3257,420.99,In-Store
Q1-04206,2023-01-16,2108,224.37,In-Store
Q1-04207,2023-03-12,932,494.29,Phone
Q1-04208,2023-02-16,2117,234.46,Phone
Q1-04209,2023-03-06,2243,51.43,Phone
Q1-04210,2023-03-19,1411,491.44,Online
Q1-04211,2023-01-01,2462,254.4,Online
Q1-04212,2023-02-21,4592,431.47,Phone
Q1-04213,2023-02-17,183,28.6,Phone
Q1-04214,2023-03-23,4989,138.35,In-Store
Q1-04215,2023-02-13,1614,372.98,In-Store
Q1-04216,2023-03-07,4193,366.81,Phone
Q1-04217,2023-02-18,4610,281.57,Phone
Q1-04218,2023-01-22,816,134.24,Phone
Q1-04219,2023-02-07,1305,453.99,Online
Q1-04220,2023-01-03,2679,282.72,In-Store
Q1-04221,2023-03-22,1492,112.73,Phone
Q1-04222,2023-02-28,4559,149.75,In-Store
Q1-04223,2023-02-12,2904,61.87,Online
Q1-04224,2023-02-13,1487,491.47,Phone
Q1-04225,2023-03-28,2436,64.07,Online
Q1-04226,2023-03-14,4840,176.27,Online
Q1-04227,2023-03-04,1343,19.47,Phone
Q1-04228,2023-01-11,1981,439.11,Phone
Q1-04229,2023-02-23,4655,447.96,In-Store
Q1-04230,2023-02-28,2464,59.02,In-Store
Q1-04231,2023-02-11,3037,204.5,Phone
Q1-04232,2023-01-09,2584,250.03,Online
Q1-04233,2023-02-14,2976,292.34,Online
Q1-04234,2023-01-11,2721,328.67,Online
Q1-04235,2023-03-02,1661,242.16,Phone
Q1-04236,2023-03-09,2489,367.07,Phone
Q1-04237,2023-02-17,3009,368.57,In-Store
Q1-04238,2023-02-16,4370,138.82,Phone
Q1-04239,2023-01-19,4457,28.33,Online
Q1-04240,2023-03-31,2998,483.74,In-Store
Q1-04241,2023-01-21,4213,339.66,Online
Q1-04242,2023-03-28,1317,16.45,Phone
Q1-04243,2023-01-04,1616,355.89,Phone
Q1-04244,2023-01-13,2001,481.54,In-Store
Q1-04245,2023-01-26,1100,77.99,Online
Q1-04246,2023-03-02,3522,460.49,Phone
Q1-04247,2023-01-14,2577,64.55,Online
Q1-04248,2023-03-09,1092,50.41,In-Store
Q1-04249,2023-03-04,4204,227.62,In-Store
Q1-04250,2023-01-14,2295,54.51,Online
Q1-04251,2023-01-31,4879,498.07,In-Store
Q1-04252,2023-03-15,3370,34.07,In-Store
Q1-04253,2023-01-10,4955,418.27,Phone
Q1-04254,2023-03-12,4896,307.2,Phone
Q1-04255,2023-03-04,584,437.8,Online
Q1-04256,2023-02-27,3972,410.15,Online
Q1-04257,2023-02-16,4809,352.75,Online
Q1-04258,2023-01-10,3268,339.53,In-Store
Q1-04259,2023-01-14,4023,74.04,In-Store
Q1-04260,2023-03-24,1688,60.15,Phone
Q1-04261,2023-03-05,130,164.65,Phone
Q1-04262,2023-01-07,2577,204.41,In-Store
Q1-04263,2023-01-16,2285,205.19,Phone
Q1-04264,2023-02-13,2222,486.53,In-Store
Q1-04265,2023-03-21,4093,238.32,Online
Q1-04266,2023-03-18,897,256.04,In-Store
Q1-04267,2023-02-02,1117,14.18,Phone
Q1-04268,2023-01-11,3799,300.31,Online
Q1-04269,2023-03-04,1041,410.31,Online
Q1-04270,2023-03-17,1750,490.96,Online
Q1-04271,2023-01-12,2669,495.92,In-Store
Q1-04272,2023-01-29,4316,368.01,Online
Q1-04273,2023-01-12,1046,224.03,In-Store
Q1-04274,2023-01-07,3630,346.35,Online
Q1-04275,2023-01-05,3149,184.51,Online
Q1-04276,2023-03-15,109,369.4,Online
Q1-04277,2023-01-10,4680,18.43,Phone
Q1-04278,2023-02-27,248,150.66,Phone
Q1-04279,2023-02-14,4149,23.11,Online
Q1-04280,2023-01-08,2957,96.26,Phone
Q1-04281,2023-03-21,3542,202.7,Phone
Q1-04282,2023-03-22,213,337.57,Phone
Q1-04283,2023-03-26,4229,492.24,In-Store
Q1-04284,2023-03-22,1285,117.56,In-Store
Q1-04285,2023-01-12,301,248.84,In-Store
Q1-04286,2023-02-06,4164,266.48,Phone
Q1-04287,2023-01-20,3746,315.46,In-Store
Q1-04288,2023-02-09,2063,188.55,In-Store
Q1-04289,2023-03-14,1990,464.74,Phone
Q1-04290,2023-03-15,648,207.72,Phone
Q1-04291,2023-01-21,2687,295.26,In-Store
Q1-04292,2023-02-05,4577,463.3,In-Store
Q1-04293,2023-01-27,126,290.88,Phone
Q1-04294,2023-02-12,2383,84.71,In-Store
Q1-04295,2023-03-30,2405,347.86,Phone
Q1-04296,2023-03-23,414,456.8,Phone
Q1-04297,2023-02-02,3928,384.82,Phone
Q1-04298,2023-03-10,3727,448.81,Phone
Q1-04299,2023-02-05,1879,209.0,Phone
Q1-04300,2023-03-10,985,193.19,Phone
Q1-04301,2023-03-14,2015,146.89,Phone
Q1-04302,2023-01-31,4594,496.31,Online
Q1-04303,2023-02-11,1134,181.78,In-Store
Q1-04304,2023-03-10,4076,257.88,Phone
Q1-04305,2023-03-15,2664,286.78,Phone
Q1-04306,2023-03-07,1297,286.82,In-Store
Q1-04307,2023-02-06,2388,496.63,Online
Q1-04308,2023-01-30,4865,259.7,Online
Q1-04309,2023-01-07,2571,96.52,Phone
Q1-04310,2023-02-21,3261,302.02,In-Store
Q1-04311,2023-01-09,2612,300.6,In-Store
Q1-04312,2023-03-18,2771,218.15,Phone
Q1-04313,2023-03-31,550,48.17,In-Store
Q1-04314,2023-01-10,2915,491.45,Online
Q1-04315,2023-01-02,4820,86.99,Phone
Q1-04316,2023-03-22,4461,20.36,In-Store
Q1-04317,2023-01-22,933,208.96,In-Store
Q1-04318,2023-01-06,4874,59.79,Online
Q1-04319,2023-01-31,3829,474.15,In-Store
Q1-04320,2023-02-15,1163,419.87,Phone
Q1-04321,2023-01-04,3993,315.78,Online
Q1-04322,2023-01-15,2570,217.9,Phone
Q1-04323,2023-02-04,4061,107.76,Phone
Q1-04324,2023-01-25,2822,112.03,Online
Q1-04325,2023-03-17,2747,396.56,Online
Q1-04326,2023-03-05,365,393.63,In-Store
Q1-04327,2023-02-13,4190,323.34,In-Store
Q1-04328,2023-02-08,4716,347.69,In-Store
Q1-04329,2023-03-28,2181,106.39,In-Store
Q1-04330,2023-01-27,1999,109.96,Phone
Q1-04331,2023-03-07,2062,163.96,In-Store
Q1-04332,2023-03-10,2872,268.86,Phone
Q1-04333,2023-03-21,1599,41.12,Online
Q1-04334,2023-01-29,3194,181.08,Online
Q1-04335,2023-03-07,2971,45.62,Online
Q1-04336,2023-02-22,128,315.09,In-Store
Q1-04337,2023-02-09,2368,495.62,Online
Q1-04338,2023-02-19,4818,498.52,In-Store
Q1-04339,2023-02-15,1923,439.62,In-Store
Q1-04340,2023-01-24,126,236.77,In-Store
Q1-04341,2023-03-06,4070,263.67,Phone
Q1-04342,2023-03-20,1447,469.78,In-Store
Q1-04343,2023-02-14,1510,302.83,Online
Q1-04344,2023-01-24,1318,442.26,In-Store
Q1-04345,2023-03-08,4410,132.91,In-Store
Q1-04346,2023-03-03,3357,342.62,Phone
Q1-04347,2023-01-15,489,393.03,Phone
Q1-04348,2023-02-12,4151,255.89,Phone
Q1-04349,2023-02-14,4486,285.74,In-Store
Q1-04350,2023-02-14,4520,308.33,In-Store
Q1-04351,2023-01-17,705,232.65,Phone
Q1-04352,2023-03-21,153,378.64,Online
Q1-04353,2023-01-25,4685,30.02,In-Store
Q1-04354,2023-01-25,635,344.93,Phone
Q1-04355,2023-02-17,2350,398.68,Phone
Q1-04356,2023-01-22,203,379.91,Online
Q1-04357,2023-02-19,2314,420.18,Online
Q1-04358,2023-01-02,3005,275.23,Phone
Q1-04359,2023-03-16,3560,243.43,Phone
Q1-04360,2023-02-10,715,381.14,In-Store
Q1-04361,2023-03-26,2521,407.19,In-Store
Q1-04362,2023-03-01,2606,27.81,Online
Q1-04363,2023-03-29,1760,151.07,Online
Q1-04364,2023-03-14,1681,91.47,Online
Q1-04365,2023-01-28,1485,397.7,Phone
Q1-04366,2023-02-02,1752,63.12,Phone
Q1-04367,2023-02-10,312,245.31,In-Store
Q1-04368,2023-03-24,665,400.18,Online
Q1-04369,2023-02-22,2515,254.23,Phone
Q1-04370,2023-01-20,3202,127.66,Phone
Q1-04371,2023-01-01,356,350.47,Phone
Q1-04372,2023-01-15,3132,229.79,In-Store
Q1-04373,2023-01-12,1481,288.41,Online
Q1-04374,2023-01-06,4796,58.26,In-Store
Q1-04375,2023-03-03,3007,19.19,Phone
Q1-04376,2023-02-01,651,485.49,Online
Q1-04377,2023-01-10,1145,161.79,Phone
Q1-04378,2023-02-18,641,114.61,In-Store
Q1-04379,2023-03-09,55,115.49,In-Store
Q1-04380,2023-01-02,3565,297.15,In-Store
Q1-04381,2023-01-09,522,388.85,Phone
Q1-04382,2023-02-16,4691,68.57,Phone
Q1-04383,2023-02-11,2632,33.86,Online
Q1-04384,2023-01-03,628,336.0,Phone
Q1-04385,2023-01-03,4207,142.93,Phone
Q1-04386,2023-03-11,2146,271.26,Online
Q1-04387,2023-02-06,129,379.64,Online
Q1-04388,2023-03-04,4421,313.53,In-Store
Q1-04389,2023-03-28,3973,431.93,Online
Q1-04390,2023-02-02,2536,337.55,In-Store
Q1-04391,2023-02-19,2498,269.52,Phone
Q1-04392,2023-02-18,1859,77.18,In-Store
Q1-04393,2023-02-25,1556,295.31,Online
Q1-04394,2023-02-08,346,421.28,Phone
Q1-04395,2023-03-09,4636,43.86,In-Store
Q1-04396,2023-02-03,1459,198.58,Phone
Q1-04397,2023-02-22,1122,416.19,Online
Q1-04398,2023-02-25,4082,189.12,Phone
Q1-04399,2023-01-19,2140,370.88,In-Store
Q1-04400,2023-01-20,782,204.53,In-Store
Q1-04401,2023-03-08,4632,100.79,Phone
Q1-04402,2023-02-23,2481,128.72,In-Store
Q1-04403,2023-03-16,2743,43.05,In-Store
Q1-04404,2023-03-28,4153,308.41,In-Store
Q1-04405,2023-03-28,4314,85.35,In-Store
Q1-04406,2023-01-27,3554,272.83,Phone
Q1-04407,2023-03-12,4178,355.34,In-Store
Q1-04408,2023-01-25,4441,338.09,In-Store
Q1-04409,2023-01-20,118,367.07,Online
Q1-04410,2023-01-01,826,112.53,Online
Q1-04411,2023-03-01,4396,311.42,Online
Q1-04412,2023-02-10,3810,135.44,In-Store
Q1-04413,2023-02-27,2525,399.6,In-Store
Q1-04414,2023-01-17,3004,417.38,Phone
Q1-04415,2023-01-05,319,319.74,Phone
Q1-04416,2023-03-20,3374,292.03,Phone
Q1-04417,2023-01-11,3194,150.86,Online
Q1-04418,2023-03-13,1648,472.04,In-Store
Q1-04419,2023-01-31,3902,276.24,Phone
Q1-04420,2023-02-16,4211,496.51,In-Store
Q1-04421,2023-03-11,2819,44.73,Online
Q1-04422,2023-01-15,3836,311.11,Phone
Q1-04423,2023-03-31,391,418.3,Online
Q1-04424,2023-01-05,244,414.9,Online
Q1-04425,2023-01-02,1610,142.3,Online
Q1-04426,2023-03-27,1990,22.2,Phone
Q1-04427,2023-02-01,507,385.5,Online
Q1-04428,2023-02-26,440,228.67,Online
Q1-04429,2023-03-05,1166,409.62,Online
Q1-04430,2023-02-05,3628,262.14,Phone
Q1-04431,2023-02-15,1896,11.0,In-Store
Q1-04432,2023-03-03,1880,221.15,Phone
Q1-04433,2023-01-25,403,232.13,Phone
Q1-04434,2023-02-02,3571,270.85,Online
Q1-04435,2023-02-03,2664,214.05,Online
Q1-04436,2023-01-07,4324,291.79,In-Store
Q1-04437,2023-02-13,383,226.81,Online
Q1-04438,2023-03-09,1043,318.94,In-Store
Q1-04439,2023-02-28,802,71.03,In-Store
Q1-04440,2023-03-23,4216,183.87,In-Store
Q1-04441,2023-01-25,2043,357.35,Phone
Q1-04442,2023-01-01,1702,292.6,Online
Q1-04443,2023-03-19,2468,246.79,In-Store
Q1-04444,2023-02-11,328,251.82,Phone
Q1-04445,2023-02-13,2873,494.71,Online
Q1-04446,2023-02-17,2966,6.6,Phone
Q1-04447,2023-01-26,1176,420.75,Online
Q1-04448,2023-02-18,3307,407.1,In-Store
Q1-04449,2023-03-06,3065,448.39,In-Store
Q1-04450,2023-01-29,1895,52.75,Phone
Q1-04451,2023-01-06,2229,163.63,Online
Q1-04452,2023-01-28,2870,483.46,Online
Q1-04453,2023-03-10,1543,334.91,Online
Q1-04454,2023-02-01,3621,467.85,Online
Q1-04455,2023-03-23,4075,50.91,Online
Q1-04456,2023-01-08,2853,235.35,Online
Q1-04457,2023-03-09,2016,255.09,Online
Q1-04458,2023-01-20,163,34.75,Phone
Q1-04459,2023-01-09,4556,371.65,In-Store
Q1-04460,2023-03-23,1622,176.63,Online
Q1-04461,2023-02-25,1962,31.8,Phone
Q1-04462,2023-01-28,1755,292.8,In-Store
Q1-04463,2023-01-04,140,151.94,Online
Q1-04464,2023-02-12,2655,290.24,Online
Q1-04465,2023-03-11,3358,142.61,Phone
Q1-04466,2023-03-16,874,492.1,In-Store
Q1-04467,2023-03-01,1348,366.55,Phone
Q1-04468,2023-03-24,4545,306.18,In-Store
Q1-04469,2023-03-07,2426,13.8,Online
Q1-04470,2023-02-03,1236,234.23,Phone
Q1-04471,2023-02-09,7,297.46,Online
Q1-04472,2023-01-30,3707,467.75,Phone
Q1-04473,2023-03-04,405,84.05,In-Store
Q1-04474,2023-03-27,4986,495.19,Online
Q1-04475,2023-01-03,2275,197.0,Online
Q1-04476,2023-02-18,2941,46.87,In-Store
Q1-04477,2023-01-07,906,40.79,In-Store
Q1-04478,2023-02-10,3151,251.41,Phone
Q1-04479,2023-01-27,416,411.38,Online
Q1-04480,2023-03-20,3325,63.64,Phone
Q1-04481,2023-03-20,135,457.39,Phone
Q1-04482,2023-02-15,260,244.16,In-Store
Q1-04483,2023-03-18,4847,63.96,Phone
Q1-04484,2023-01-19,2103,203.62,In-Store
Q1-04485,2023-02-10,2260,216.79,Online
Q1-04486,2023-02-19,151,308.95,Phone
Q1-04487,2023-02-17,1115,93.92,In-Store
Q1-04488,2023-01-02,3552,377.66,Online
Q1-04489,2023-03-29,4406,346.89,In-Store
Q1-04490,2023-02-28,68,490.0,Online
Q1-04491,2023-03-31,3259,34.64,Online
Q1-04492,2023-03-30,2634,254.59,Online
Q1-04493,2023-01-29,4323,26.85,In-Store
Q1-04494,2023-03-11,4606,494.71,In-Store
Q1-04495,2023-03-03,4032,498.25,In-Store
Q1-04496,2023-02-05,2830,120.12,In-Store
Q1-04497,2023-01-17,2720,372.77,In-Store
Q1-04498,2023-01-19,2889,379.94,Online
Q1-04499,2023-02-22,1884,291.52,Online
Q1-04500,2023-01-09,881,466.79,Online
Q1-04501,2023-01-02,849,250.53,Phone
Q1-04502,2023-03-02,1320,442.51,In-Store
Q1-04503,2023-03-04,710,132.17,Online
Q1-04504,2023-01-04,255,178.53,Online
Q1-04505,2023-01-07,4724,453.59,In-Store
Q1-04506,2023-02-18,2825,461.58,In-Store
Q1-04507,2023-03-06,1062,309.0,Online
Q1-04508,2023-01-29,1138,269.55,In-Store
Q1-04509,2023-03-19,724,401.13,Online
Q1-04510,2023-01-27,3806,296.31,Online
Q1-04511,2023-01-17,2748,38.05,In-Store
Q1-04512,2023-03-09,1268,363.9,Online
Q1-04513,2023-03-11,177,42.34,Phone
Q1-04514,2023-03-11,472,87.55,Phone
Q1-04515,2023-01-23,894,299.68,In-Store
Q1-04516,2023-03-07,4633,418.22,In-Store
Q1-04517,2023-03-14,3472,404.83,Online
Q1-04518,2023-02-02,3500,75.33,Online
Q1-04519,2023-01-11,4720,423.22,Phone
Q1-04520,2023-03-15,1642,17.91,Online
Q1-04521,2023-01-15,4134,393.16,Online
Q1-04522,2023-03-10,1023,155.62,Phone
Q1-04523,2023-03-01,3724,181.57,Phone
Q1-04524,2023-03-28,825,430.92,Phone
Q1-04525,2023-02-16,2898,303.31,Online
Q1-04526,2023-01-28,475,36.82,In-Store
Q1-04527,2023-02-03,136,166.87,Phone
Q1-04528,2023-03-11,2435,433.24,In-Store
Q1-04529,2023-01-19,1939,367.57,Online
Q1-04530,2023-02-13,4531,344.62,Online
Q1-04531,2023-03-12,313,499.58,Online
Q1-04532,2023-01-08,4945,99.12,In-Store
Q1-04533,2023-02-04,2174,83.19,In-Store
Q1-04534,2023-02-11,2324,262.42,Online
Q1-04535,2023-01-31,3750,61.21,In-Store
Q1-04536,2023-03-07,2472,386.68,In-Store
Q1-04537,2023-02-19,2500,330.04,In-Store
Q1-04538,2023-02-19,48,374.45,Phone
Q1-04539,2023-02-09,3230,454.34,Online
Q1-04540,2023-01-22,2474,356.13,Online
Q1-04541,2023-03-30,1156,218.9,Phone
Q1-04542,2023-01-23,996,219.91,In-Store
Q1-04543,2023-03-23,4467,255.07,In-Store
Q1-04544,2023-01-15,2399,199.23,In-Store
Q1-04545,2023-01-06,3448,489.59,In-Store
Q1-04546,2023-03-20,2343,379.7,Online
Q1-04547,2023-01-01,3331,289.35,In-Store
Q1-04548,2023-03-23,1353,165.21,Phone
Q1-04549,2023-03-02,398,377.59,Phone
Q1-04550,2023-03-05,1293,28.39,In-Store
Q1-04551,2023-03-11,2031,79.37,Phone
Q1-04552,2023-01-02,4983,132.26,Online
Q1-04553,2023-02-25,4743,107.57,Online
Q1-04554,2023-03-17,3400,30.48,Phone
Q1-04555,2023-01-17,1344,202.14,Online
Q1-04556,2023-03-10,2350,410.21,In-Store
Q1-04557,2023-03-30,759,314.66,Online
Q1-04558,2023-02-09,2975,243.56,Online
Q1-04559,2023-01-03,2309,427.43,Online
Q1-04560,2023-01-20,4372,486.54,Online
Q1-04561,2023-01-24,1866,37.87,In-Store
Q1-04562,2023-02-08,3132,392.98,In-Store
Q1-04563,2023-01-23,1545,119.07,In-Store
Q1-04564,2023-02-25,4888,66.07,Online
Q1-04565,2023-03-07,3736,274.88,Phone
Q1-04566,2023-02-05,790,286.98,Phone
Q1-04567,2023-01-18,2060,130.86,Phone
Q1-04568,2023-01-09,3225,61.16,Phone
Q1-04569,2023-03-02,4790,62.87,In-Store
Q1-04570,2023-01-16,3605,150.21,Online
Q1-04571,2023-03-17,543,290.66,Phone
Q1-04572,2023-01-02,952,468.23,In-Store
Q1-04573,2023-03-28,432,478.4,In-Store
Q1-04574,2023-02-11,2147,182.06,Online
Q1-04575,2023-02-09,3594,225.71,Online
Q1-04576,2023-01-20,4250,131.84,In-Store
Q1-04577,2023-03-14,285,251.01,In-Store
Q1-04578,2023-01-12,2353,316.16,Online
Q1-04579,2023-01-27,1216,269.03,Phone
Q1-04580,2023-02-19,1009,264.27,Phone
Q1-04581,2023-01-17,3995,202.16,Online
Q1-04582,2023-01-29,1904,276.93,Phone
Q1-04583,2023-01-21,2689,381.93,Online
Q1-04584,2023-02-25,2458,458.58,In-Store
Q1-04585,2023-03-29,743,188.22,In-Store
Q1-04586,2023-01-15,3569,92.52,Online
Q1-04587,2023-03-05,291,214.94,Phone
Q1-04588,2023-03-29,4750,487.88,Online
Q1-04589,2023-02-25,4081,27.75,Online
Q1-04590,2023-03-02,4157,340.78,Phone
Q1-04591,2023-01-29,3919,465.67,Phone
Q1-04592,2023-01-03,189,150.48,Online
Q1-04593,2023-02-24,218,435.29,In-Store
Q1-04594,2023-02-13,4575,85.35,Phone
Q1-04595,2023-03-01,4178,76.65,Phone
Q1-04596,2023-03-20,1891,280.96,In-Store
Q1-04597,2023-02-01,162,414.45,Phone
Q1-04598,2023-01-05,2169,164.47,Online
Q1-04599,2023-01-21,1247,387.84,Online
Q1-04600,2023-03-07,4674,480.27,Phone
Q1-04601,2023-03-02,2820,277.1,Phone
Q1-04602,2023-01-19,3280,118.78,Phone
Q1-04603,2023-03-02,950,312.78,Phone
Q1-04604,2023-03-19,1653,145.46,Phone
Q1-04605,2023-01-13,4981,194.92,Phone
Q1-04606,2023-01-23,1607,481.79,Phone
Q1-04607,2023-01-11,4248,453.62,Online
Q1-04608,2023-02-09,3660,264.82,Phone
Q1-04609,2023-03-20,2259,73.02,Online
Q1-04610,2023-02-23,686,318.92,Phone
Q1-04611,2023-02-20,4097,73.36,Phone
Q1-04612,2023-02-02,4402,199.09,In-Store
Q1-04613,2023-02-11,995,36.35,Phone
Q1-04614,2023-01-07,1823,307.18,Online
Q1-04615,2023-01-23,3825,439.39,In-Store
Q1-04616,2023-02-26,3284,391.3,In-Store
Q1-04617,2023-03-14,4949,415.05,Online
Q1-04618,2023-02-10,720,206.28,Online
Q1-04619,2023-02-12,3535,217.16,Online
Q1-04620,2023-03-30,2074,463.16,In-Store
Q1-04621,2023-02-13,4989,484.51,Online
Q1-04622,2023-02-02,1682,8.7,Online
Q1-04623,2023-02-18,547,101.41,In-Store
Q1-04624,2023-01-09,2235,371.83,Online
Q1-04625,2023-03-11,2681,111.1,Online
Q1-04626,2023-01-21,2136,101.26,In-Store
Q1-04627,2023-03-29,1811,264.14,Phone
Q1-04628,2023-02-21,2515,29.58,In-Store
Q1-04629,2023-03-05,3332,235.22,Phone
Q1-04630,2023-02-05,1351,499.72,In-Store
Q1-04631,2023-02-05,344,296.98,Phone
Q1-04632,2023-02-11,3554,237.5,Phone
Q1-04633,2023-03-09,3239,258.11,Online
Q1-04634,2023-03-06,4715,422.44,In-Store
Q1-04635,2023-03-03,4638,74.68,Phone
Q1-04636,2023-01-11,1700,71.08,In-Store
Q1-04637,2023-03-06,3434,102.96,In-Store
Q1-04638,2023-03-21,4489,177.44,Phone
Q1-04639,2023-01-14,985,256.92,Phone
Q1-04640,2023-03-03,1810,369.61,Phone
Q1-04641,2023-03-27,893,228.05,Phone
Q1-04642,2023-03-29,3121,404.34,Phone
Q1-04643,2023-01-24,765,185.75,Phone
Q1-04644,2023-01-09,2959,171.08,In-Store
Q1-04645,2023-03-21,2087,303.2,In-Store
Q1-04646,2023-01-20,1459,61.42,Phone
Q1-04647,2023-02-19,1107,421.67,In-Store
Q1-04648,2023-03-29,683,144.11,In-Store
Q1-04649,2023-02-27,3453,152.63,Phone
Q1-04650,2023-01-02,1425,491.18,In-Store
Q1-04651,2023-03-03,2044,292.79,In-Store
Q1-04652,2023-01-20,4242,470.09,Online
Q1-04653,2023-01-15,2602,36.22,In-Store
Q1-04654,2023-02-22,1476,443.03,Online
Q1-04655,2023-02-14,2724,158.82,Phone
Q1-04656,2023-01-27,1526,28.67,Online
Q1-04657,2023-02-17,2052,64.17,Online
Q1-04658,2023-02-20,1503,57.99,In-Store
Q1-04659,2023-02-15,3506,212.22,Online
Q1-04660,2023-01-21,1897,298.83,Phone
Q1-04661,2023-03-02,3734,324.67,In-Store
Q1-04662,2023-01-07,2348,297.43,In-Store
Q1-04663,2023-01-12,3803,57.29,Phone
Q1-04664,2023-02-10,675,6.83,Phone
Q1-04665,2023-01-23,1196,418.19,Online
Q1-04666,2023-01-28,2058,206.88,In-Store
Q1-04667,2023-02-03,3242,301.84,Online
Q1-04668,2023-01-22,2995,140.36,Phone
Q1-04669,2023-02-08,1061,332.12,In-Store
Q1-04670,2023-03-21,3148,103.46,In-Store
Q1-04671,2023-03-15,2904,141.8,In-Store
Q1-04672,2023-03-02,4791,349.74,Phone
Q1-04673,2023-02-02,4671,263.55,Phone
Q1-04674,2023-02-09,2427,440.79,Phone
Q1-04675,2023-01-30,76,299.71,In-Store
Q1-04676,2023-01-01,3676,165.9,In-Store
Q1-04677,2023-03-10,4955,172.54,Phone
Q1-04678,2023-02-03,4254,439.84,In-Store
Q1-04679,2023-01-22,3875,282.39,In-Store
Q1-04680,2023-03-10,3693,325.86,Phone
Q1-04681,2023-02-16,2329,327.02,In-Store
Q1-04682,2023-01-09,4650,67.66,Online
Q1-04683,2023-03-10,907,110.39,Online
Q1-04684,2023-03-01,4793,66.34,Phone
Q1-04685,2023-01-05,543,255.59,In-Store
Q1-04686,2023-01-11,2649,251.37,Phone
Q1-04687,2023-01-19,278,181.69,Phone
Q1-04688,2023-03-08,764,366.66,Online
Q1-04689,2023-01-11,2887,197.82,In-Store
Q1-04690,2023-01-22,2878,384.2,Phone
Q1-04691,2023-02-12,3898,265.73,In-Store
Q1-04692,2023-01-19,2324,129.1,Phone
Q1-04693,2023-03-04,2728,438.29,Phone
Q1-04694,2023-03-03,3089,74.65,In-Store
Q1-04695,2023-01-20,1632,163.43,Phone
Q1-04696,2023-02-04,4996,38.35,Online
Q1-04697,2023-02-19,4243,233.7,Online
Q1-04698,2023-01-13,2585,258.29,Phone
Q1-04699,2023-03-15,3639,221.47,In-Store
Q1-04700,2023-03-10,575,355.02,Online
Q1-04701,2023-01-03,3612,203.74,Phone
Q1-04702,2023-02-02,1096,417.28,Online
Q1-04703,2023-01-01,4955,390.26,Online
Q1-04704,2023-03-31,1452,176.36,Online
Q1-04705,2023-01-09,158,397.89,Online
Q1-04706,2023-03-10,4220,210.03,Online
Q1-04707,2023-02-06,4290,348.56,In-Store
Q1-04708,2023-01-21,7,153.52,Phone
Q1-04709,2023-02-11,2942,91.94,In-Store
Q1-04710,2023-03-10,4491,89.19,Phone
Q1-04711,2023-03-28,1753,486.01,In-Store
Q1-04712,2023-01-01,4868,416.27,Online
Q1-04713,2023-01-19,21,379.14,Phone
Q1-04714,2023-03-18,3962,293.02,Phone
Q1-04715,2023-01-18,2448,217.67,Phone
Q1-04716,2023-01-16,1232,399.6,Online
Q1-04717,2023-02-17,4764,143.9,In-Store
Q1-04718,2023-03-24,2925,209.85,In-Store
Q1-04719,2023-01-27,4889,145.22,In-Store
Q1-04720,2023-01-22,2544,385.67,Phone
Q1-04721,2023-01-19,997,94.64,Online
Q1-04722,2023-01-05,3134,125.31,In-Store
Q1-04723,2023-02-21,1739,249.78,Phone
Q1-04724,2023-01-24,2067,451.56,Phone
Q1-04725,2023-01-01,66,227.97,In-Store
Q1-04726,2023-02-02,2568,331.37,Online
Q1-04727,2023-01-07,2939,398.63,In-Store
Q1-04728,2023-02-15,4074,207.52,Online
Q1-04729,2023-01-20,4392,10.81,In-Store
Q1-04730,2023-02-03,2610,181.86,In-Store
Q1-04731,2023-01-19,1860,341.23,Online
Q1-04732,2023-02-07,3646,229.0,Online
Q1-04733,2023-01-09,3899,258.11,Phone
Q1-04734,2023-01-09,3057,258.32,In-Store
Q1-04735,2023-02-19,2881,498.2,In-Store
Q1-04736,2023-02-14,2076,354.28,Phone
Q1-04737,2023-03-05,1257,448.4,Online
Q1-04738,2023-01-31,3503,450.66,In-Store
Q1-04739,2023-02-15,765,330.04,Phone
Q1-04740,2023-01-06,849,233.66,In-Store
Q1-04741,2023-01-06,1478,103.79,In-Store
Q1-04742,2023-01-25,2196,397.73,Phone
Q1-04743,2023-02-20,2323,480.94,Phone
Q1-04744,2023-03-26,4116,462.64,Online
Q1-04745,2023-02-26,4391,470.96,Phone
Q1-04746,2023-01-04,4021,65.94,In-Store
Q1-04747,2023-01-07,1964,156.17,Online
Q1-04748,2023-03-13,2795,345.84,In-Store
Q1-04749,2023-01-18,954,12.32,In-Store
Q1-04750,2023-02-10,2204,111.47,In-Store
Q1-04751,2023-01-07,3902,217.38,Phone
Q1-04752,2023-01-24,1774,368.54,In-Store
Q1-04753,2023-02-07,1418,112.93,In-Store
Q1-04754,2023-02-15,1056,429.69,Online
Q1-04755,2023-01-11,2118,415.59,In-Store
Q1-04756,2023-03-13,3615,345.43,Online
Q1-04757,2023-01-29,2732,86.83,In-Store
Q1-04758,2023-03-29,4746,138.15,In-Store
Q1-04759,2023-01-10,3276,427.84,In-Store
Q1-04760,2023-01-07,4309,17.2,In-Store
Q1-04761,2023-01-15,2010,450.8,Phone
Q1-04762,2023-02-14,4442,338.53,In-Store
Q1-04763,2023-01-24,3252,485.11,Online
Q1-04764,2023-03-12,855,100.48,Phone
Q1-04765,2023-03-11,2508,26.6,Online
Q1-04766,2023-03-21,4297,277.99,In-Store
Q1-04767,2023-02-06,4089,344.66,Phone
Q1-04768,2023-02-01,765,419.11,In-Store
Q1-04769,2023-03-29,1521,472.6,Phone
Q1-04770,2023-01-11,4972,231.56,Online
Q1-04771,2023-01-29,4019,243.29,Online
Q1-04772,2023-01-11,2232,78.22,Online
Q1-04773,2023-03-31,3098,398.4,Online
Q1-04774,2023-02-21,2540,162.94,Online
Q1-04775,2023-03-03,3088,249.61,Phone
Q1-04776,2023-03-09,1944,436.1,In-Store
Q1-04777,2023-03-24,4774,86.65,In-Store
Q1-04778,2023-01-09,1633,301.81,In-Store
Q1-04779,2023-02-04,1814,88.14,Phone
Q1-04780,2023-02-07,2466,330.86,In-Store
Q1-04781,2023-03-20,4607,33.43,In-Store
Q1-04782,2023-02-22,447,320.0,In-Store
Q1-04783,2023-02-06,3411,381.67,Phone
Q1-04784,2023-02-01,4203,201.79,Online
Q1-04785,2023-02-11,25,336.43,Online
Q1-04786,2023-02-12,3985,393.83,In-Store
Q1-04787,2023-03-14,1420,498.89,Online
Q1-04788,2023-01-28,3198,148.32,Online
Q1-04789,2023-03-21,4161,461.55,In-Store
Q1-04790,2023-03-22,1749,489.05,In-Store
Q1-04791,2023-01-01,4492,499.63,Online
Q1-04792,2023-02-26,2344,134.97,Phone
Q1-04793,2023-03-23,1488,93.36,Online
Q1-04794,2023-02-28,4521,315.38,In-Store
Q1-04795,2023-01-04,2905,284.23,Phone
Q1-04796,2023-03-21,153,487.81,Online
Q1-04797,2023-01-10,1045,324.31,Phone
Q1-04798,2023-01-25,3222,286.34,In-Store
Q1-04799,2023-03-11,1385,96.63,Phone
Q1-04800,2023-02-07,826,50.83,Online
Q1-04801,2023-02-24,1923,437.38,Online
Q1-04802,2023-02-20,125,237.27,Online
Q1-04803,2023-03-08,4105,34.57,In-Store
Q1-04804,2023-03-31,473,82.28,Online
Q1-04805,2023-01-11,2459,323.82,In-Store
Q1-04806,2023-03-21,3237,186.9,Online
Q1-04807,2023-03-24,2408,301.24,In-Store
Q1-04808,2023-01-12,1650,219.89,Phone
Q1-04809,2023-02-09,2621,33.61,Online
Q1-04810,2023-02-10,4256,348.99,Online
Q1-04811,2023-01-24,2956,380.29,Online
Q1-04812,2023-02-20,683,341.01,In-Store
Q1-04813,2023-02-05,1166,327.14,Phone
Q1-04814,2023-03-24,1600,437.21,Online
Q1-04815,2023-02-12,850,137.11,Online
Q1-04816,2023-02-24,4306,486.82,Phone
Q1-04817,2023-03-13,792,17.24,Online
Q1-04818,2023-01-17,3002,312.88,Online
Q1-04819,2023-01-02,1638,384.98,Online
Q1-04820,2023-01-17,4539,53.08,Online
Q1-04821,2023-02-16,4665,95.96,Online
Q1-04822,2023-01-24,31,465.91,Phone
Q1-04823,2023-02-19,2028,370.07,Phone
Q1-04824,2023-01-16,4420,354.72,Online
Q1-04825,2023-03-25,2266,144.46,In-Store
Q1-04826,2023-03-07,39,244.03,Online
Q1-04827,2023-03-23,787,259.23,Phone
Q1-04828,2023-01-29,2259,374.44,Phone
Q1-04829,2023-01-12,2827,479.1,Online
Q1-04830,2023-03-25,4516,433.77,In-Store
Q1-04831,2023-02-16,1571,465.77,Phone
Q1-04832,2023-02-18,1377,210.84,Phone
Q1-04833,2023-03-20,2227,394.45,In-Store
Q1-04834,2023-03-22,1370,338.36,Phone
Q1-04835,2023-01-26,1524,93.1,Online
Q1-04836,2023-01-11,308,490.54,Online
Q1-04837,2023-02-15,2696,71.18,Online
Q1-04838,2023-02-27,4840,318.88,Phone
Q1-04839,2023-03-20,1855,32.07,Online
Q1-04840,2023-03-27,4576,246.3,In-Store
Q1-04841,2023-03-07,2668,77.26,In-Store
Q1-04842,2023-03-22,2169,62.9,Phone
Q1-04843,2023-02-12,1643,192.5,In-Store
Q1-04844,2023-03-05,3868,105.53,In-Store
Q1-04845,2023-03-03,1026,337.78,Phone
Q1-04846,2023-02-28,4357,420.43,In-Store
Q1-04847,2023-03-11,2006,359.66,Phone
Q1-04848,2023-02-01,2321,399.1,In-Store
Q1-04849,2023-02-27,4256,316.92,Phone
Q1-04850,2023-02-11,2562,463.86,Online
Q1-04851,2023-02-21,2089,445.31,Online
Q1-04852,2023-01-23,2451,290.32,In-Store
Q1-04853,2023-02-25,717,291.33,In-Store
Q1-04854,2023-02-26,4131,435.12,In-Store
Q1-04855,2023-01-27,2090,236.77,Online
Q1-04856,2023-02-13,775,366.14,Phone
Q1-04857,2023-01-22,4739,497.24,In-Store
Q1-04858,2023-01-21,1903,320.26,Online
Q1-04859,2023-03-11,4209,67.99,Online
Q1-04860,2023-01-11,754,57.21,Phone
Q1-04861,2023-02-18,1845,458.23,Online
Q1-04862,2023-02-28,815,91.25,Phone
Q1-04863,2023-01-06,3187,448.96,In-Store
Q1-04864,2023-03-17,2147,261.23,Phone
Q1-04865,2023-02-19,3745,207.15,In-Store
Q1-04866,2023-02-04,3706,80.26,Online
Q1-04867,2023-01-19,3603,347.11,Phone
Q1-04868,2023-03-30,847,445.99,In-Store
Q1-04869,2023-02-01,3633,282.94,Online
Q1-04870,2023-01-04,703,410.64,In-Store
Q1-04871,2023-01-24,4339,231.82,Online
Q1-04872,2023-03-15,233,302.72,In-Store
Q1-04873,2023-01-22,3516,263.08,Phone
Q1-04874,2023-02-24,4030,104.8,In-Store
Q1-04875,2023-03-02,2923,151.13,Phone
Q1-04876,2023-01-30,1865,378.94,In-Store
Q1-04877,2023-01-27,4911,8.83,Online
Q1-04878,2023-02-01,2416,310.89,Online
Q1-04879,2023-03-29,3657,393.09,Phone
Q1-04880,2023-01-24,49,471.61,Online
Q1-04881,2023-01-09,1676,464.1,Online
Q1-04882,2023-03-30,1394,354.12,In-Store
Q1-04883,2023-02-17,4048,459.0,Phone
Q1-04884,2023-03-24,1330,285.6,In-Store
Q1-04885,2023-02-08,780,396.45,In-Store
Q1-04886,2023-01-15,4269,282.26,Online
Q1-04887,2023-01-15,296,119.07,Phone
Q1-04888,2023-02-27,3713,428.31,In-Store
Q1-04889,2023-03-27,1941,85.19,Online
Q1-04890,2023-01-25,2776,285.64,Phone
Q1-04891,2023-02-24,287,295.79,Phone
Q1-04892,2023-02-12,3461,27.46,Phone
Q1-04893,2023-01-19,3174,228.43,In-Store
Q1-04894,2023-03-23,2296,24.17,In-Store
Q1-04895,2023-01-28,636,188.54,Online
Q1-04896,2023-03-23,3966,142.4,Online
Q1-04897,2023-01-05,2941,56.18,Online
Q1-04898,2023-03-05,4979,141.95,In-Store
Q1-04899,2023-02-20,426,26.65,Online
Q1-04900,2023-01-26,538,113.12,Online
Q1-04901,2023-01-13,3349,155.86,In-Store
Q1-04902,2023-01-12,520,454.69,In-Store
Q1-04903,2023-01-01,2889,230.02,In-Store
Q1-04904,2023-02-28,2477,303.34,Online
Q1-04905,2023-03-03,2940,341.32,Online
Q1-04906,2023-02-03,4645,189.91,Phone
Q1-04907,2023-01-31,3420,216.77,In-Store
Q1-04908,2023-02-20,1394,486.15,Phone
Q1-04909,2023-03-28,1908,69.63,Phone
Q1-04910,2023-01-04,2658,395.78,Phone
Q1-04911,2023-03-28,218,266.52,In-Store
Q1-04912,2023-03-29,413,80.0,In-Store
Q1-04913,2023-03-18,3110,196.83,Phone
Q1-04914,2023-03-17,4942,76.58,Phone
Q1-04915,2023-03-02,1738,228.72,Online
Q1-04916,2023-03-19,656,305.06,In-Store
Q1-04917,2023-03-19,3734,69.41,Online
Q1-04918,2023-03-12,2621,466.88,In-Store
Q1-04919,2023-03-20,3065,494.24,Phone
Q1-04920,2023-01-21,2587,189.25,In-Store
Q1-04921,2023-02-22,3309,262.36,Online
Q1-04922,2023-02-05,2765,206.17,Phone
Q1-04923,2023-01-22,3075,399.08,Phone
Q1-04924,2023-03-16,4226,24.18,In-Store
Q1-04925,2023-02-24,2869,251.92,Online
Q1-04926,2023-03-20,568,324.85,Phone
Q1-04927,2023-01-03,730,373.55,Online
Q1-04928,2023-01-08,3794,177.75,Phone
Q1-04929,2023-02-15,1186,326.32,Phone
Q1-04930,2023-03-20,2847,424.26,Online
Q1-04931,2023-01-22,2882,283.8,Online
Q1-04932,2023-03-11,3546,108.19,Phone
Q1-04933,2023-02-24,4959,314.61,Online
Q1-04934,2023-02-21,2676,16.84,Phone
Q1-04935,2023-01-22,668,328.11,In-Store
Q1-04936,2023-03-14,3104,450.99,Phone
Q1-04937,2023-02-14,4412,497.2,Online
Q1-04938,2023-03-23,1365,22.98,Phone
Q1-04939,2023-03-27,3725,483.58,Online
Q1-04940,2023-02-14,3933,317.22,In-Store
Q1-04941,2023-02-23,3900,363.14,Phone
Q1-04942,2023-01-16,3329,132.05,Online
Q1-04943,2023-01-25,1340,298.8,In-Store
Q1-04944,2023-03-29,2207,198.2,Phone
Q1-04945,2023-03-01,2933,464.33,Online
Q1-04946,2023-03-08,2689,315.45,In-Store
Q1-04947,2023-03-10,3722,30.42,In-Store
Q1-04948,2023-02-27,1419,284.08,Online
Q1-04949,2023-03-26,527,392.57,In-Store
Q1-04950,2023-01-28,1543,304.24,Phone
Q1-04951,2023-02-24,2803,356.45,Phone
Q1-04952,2023-03-04,2225,231.63,Phone
Q1-04953,2023-03-16,932,438.33,Online
Q1-04954,2023-03-21,2743,481.96,Online
Q1-04955,2023-01-08,3913,107.0,Online
Q1-04956,2023-03-22,4856,493.13,In-Store
Q1-04957,2023-01-24,2603,50.07,Online
Q1-04958,2023-03-04,1493,245.16,Online
Q1-04959,2023-03-27,4103,361.62,Phone
Q1-04960,2023-02-01,3274,463.06,In-Store
Q1-04961,2023-03-23,2312,331.87,Phone
Q1-04962,2023-03-31,2020,418.79,In-Store
Q1-04963,2023-03-23,2253,401.96,Online
Q1-04964,2023-02-18,1468,371.69,In-Store
Q1-04965,2023-03-24,1833,92.0,Online
Q1-04966,2023-01-08,938,306.73,Online
Q1-04967,2023-02-05,4208,54.64,Online
Q1-04968,2023-01-15,4729,301.3,Phone
Q1-04969,2023-03-28,630,110.75,Phone
Q1-04970,2023-02-16,3774,255.22,Phone
Q1-04971,2023-02-07,1843,66.17,In-Store
Q1-04972,2023-01-06,2863,31.1,In-Store
Q1-04973,2023-01-06,3627,485.22,Phone
Q1-04974,2023-01-29,2608,17.43,In-Store
Q1-04975,2023-01-22,1461,326.14,In-Store
Q1-04976,2023-02-21,4872,174.4,Phone
Q1-04977,2023-03-11,1583,188.68,Online
Q1-04978,2023-02-16,4180,53.03,Phone
Q1-04979,2023-01-31,3571,316.2,Phone
Q1-04980,2023-02-07,291,364.84,Online
Q1-04981,2023-02-25,2481,115.69,In-Store
Q1-04982,2023-01-22,190,140.94,In-Store
Q1-04983,2023-03-15,2412,288.04,Online
Q1-04984,2023-01-26,2524,377.71,In-Store
Q1-04985,2023-03-20,3533,202.55,Online
Q1-04986,2023-03-05,2068,473.22,In-Store
Q1-04987,2023-01-31,4445,152.96,Online
Q1-04988,2023-03-05,1910,147.64,Online
Q1-04989,2023-03-14,2909,106.05,In-Store
Q1-04990,2023-02-01,2967,212.06,In-Store
Q1-04991,2023-02-24,4563,106.03,Online
Q1-04992,2023-01-24,3798,119.93,In-Store
Q1-04993,2023-03-13,681,368.29,In-Store
Q1-04994,2023-02-08,1207,396.94,In-Store
Q1-04995,2023-01-24,1971,246.66,In-Store
Q1-04996,2023-03-16,3688,140.46,Phone
Q1-04997,2023-03-09,116,336.37,In-Store
Q1-04998,2023-01-01,1532,380.72,In-Store
Q1-04999,2023-03-10,3035,263.05,Phone
Q1-05000,2023-03-24,3313,328.4,Online
